Feha de la Medda,Hora de la Medda,FASE AB,FASE BC,FASE AC,FASE A,FASE B,FASE  C,NEUTRO,POTENA ATVA AB [W],POTENA ATVA B [W],POTENA ATVA  [W],
01/12/2015,00:00:00,416.7,414.2,417.1,0,0,0,,,,0,0
01/12/2015,00:10:00,416.9,414.5,417.3,0,0,0,,,,0,0
01/12/2015,00:20:00,416.2,413.7,416.5,0,0,0,,,,0,0
01/12/2015,00:30:00,416.8,414.5,417.2,0,0,0,,,,0,0
01/12/2015,00:40:00,416.3,414,416.7,0,0,0,,,,0,0
01/12/2015,00:50:00,414.9,412.6,415.3,0,0,0,,,,0,0
01/12/2015,01:00:00,415.3,413.1,415.7,0,0,0,,,,0,0
01/12/2015,01:10:00,415.6,413.3,415.9,0,0,0,,,,0,0
01/12/2015,01:20:00,415.8,413.6,416,0,0,0,,,,0,0
01/12/2015,01:30:00,416,413.7,416.1,0,0,0,,,,0,0
01/12/2015,01:40:00,416.4,414.3,416.6,0,0,0,,,,0,0
01/12/2015,01:50:00,416,414,416.4,0,0,0,,,,0,0
01/12/2015,02:00:00,415.4,413.5,415.8,0,0,0,,,,0,0
01/12/2015,02:10:00,415.8,413.7,416.1,0,0,0,,,,0,0
01/12/2015,02:20:00,415.7,413.8,416.1,0,0,0,,,,0,0
01/12/2015,02:30:00,415.8,414.1,416.3,0,0,0,,,,0,0
01/12/2015,02:40:00,416.4,414.4,416.8,0,0,0,,,,0,0
01/12/2015,02:50:00,416.4,414.3,416.8,0,0,0,,,,0,0
01/12/2015,03:00:00,416.5,414.5,416.9,0,0,0,,,,0,0
01/12/2015,03:10:00,416.5,414.5,416.8,0,0,0,,,,0,0
01/12/2015,03:20:00,416.5,414.5,416.7,0,0,0,,,,0,0
01/12/2015,03:30:00,416.5,414.5,416.8,0,0,0,,,,0,0
01/12/2015,03:40:00,416.2,414.2,416.4,0,0,0,,,,0,0
01/12/2015,03:50:00,416.3,414.3,416.6,0,0,0,,,,0,0
01/12/2015,04:00:00,416.4,414.4,416.7,0,0,0,,,,0,0
01/12/2015,04:10:00,416.7,414.6,416.9,0,0,0,,,,0,0
01/12/2015,04:20:00,416.8,414.9,417.2,0,0,0,,,,0,0
01/12/2015,04:30:00,416.4,414.5,416.8,0,0,0,,,,0,0
01/12/2015,04:40:00,416.3,414.3,416.5,0,0,0,,,,0,0
01/12/2015,04:50:00,415.5,413.5,415.7,0,0,0,,,,0,0
01/12/2015,05:00:00,415.2,413.3,415.4,0,0,0,,,,0,0
01/12/2015,05:10:00,414.6,412.7,415.1,0,0,0,,,,0,0
01/12/2015,05:20:00,414.3,412.4,414.8,0,0,0,,,,0,0
01/12/2015,05:30:00,415,413.3,415.7,0,0,0,,,,0,0
01/12/2015,05:40:00,415.1,413.3,415.9,0,0,0,,,,0,0
01/12/2015,05:50:00,414.9,412.9,415.6,0,0,0,,,,0,0
01/12/2015,06:00:00,414.6,412.7,415.3,0,0,0,,,,0,0
01/12/2015,06:10:00,413.9,411.9,414.7,0,0,0,,,,0,0
01/12/2015,06:20:00,412.7,410.6,413.4,0,0,0,,,,0,0
01/12/2015,06:30:00,412.3,409.9,413,0,0,0,,,,0,0
01/12/2015,06:40:00,412.7,410.6,413.2,0,0,0,,,,0,0
01/12/2015,06:50:00,414.2,412,414.6,0,0,0,,,,0,0
01/12/2015,07:00:00,415.1,413.5,416,0,0,0,,,,0,0
01/12/2015,07:10:00,414.8,413.3,415.6,0,0,0,,,,0,0
01/12/2015,07:20:00,413.8,412.5,414.7,0,0,0,,,,0,0
01/12/2015,07:30:00,414,412.4,414.8,0,0,0,,,,0,0
01/12/2015,07:40:00,414.7,413.1,415.3,0,0.013,0.501,,,,388.7,0.3887
01/12/2015,07:50:00,415.1,413.5,416,1.6,1.264,1.828,,,,1454,1.454
01/12/2015,08:00:00,415.2,414,416.7,2.246,2.662,3.135,,,,2477,2.477
01/12/2015,08:10:00,415.1,413.8,416.3,2.991,3.595,3.987,,,,3130,3.13
01/12/2015,08:20:00,416.3,414.6,416.8,3.654,4.776,5.149,,,,4007,4.007
01/12/2015,08:30:00,416.7,414.9,417.6,4.617,5.413,5.876,,,,4539,4.539
01/12/2015,08:40:00,416.3,414.6,417.5,5.327,5.669,6.136,,,,4727,4.727
01/12/2015,08:50:00,418.8,417,419.9,5.307,5.999,6.495,,,,5022,5.022
01/12/2015,09:00:00,420.5,418.4,421.4,5.518,6.257,6.823,,,,5274,5.274
01/12/2015,09:10:00,420.5,418.5,421.6,5.927,6.461,7.029,,,,5430,5.43
01/12/2015,09:20:00,420.5,418.5,421.3,6.237,6.575,7.064,,,,5469,5.469
01/12/2015,09:30:00,419.7,417.8,420.9,5.924,6.503,7.046,,,,5437,5.437
01/12/2015,09:40:00,419.3,417.4,420.5,5.875,6.651,7.158,,,,5520,5.52
01/12/2015,09:50:00,418.6,416.4,419.6,6.059,6.705,7.294,,,,5587,5.587
01/12/2015,10:00:00,417.8,415.6,419.1,6.362,6.661,7.294,,,,5568,5.568
01/12/2015,10:10:00,419.4,417.1,420.5,6.509,6.664,7.31,,,,5599,5.599
01/12/2015,10:20:00,419.4,417.4,420.6,6.309,7.093,7.699,,,,5896,5.896
01/12/2015,10:30:00,419.1,416.8,420.3,6.293,6.963,7.581,,,,5797,5.797
01/12/2015,10:40:00,418.5,415.9,419.6,6.445,7.07,7.713,,,,5876,5.876
01/12/2015,10:50:00,418.7,416.3,419.9,6.648,7.043,7.633,,,,5832,5.832
01/12/2015,11:00:00,420.8,418.6,421.9,6.463,6.877,7.441,,,,5728,5.728
01/12/2015,11:10:00,419.9,418.1,421.4,6.007,6.794,7.332,,,,5645,5.645
01/12/2015,11:20:00,419.9,418,421.1,6.203,6.926,7.462,,,,5737,5.737
01/12/2015,11:30:00,419.2,417,420.5,5.826,6.759,7.322,,,,5616,5.616
01/12/2015,11:40:00,419.1,416.7,420,5.985,6.673,7.263,,,,5559,5.559
01/12/2015,11:50:00,421,418.7,421.9,6.525,6.741,7.325,,,,5638,5.638
01/12/2015,12:00:00,421,418.7,422,5.854,6.505,7.078,,,,5453,5.453
01/12/2015,12:10:00,420.5,418.3,421.5,5.752,6.266,6.852,,,,5274,5.274
01/12/2015,12:20:00,419.9,417.5,420.8,5.148,5.937,6.543,,,,5028,5.028
01/12/2015,12:30:00,420,417.6,420.9,5.667,5.849,6.477,,,,4974,4.974
01/12/2015,12:40:00,420.8,418.4,421.7,5.803,6.395,7.032,,,,5399,5.399
01/12/2015,12:50:00,418.9,416.6,419.9,3.105,5.075,5.685,,,,4371,4.371
01/12/2015,13:00:00,419.3,416.9,420.3,4.524,5.448,6.068,,,,4658,4.658
01/12/2015,13:10:00,420.3,417.8,421.4,5.203,5.777,6.436,,,,4939,4.939
01/12/2015,13:20:00,419.6,417.1,420.7,4.632,5.36,6.005,,,,4609,4.609
01/12/2015,13:30:00,419.6,417.4,420.6,4.206,5.23,5.853,,,,4505,4.505
01/12/2015,13:40:00,420.8,418.5,421.8,5.001,5.764,6.411,,,,4934,4.934
01/12/2015,13:50:00,420.3,417.9,421.5,5.161,5.684,6.331,,,,4870,4.87
01/12/2015,14:00:00,420.2,418.1,421.3,4.788,5.443,6.048,,,,4666,4.666
01/12/2015,14:10:00,417.6,415.5,419,4.726,5.323,5.866,,,,4513,4.513
01/12/2015,14:20:00,418,415.5,418.9,4.337,5.144,5.717,,,,4393,4.393
01/12/2015,14:30:00,417.8,415.6,418.8,3.992,5.054,5.621,,,,4322,4.322
01/12/2015,14:40:00,416.9,414.5,417.8,4.389,4.703,5.258,,,,4041,4.041
01/12/2015,14:50:00,416.3,413.7,417,3.26,3.587,4.137,,,,3201,3.201
01/12/2015,15:00:00,416.2,414,417.1,2.74,3.742,4.245,,,,3296,3.296
01/12/2015,15:10:00,416,414,417.1,2.664,3.692,4.195,,,,3260,3.26
01/12/2015,15:20:00,415.2,413.2,416.3,2.5,2.98,3.503,,,,2730,2.73
01/12/2015,15:30:00,414,412,414.9,2.297,2.146,2.678,,,,2097,2.097
01/12/2015,15:40:00,414.1,412,415.1,2.115,1.901,2.422,,,,1907,1.907
01/12/2015,15:50:00,413.9,411.7,414.8,1.766,1.913,2.403,,,,1896,1.896
01/12/2015,16:00:00,413.7,411.9,414.8,1.821,1.848,2.279,,,,1818,1.818
01/12/2015,16:10:00,414.3,412.3,415.2,1.698,1.649,2.105,,,,1679,1.679
01/12/2015,16:20:00,414,412,414.8,1.629,1.431,1.878,,,,1499,1.499
01/12/2015,16:30:00,413.7,411.7,414.5,1.418,1.178,1.603,,,,1283,1.283
01/12/2015,16:40:00,413.6,411.8,414.5,1.149,0.317,1.286,,,,1055,1.055
01/12/2015,16:50:00,413,411.1,413.9,0,0,0.338,,,,511,0.511
01/12/2015,17:00:00,413.3,411.5,414.2,0,0,0.025,,,,50.9,0.0509
01/12/2015,17:10:00,413.2,411.3,414.1,0,0.106,0.216,,,,36.15,0.03615
01/12/2015,17:20:00,413.1,411,414,0,0,0,,,,0,0
01/12/2015,17:30:00,413,411,413.9,0,0,0,,,,0,0
01/12/2015,17:40:00,413.3,411.2,414.1,0,0,0,,,,0,0
01/12/2015,17:50:00,415,412.5,415.5,0,0,0,,,,0,0
01/12/2015,18:00:00,414.7,411.4,415.1,0,0,0,,,,0,0
01/12/2015,18:10:00,412.9,409.6,413.4,0,0,0,,,,0,0
01/12/2015,18:20:00,413.3,410.1,414.1,0,0,0,,,,0,0
01/12/2015,18:30:00,413.5,410.3,414.6,0,0,0,,,,0,0
01/12/2015,18:40:00,413.8,410.7,414.7,0,0,0,,,,0,0
01/12/2015,18:50:00,414.2,411.2,415.3,0,0,0,,,,0,0
01/12/2015,19:00:00,415,412,416,0,0,0,,,,0,0
01/12/2015,19:10:00,415.4,412.5,416.2,0,0,0,,,,0,0
01/12/2015,19:20:00,412.8,409.9,413.7,0,0,0,,,,0,0
01/12/2015,19:30:00,411.8,408.6,412.6,0,0,0,,,,0,0
01/12/2015,19:40:00,412.6,409.5,413.5,0,0,0,,,,0,0
01/12/2015,19:50:00,413.5,410.3,414.1,0,0,0,,,,0,0
01/12/2015,20:00:00,414.3,411,414.8,0,0,0,,,,0,0
01/12/2015,20:10:00,413.9,410.6,414.6,0,0,0,,,,0,0
01/12/2015,20:20:00,414,410.7,414.4,0,0,0,,,,0,0
01/12/2015,20:30:00,414.5,411.3,415,0,0,0,,,,0,0
01/12/2015,20:40:00,414.3,411.1,414.9,0,0,0,,,,0,0
01/12/2015,20:50:00,415,411.8,415.7,0,0,0,,,,0,0
01/12/2015,21:00:00,415.7,412.3,416.3,0,0,0,,,,0,0
01/12/2015,21:10:00,415.9,412.5,416.4,0,0,0,,,,0,0
01/12/2015,21:20:00,415,411.6,415.7,0,0,0,,,,0,0
01/12/2015,21:30:00,412.5,409.3,413.3,0,0,0,,,,0,0
01/12/2015,21:40:00,412.6,409.5,413.5,0,0,0,,,,0,0
01/12/2015,21:50:00,413.8,410.6,414.5,0,0,0,,,,0,0
01/12/2015,22:00:00,414,410.7,414.5,0,0,0,,,,0,0
01/12/2015,22:10:00,414.4,411,414.8,0,0,0,,,,0,0
01/12/2015,22:20:00,414.9,411.6,415.2,0,0,0,,,,0,0
01/12/2015,22:30:00,415.3,412.4,415.7,0,0,0,,,,0,0
01/12/2015,22:40:00,414.7,411.8,415,0,0,0,,,,0,0
01/12/2015,22:50:00,415.1,412.1,415.2,0,0,0,,,,0,0
01/12/2015,23:00:00,415.9,413,416.1,0,0,0,,,,0,0
01/12/2015,23:10:00,415.5,412.7,415.7,0,0,0,,,,0,0
01/12/2015,23:20:00,416.3,413.3,416.4,0,0,0,,,,0,0
01/12/2015,23:30:00,416.7,413.8,416.8,0,0,0,,,,0,0
01/12/2015,23:40:00,417.1,414.3,417.3,0,0,0,,,,0,0
01/12/2015,23:50:00,416.8,414,417.1,0,0,0,,,,0,0
02/12/2015,00:00:00,417.3,414.6,417.6,0,0,0,,,,0,0
02/12/2015,00:10:00,416.5,413.9,416.9,0,0,0,,,,0,0
02/12/2015,00:20:00,415.5,413,415.9,0,0,0,,,,0,0
02/12/2015,00:30:00,414.9,412.5,415.4,0,0,0,,,,0,0
02/12/2015,00:40:00,414.9,412.4,415.1,0,0,0,,,,0,0
02/12/2015,00:50:00,414.6,412.2,415,0,0,0,,,,0,0
02/12/2015,01:00:00,414.6,412.1,414.9,0,0,0,,,,0,0
02/12/2015,01:10:00,414.7,412.2,415,0,0,0,,,,0,0
02/12/2015,01:20:00,414.9,412.4,415.2,0,0,0,,,,0,0
02/12/2015,01:30:00,415.3,412.9,415.8,0,0,0,,,,0,0
02/12/2015,01:40:00,415.6,413.1,415.9,0,0,0,,,,0,0
02/12/2015,01:50:00,415.8,413.4,416.1,0,0,0,,,,0,0
02/12/2015,02:00:00,415.4,412.9,415.8,0,0,0,,,,0,0
02/12/2015,02:10:00,415.9,413.6,416.4,0,0,0,,,,0,0
02/12/2015,02:20:00,415.4,413.3,416,0,0,0,,,,0,0
02/12/2015,02:30:00,415.7,413.4,416.1,0,0,0,,,,0,0
02/12/2015,02:40:00,416,413.6,416.3,0,0,0,,,,0,0
02/12/2015,02:50:00,416,413.6,416.3,0,0,0,,,,0,0
02/12/2015,03:00:00,416.1,413.7,416.3,0,0,0,,,,0,0
02/12/2015,03:10:00,416,413.8,416.3,0,0,0,,,,0,0
02/12/2015,03:20:00,416.1,413.8,416.3,0,0,0,,,,0,0
02/12/2015,03:30:00,415.9,413.7,416.4,0,0,0,,,,0,0
02/12/2015,03:40:00,416.1,413.8,416.5,0,0,0,,,,0,0
02/12/2015,03:50:00,416,413.6,416.3,0,0,0,,,,0,0
02/12/2015,04:00:00,415.9,413.6,416.1,0,0,0,,,,0,0
02/12/2015,04:10:00,416.1,413.8,416.4,0,0,0,,,,0,0
02/12/2015,04:20:00,416.4,414.2,416.9,0,0,0,,,,0,0
02/12/2015,04:30:00,416.3,413.8,416.6,0,0,0,,,,0,0
02/12/2015,04:40:00,415.9,413.5,416.2,0,0,0,,,,0,0
02/12/2015,04:50:00,415.7,413.3,416.2,0,0,0,,,,0,0
02/12/2015,05:00:00,415,412.5,415.3,0,0,0,,,,0,0
02/12/2015,05:10:00,415,412.6,415.5,0,0,0,,,,0,0
02/12/2015,05:20:00,415.9,413.4,416.3,0,0,0,,,,0,0
02/12/2015,05:30:00,415.9,413.4,416.4,0,0,0,,,,0,0
02/12/2015,05:40:00,415.8,413.2,416.2,0,0,0,,,,0,0
02/12/2015,05:50:00,415.2,412.8,416,0,0,0,,,,0,0
02/12/2015,06:00:00,414.7,412,415.5,0,0,0,,,,0,0
02/12/2015,06:10:00,414.6,412.1,415.4,0,0,0,,,,0,0
02/12/2015,06:20:00,414.4,411.9,415.1,0,0,0,,,,0,0
02/12/2015,06:30:00,413.9,411.2,414.5,0,0,0,,,,0,0
02/12/2015,06:40:00,414.3,411.7,415,0,0,0,,,,0,0
02/12/2015,06:50:00,414.3,411.9,415,0,0,0,,,,0,0
02/12/2015,07:00:00,413.3,411.6,414.6,0,0,0,,,,0,0
02/12/2015,07:10:00,412.1,410.6,413.5,0,0,0,,,,0,0
02/12/2015,07:20:00,413.3,411.9,414.3,0,0,0,,,,0,0
02/12/2015,07:30:00,413.2,411.8,414.1,0,0,0,,,,0,0
02/12/2015,07:40:00,412.8,411.5,413.5,0,0.003,0.005,,,,54.97,0.05497
02/12/2015,07:50:00,412.4,410.9,413.1,1.069,0,0.835,,,,785.5,0.7855
02/12/2015,08:00:00,412.4,411,413.3,1.498,1.185,1.731,,,,1389,1.389
02/12/2015,08:10:00,419.1,417.4,420.2,2.032,2.134,2.633,,,,2118,2.118
02/12/2015,08:20:00,419.3,417.3,420.2,2.682,2.924,3.436,,,,2725,2.725
02/12/2015,08:30:00,419.6,417.5,420.6,2.732,3.466,4.02,,,,3163,3.163
02/12/2015,08:40:00,419.3,417.2,420.2,2.969,3.76,4.291,,,,3366,3.366
02/12/2015,08:50:00,419.2,417.1,420.2,3.052,4,4.525,,,,3541,3.541
02/12/2015,09:00:00,418.4,416.5,419.4,3.419,4.233,4.736,,,,3697,3.697
02/12/2015,09:10:00,417.6,415.8,418.8,3.51,4.41,4.87,,,,3799,3.799
02/12/2015,09:20:00,417.1,415.2,418.8,3.708,4.622,5.171,,,,4001,4.001
02/12/2015,09:30:00,417.2,415.3,418.8,4.202,4.842,5.381,,,,4159,4.159
02/12/2015,09:40:00,417.7,415.6,419.1,4.718,5.069,5.608,,,,4333,4.333
02/12/2015,09:50:00,418.5,416,419.5,4.398,5.278,5.857,,,,4512,4.512
02/12/2015,10:00:00,419.3,416.3,419.9,4.652,5.453,6.055,,,,4662,4.662
02/12/2015,10:10:00,419.3,416.6,420,5.325,5.65,6.249,,,,4807,4.807
02/12/2015,10:20:00,419.3,416.5,419.9,5.318,5.815,6.437,,,,4940,4.94
02/12/2015,10:30:00,418.6,415.8,419.6,5.496,5.988,6.62,,,,5068,5.068
02/12/2015,10:40:00,418.2,415.3,419,5.738,6.144,6.767,,,,5168,5.168
02/12/2015,10:50:00,418.4,415.3,419.1,5.909,6.193,6.838,,,,5214,5.214
02/12/2015,11:00:00,417.8,414.8,418.6,5.486,6.187,6.852,,,,5214,5.214
02/12/2015,11:10:00,417.5,414.6,418.5,5.62,6.191,6.872,,,,5222,5.222
02/12/2015,11:20:00,419.4,416.4,420.4,5.465,6.015,6.703,,,,5125,5.125
02/12/2015,11:30:00,418.7,415.4,419.5,4.511,5.623,6.351,,,,4839,4.839
02/12/2015,11:40:00,417.3,414.3,418.5,4.112,5.017,5.754,,,,4376,4.376
02/12/2015,11:50:00,417,414.3,418.2,4.333,4.948,5.635,,,,4296,4.296
02/12/2015,12:00:00,415.6,413.2,416.8,3.32,4.446,5.073,,,,3874,3.874
02/12/2015,12:10:00,415.2,412.6,416.3,3.1,3.948,4.612,,,,3514,3.514
02/12/2015,12:20:00,415.3,412.7,416.1,3.423,4.029,4.669,,,,3561,3.561
02/12/2015,12:30:00,415.4,413,416.2,3.4,4.163,4.778,,,,3651,3.651
02/12/2015,12:40:00,413.9,412.1,415.1,3.037,3.785,4.431,,,,3375,3.375
02/12/2015,12:50:00,414,412.1,415,3.176,3.869,4.508,,,,3433,3.433
02/12/2015,13:00:00,414,412.3,415.4,2.474,3.544,4.211,,,,3209,3.209
02/12/2015,13:10:00,413.8,411.7,414.7,2.348,3.141,3.799,,,,2898,2.898
02/12/2015,13:20:00,414.7,412.5,415.9,3.131,3.66,4.369,,,,3322,3.322
02/12/2015,13:30:00,414,412,415.3,2.873,3.406,4.087,,,,3114,3.114
02/12/2015,13:40:00,413.7,411.4,415,2.307,2.907,3.575,,,,2730,2.73
02/12/2015,13:50:00,413.4,410.9,414.8,1.929,2.623,3.387,,,,2566,2.566
02/12/2015,14:00:00,413.3,411,414.6,2.012,2.557,3.219,,,,2462,2.462
02/12/2015,14:10:00,412.7,410.4,414.2,0,2.164,2.762,,,,2126,2.126
02/12/2015,14:20:00,413,410.6,414.4,1.522,2.23,2.851,,,,2190,2.19
02/12/2015,14:30:00,412.2,409.3,413.4,0,1.326,1.944,,,,1495,1.495
02/12/2015,14:40:00,412,409.1,412.7,0,1.044,1.472,,,,1139,1.139
02/12/2015,14:50:00,412.4,409.6,413.2,0,1.053,1.498,,,,1199,1.199
02/12/2015,15:00:00,412.2,409.6,413,0,0.63,0.966,,,,750.9,0.7509
02/12/2015,15:10:00,412.7,410.4,413.7,1.355,1.122,1.568,,,,1233,1.233
02/12/2015,15:20:00,412.8,410.4,413.8,1.34,0.579,1.4,,,,1103,1.103
02/12/2015,15:30:00,412.2,409.7,412.9,0,0.045,0.445,,,,435.5,0.4355
02/12/2015,15:40:00,412,409.4,412.7,0,0,0,,,,0,0
02/12/2015,15:50:00,411.9,409.4,412.7,0,0,0,,,,0,0
02/12/2015,16:00:00,412,409.5,412.9,0,0,0,,,,0,0
02/12/2015,16:10:00,411.8,409.3,412.7,0,0.005,0.006,,,,249.4,0.2494
02/12/2015,16:20:00,411.9,409.1,412.7,0,0.108,0.122,,,,248.8,0.2488
02/12/2015,16:30:00,411.8,409.1,412.7,0,0.427,0.513,,,,136.1,0.1361
02/12/2015,16:40:00,412.1,409.4,412.3,0,0,0,,,,0,0
02/12/2015,16:50:00,412.5,409.6,412.9,0,0,0,,,,0,0
02/12/2015,17:00:00,413,409.9,413.3,0,0,0,,,,0,0
02/12/2015,17:10:00,412.9,410.1,413.3,0,0,0,,,,0,0
02/12/2015,17:20:00,412.8,409.6,412.9,0,0,0,,,,0,0
02/12/2015,17:30:00,412.5,409.3,412.5,0,0,0,,,,0,0
02/12/2015,17:40:00,413.4,410.2,413.4,0,0,0,,,,0,0
02/12/2015,17:50:00,413.1,409.4,412.9,0,0,0,,,,0,0
02/12/2015,18:00:00,412.4,408.6,412.3,0,0,0,,,,0,0
02/12/2015,18:10:00,411.8,408.1,411.8,0,0,0,,,,0,0
02/12/2015,18:20:00,412.4,408.2,412.1,0,0,0,,,,0,0
02/12/2015,18:30:00,414.5,410.2,414.2,0,0,0,,,,0,0
02/12/2015,18:40:00,415.2,410.8,414.7,0,0,0,,,,0,0
02/12/2015,18:50:00,415.8,411.4,415.3,0,0,0,,,,0,0
02/12/2015,19:00:00,412.1,407.6,411.8,0,0,0,,,,0,0
02/12/2015,19:10:00,412.6,408.1,412.3,0,0,0,,,,0,0
02/12/2015,19:20:00,412.8,408.2,412.7,0,0,0,,,,0,0
02/12/2015,19:30:00,413.3,408.8,413.1,0,0,0,,,,0,0
02/12/2015,19:40:00,413.6,409.2,413.5,0,0,0,,,,0,0
02/12/2015,19:50:00,414.3,410,414,0,0,0,,,,0,0
02/12/2015,20:00:00,415.7,411.3,415.3,0,0,0,,,,0,0
02/12/2015,20:10:00,416.2,411.7,415.7,0,0,0,,,,0,0
02/12/2015,20:20:00,416.6,412.1,416.2,0,0,0,,,,0,0
02/12/2015,20:30:00,416.9,412.7,416.8,0,0,0,,,,0,0
02/12/2015,20:40:00,415.6,411.5,415.5,0,0,0,,,,0,0
02/12/2015,20:50:00,414.3,410.6,414.4,0,0,0,,,,0,0
02/12/2015,21:00:00,414.7,411.2,415,0,0,0,,,,0,0
02/12/2015,21:10:00,415.2,411.5,415.4,0,0,0,,,,0,0
02/12/2015,21:20:00,415.7,412,415.7,0,0,0,,,,0,0
02/12/2015,21:30:00,415.3,411.8,415.4,0,0,0,,,,0,0
02/12/2015,21:40:00,416.1,412.6,416.1,0,0,0,,,,0,0
02/12/2015,21:50:00,417.1,413.4,416.8,0,0,0,,,,0,0
02/12/2015,22:00:00,416.3,412.8,416.2,0,0,0,,,,0,0
02/12/2015,22:10:00,416.3,412.6,416,0,0,0,,,,0,0
02/12/2015,22:20:00,416.6,413,416.3,0,0,0,,,,0,0
02/12/2015,22:30:00,415.5,411.9,415.2,0,0,0,,,,0,0
02/12/2015,22:40:00,414.6,411.1,414.3,0,0,0,,,,0,0
02/12/2015,22:50:00,413.6,410,413.3,0,0,0,,,,0,0
02/12/2015,23:00:00,412.9,409.6,412.8,0,0,0,,,,0,0
02/12/2015,23:10:00,413.1,409.5,412.8,0,0,0,,,,0,0
02/12/2015,23:20:00,413.7,410.3,413.5,0,0,0,,,,0,0
02/12/2015,23:30:00,413.7,410.5,413.7,0,0,0,,,,0,0
02/12/2015,23:40:00,414.5,411.2,414.4,0,0,0,,,,0,0
02/12/2015,23:50:00,415,411.8,415,0,0,0,,,,0,0
03/12/2015,00:00:00,415.4,412.3,415.4,0,0,0,,,,0,0
03/12/2015,00:10:00,415.5,412.5,415.3,0,0,0,,,,0,0
03/12/2015,00:20:00,416.3,413.3,416.3,0,0,0,,,,0,0
03/12/2015,00:30:00,416.5,413.7,416.5,0,0,0,,,,0,0
03/12/2015,00:40:00,416.4,413.6,416.4,0,0,0,,,,0,0
03/12/2015,00:50:00,416.1,413.3,416.3,0,0,0,,,,0,0
03/12/2015,01:00:00,415.6,412.9,415.7,0,0,0,,,,0,0
03/12/2015,01:10:00,415.6,412.8,415.7,0,0,0,,,,0,0
03/12/2015,01:20:00,415.5,412.7,415.7,0,0,0,,,,0,0
03/12/2015,01:30:00,415.8,413,415.8,0,0,0,,,,0,0
03/12/2015,01:40:00,416.1,413.3,416.2,0,0,0,,,,0,0
03/12/2015,01:50:00,416.5,413.8,416.6,0,0,0,,,,0,0
03/12/2015,02:00:00,416.5,414,416.8,0,0,0,,,,0,0
03/12/2015,02:10:00,416.4,413.8,416.6,0,0,0,,,,0,0
03/12/2015,02:20:00,416.8,414.1,417,0,0,0,,,,0,0
03/12/2015,02:30:00,416.4,413.8,416.5,0,0,0,,,,0,0
03/12/2015,02:40:00,416.5,413.8,416.6,0,0,0,,,,0,0
03/12/2015,02:50:00,416.9,414.2,416.9,0,0,0,,,,0,0
03/12/2015,03:00:00,416.9,414.2,416.8,0,0,0,,,,0,0
03/12/2015,03:10:00,417.1,414.4,417.1,0,0,0,,,,0,0
03/12/2015,03:20:00,417,414.4,417.1,0,0,0,,,,0,0
03/12/2015,03:30:00,416.7,414,416.8,0,0,0,,,,0,0
03/12/2015,03:40:00,416.6,413.8,416.6,0,0,0,,,,0,0
03/12/2015,03:50:00,416.4,413.7,416.4,0,0,0,,,,0,0
03/12/2015,04:00:00,417,414.2,416.9,0,0,0,,,,0,0
03/12/2015,04:10:00,416.9,414.2,416.8,0,0,0,,,,0,0
03/12/2015,04:20:00,416.8,414.1,416.9,0,0,0,,,,0,0
03/12/2015,04:30:00,416.7,414.1,416.8,0,0,0,,,,0,0
03/12/2015,04:40:00,416.6,414,416.6,0,0,0,,,,0,0
03/12/2015,04:50:00,416.5,413.7,416.4,0,0,0,,,,0,0
03/12/2015,05:00:00,417,414.3,417,0,0,0,,,,0,0
03/12/2015,05:10:00,417.1,414.4,417.2,0,0,0,,,,0,0
03/12/2015,05:20:00,416.8,414.2,417.1,0,0,0,,,,0,0
03/12/2015,05:30:00,417.6,415,417.8,0,0,0,,,,0,0
03/12/2015,05:40:00,417.4,414.7,417.7,0,0,0,,,,0,0
03/12/2015,05:50:00,417.5,415.1,418.1,0,0,0,,,,0,0
03/12/2015,06:00:00,417.4,414.5,417.7,0,0,0,,,,0,0
03/12/2015,06:10:00,416.5,413.9,417,0,0,0,,,,0,0
03/12/2015,06:20:00,416.5,413.5,417,0,0,0,,,,0,0
03/12/2015,06:30:00,415.9,412.9,416.3,0,0,0,,,,0,0
03/12/2015,06:40:00,415.5,412.8,416,0,0,0,,,,0,0
03/12/2015,06:50:00,415.6,412.9,416,0,0,0,,,,0,0
03/12/2015,07:00:00,414.2,411.5,414.8,0,0,0,,,,0,0
03/12/2015,07:10:00,414.9,412.1,415.4,0,0,0,,,,0,0
03/12/2015,07:20:00,415.1,412.1,415.3,0,0,0,,,,0,0
03/12/2015,07:30:00,414.9,412.4,415,0,0,0,,,,0,0
03/12/2015,07:40:00,414.5,412.8,414.4,0,0,0,,,,0,0
03/12/2015,07:50:00,413.3,411.7,413.7,0,0,0,,,,0,0
03/12/2015,08:00:00,412.8,410.7,412.4,0,0,0,,,,0,0
03/12/2015,08:10:00,414.9,412.8,414.6,0,0,0,,,,0,0
03/12/2015,08:20:00,414,412.2,414.4,0,0,0,,,,0,0
03/12/2015,08:30:00,413.9,412.1,414.3,0,0,0,,,,0,0
03/12/2015,08:40:00,413.5,411.6,413.8,0,0,0,,,,0,0
03/12/2015,08:50:00,412.4,410.9,413.3,0,0,0,,,,0,0
03/12/2015,09:00:00,411.2,409.5,411.9,0,0,0,,,,0,0
03/12/2015,09:10:00,411.3,409.6,411.9,0,0,0,,,,0,0
03/12/2015,09:20:00,411.3,409.2,411.9,0,0,0,,,,0,0
03/12/2015,09:30:00,411.8,409.8,412.7,0,0,0,,,,0,0
03/12/2015,09:40:00,411.9,410,412.9,0,0,0,,,,0,0
03/12/2015,09:50:00,411.9,409.7,412.4,0,0.115,0.18,,,,29.57,0.02957
03/12/2015,10:00:00,417.7,415.2,418.2,0,1.61,2.028,,,,1614,1.614
03/12/2015,10:10:00,418.4,415.6,418.7,0,2.326,2.942,,,,2431,2.431
03/12/2015,10:20:00,414.6,411.6,414.8,0,0.162,0.254,,,,148.8,0.1488
03/12/2015,10:30:00,414.5,411.6,414.8,0,0.178,0.326,,,,147,0.147
03/12/2015,10:40:00,414.9,411.9,415.4,0,1.167,1.517,,,,1142,1.142
03/12/2015,10:50:00,413.6,410.7,414,0,0.281,0.535,,,,362.2,0.3622
03/12/2015,11:00:00,412.8,410.4,413.5,0,0.065,0.088,,,,19.58,0.01958
03/12/2015,11:10:00,412.1,409.9,413.2,0,0,0,,,,0,0
03/12/2015,11:20:00,411.8,409.2,412.3,0,0,0,,,,0,0
03/12/2015,11:30:00,411.6,409.1,412.2,0,0,0,,,,0,0
03/12/2015,11:40:00,412.1,409.4,412.6,0,0,0,,,,0,0
03/12/2015,11:50:00,412.3,409.8,412.9,0,0,0,,,,0,0
03/12/2015,12:00:00,412,409.6,412.8,0,0,0,,,,0,0
03/12/2015,12:10:00,412,409,412.6,0,0,0,,,,0,0
03/12/2015,12:20:00,411.7,409.1,412.6,0,0,0,,,,0,0
03/12/2015,12:30:00,411.6,409,412.4,0,0,0,,,,0,0
03/12/2015,12:40:00,411.9,409.5,412.7,0,0.006,0.28,,,,147.2,0.1472
03/12/2015,12:50:00,412.7,410.3,413.3,0,0.055,0.603,,,,376.5,0.3765
03/12/2015,13:00:00,412.7,410.3,412.9,0,0.119,0.259,,,,181.1,0.1811
03/12/2015,13:10:00,412.2,409.8,412.5,0,0,0,,,,0,0
03/12/2015,13:20:00,412.8,410.4,413.1,0,0,0,,,,0,0
03/12/2015,13:30:00,413.1,410.5,413.2,0,0,0,,,,0,0
03/12/2015,13:40:00,413.2,410.8,413.3,0,0,0,,,,0,0
03/12/2015,13:50:00,414.1,411.6,414.1,0,0,0,,,,0,0
03/12/2015,14:00:00,413.8,411.3,413.7,0,0,0,,,,0,0
03/12/2015,14:10:00,413.1,410.9,413.3,0,0,0,,,,0,0
03/12/2015,14:20:00,413.6,411.3,413.6,0,0,0,,,,0,0
03/12/2015,14:30:00,413.1,410.8,413.3,0,0,0,,,,0,0
03/12/2015,14:40:00,413.6,411,413.8,0,0,0,,,,0,0
03/12/2015,14:50:00,413.6,410.9,413.7,0,0,0,,,,0,0
03/12/2015,15:00:00,413.9,411.5,414,0,0,0,,,,0,0
03/12/2015,15:10:00,414.4,411.9,414.5,0,0.587,1.136,,,,963,0.963
03/12/2015,15:20:00,414.2,411.7,414.3,0,0.16,0.496,,,,312.7,0.3127
03/12/2015,15:30:00,414.3,411.7,414.3,0,0,0,,,,0,0
03/12/2015,15:40:00,414.6,412.2,414.7,0,0,0,,,,0,0
03/12/2015,15:50:00,414.2,412.1,414.3,0,0,0,,,,0,0
03/12/2015,16:00:00,413,410.8,413.2,0,0,0,,,,0,0
03/12/2015,16:10:00,411.5,409.3,411.6,0,0,0,,,,0,0
03/12/2015,16:20:00,410.8,408.7,411,0,0,0,,,,0,0
03/12/2015,16:30:00,411.4,409,411.4,0,0,0,,,,0,0
03/12/2015,16:40:00,412.5,409.8,412.5,0,0,0,,,,0,0
03/12/2015,16:50:00,415.4,412.8,415.8,0,0,0,,,,0,0
03/12/2015,17:00:00,415,412.5,415.5,0,0,0,,,,0,0
03/12/2015,17:10:00,414.4,412.3,415.3,0,0,0,,,,0,0
03/12/2015,17:20:00,414.6,412.4,415.5,0,0,0,,,,0,0
03/12/2015,17:30:00,414.2,412,415,0,0,0,,,,0,0
03/12/2015,17:40:00,415.1,412.1,415.4,0,0,0,,,,0,0
03/12/2015,17:50:00,415.2,412,415.3,0,0,0,,,,0,0
03/12/2015,18:00:00,412.8,409.4,412.4,0,0,0,,,,0,0
03/12/2015,18:10:00,412.4,408.9,412.2,0,0,0,,,,0,0
03/12/2015,18:20:00,412.2,408.7,412.6,0,0,0,,,,0,0
03/12/2015,18:30:00,412.7,409.2,413,0,0,0,,,,0,0
03/12/2015,18:40:00,413.1,409.3,413.2,0,0,0,,,,0,0
03/12/2015,18:50:00,413.5,409.9,413.9,0,0,0,,,,0,0
03/12/2015,19:00:00,413.9,410.3,414.2,0,0,0,,,,0,0
03/12/2015,19:10:00,413.2,409.7,413.6,0,0,0,,,,0,0
03/12/2015,19:20:00,412.5,409.1,412.9,0,0,0,,,,0,0
03/12/2015,19:30:00,413.1,409.6,413.5,0,0,0,,,,0,0
03/12/2015,19:40:00,413.5,409.8,413.6,0,0,0,,,,0,0
03/12/2015,19:50:00,413.8,410.2,414.2,0,0,0,,,,0,0
03/12/2015,20:00:00,414.8,410.9,415.2,0,0,0,,,,0,0
03/12/2015,20:10:00,415.2,411.3,415.7,0,0,0,,,,0,0
03/12/2015,20:20:00,415.4,411.6,416,0,0,0,,,,0,0
03/12/2015,20:30:00,414.1,410.2,414.7,0,0,0,,,,0,0
03/12/2015,20:40:00,413.1,409.4,413.7,0,0,0,,,,0,0
03/12/2015,20:50:00,413.2,409.3,413.7,0,0,0,,,,0,0
03/12/2015,21:00:00,414.1,410.3,414.7,0,0,0,,,,0,0
03/12/2015,21:10:00,414.7,411.1,415.2,0,0,0,,,,0,0
03/12/2015,21:20:00,415.7,411.9,416,0,0,0,,,,0,0
03/12/2015,21:30:00,416.2,412.5,416.4,0,0,0,,,,0,0
03/12/2015,21:40:00,417,413.3,417.2,0,0,0,,,,0,0
03/12/2015,21:50:00,417.1,413.4,417.2,0,0,0,,,,0,0
03/12/2015,22:00:00,417.1,413.4,417.1,0,0,0,,,,0,0
03/12/2015,22:10:00,416.4,412.6,416.4,0,0,0,,,,0,0
03/12/2015,22:20:00,414.7,410.9,414.6,0,0,0,,,,0,0
03/12/2015,22:30:00,414.8,411,414.9,0,0,0,,,,0,0
03/12/2015,22:40:00,415.5,411.7,415.4,0,0,0,,,,0,0
03/12/2015,22:50:00,415.9,412.2,415.8,0,0,0,,,,0,0
03/12/2015,23:00:00,416.7,413.2,416.8,0,0,0,,,,0,0
03/12/2015,23:10:00,415.5,412.1,415.8,0,0,0,,,,0,0
03/12/2015,23:20:00,413.3,410.1,413.6,0,0,0,,,,0,0
03/12/2015,23:30:00,414.1,410.9,414.3,0,0,0,,,,0,0
03/12/2015,23:40:00,414.5,411.5,414.7,0,0,0,,,,0,0
03/12/2015,23:50:00,415,412,415.3,0,0,0,,,,0,0
04/12/2015,00:00:00,415.4,412.6,415.7,0,0,0,,,,0,0
04/12/2015,00:10:00,415.8,412.8,415.9,0,0,0,,,,0,0
04/12/2015,00:20:00,416.1,413,416.2,0,0,0,,,,0,0
04/12/2015,00:30:00,415.6,412.6,415.7,0,0,0,,,,0,0
04/12/2015,00:40:00,414.9,412.1,415,0,0,0,,,,0,0
04/12/2015,00:50:00,415.2,412.5,415.3,0,0,0,,,,0,0
04/12/2015,01:00:00,415.2,412.3,415.1,0,0,0,,,,0,0
04/12/2015,01:10:00,415.5,412.4,415.3,0,0,0,,,,0,0
04/12/2015,01:20:00,415.6,412.5,415.3,0,0,0,,,,0,0
04/12/2015,01:30:00,415.3,412.4,415.3,0,0,0,,,,0,0
04/12/2015,01:40:00,415.9,413.1,415.9,0,0,0,,,,0,0
04/12/2015,01:50:00,416.6,413.7,416.4,0,0,0,,,,0,0
04/12/2015,02:00:00,416.4,413.5,416.2,0,0,0,,,,0,0
04/12/2015,02:10:00,416.2,413.2,416,0,0,0,,,,0,0
04/12/2015,02:20:00,416.1,413.1,416,0,0,0,,,,0,0
04/12/2015,02:30:00,416.1,413.2,416,0,0,0,,,,0,0
04/12/2015,02:40:00,416.7,413.9,416.6,0,0,0,,,,0,0
04/12/2015,02:50:00,416.1,413.2,416,0,0,0,,,,0,0
04/12/2015,03:00:00,416.2,413.4,416,0,0,0,,,,0,0
04/12/2015,03:10:00,416.1,413.3,415.9,0,0,0,,,,0,0
04/12/2015,03:20:00,415.7,412.7,415.5,0,0,0,,,,0,0
04/12/2015,03:30:00,416.1,413.3,416.1,0,0,0,,,,0,0
04/12/2015,03:40:00,416.5,413.7,416.5,0,0,0,,,,0,0
04/12/2015,03:50:00,416.5,413.7,416.4,0,0,0,,,,0,0
04/12/2015,04:00:00,416.2,413.4,416.1,0,0,0,,,,0,0
04/12/2015,04:10:00,416.8,414,416.7,0,0,0,,,,0,0
04/12/2015,04:20:00,415.9,413.2,416,0,0,0,,,,0,0
04/12/2015,04:30:00,415.5,412.7,415.6,0,0,0,,,,0,0
04/12/2015,04:40:00,415.7,412.9,415.8,0,0,0,,,,0,0
04/12/2015,04:50:00,415.4,412.6,415.5,0,0,0,,,,0,0
04/12/2015,05:00:00,414.9,411.9,414.9,0,0,0,,,,0,0
04/12/2015,05:10:00,414.4,411.7,414.6,0,0,0,,,,0,0
04/12/2015,05:20:00,413.1,410.5,413.4,0,0,0,,,,0,0
04/12/2015,05:30:00,414.1,411.2,414.2,0,0,0,,,,0,0
04/12/2015,05:40:00,414.9,412.1,415,0,0,0,,,,0,0
04/12/2015,05:50:00,414.6,411.8,415.1,0,0,0,,,,0,0
04/12/2015,06:00:00,414.2,411.4,414.7,0,0,0,,,,0,0
04/12/2015,06:10:00,414.9,411.9,415.2,0,0,0,,,,0,0
04/12/2015,06:20:00,414.6,411.5,414.8,0,0,0,,,,0,0
04/12/2015,06:30:00,414.2,410.8,414.4,0,0,0,,,,0,0
04/12/2015,06:40:00,414.1,410.7,414.2,0,0,0,,,,0,0
04/12/2015,06:50:00,414,410.7,413.9,0,0,0,,,,0,0
04/12/2015,07:00:00,413.2,410.1,413.4,0,0,0,,,,0,0
04/12/2015,07:10:00,414.3,411.2,414.4,0,0,0,,,,0,0
04/12/2015,07:20:00,414.5,411.6,414.7,0,0,0,,,,0,0
04/12/2015,07:30:00,413.7,411.6,414.2,0,0,0,,,,0,0
04/12/2015,07:40:00,413.5,411.7,414,0,0,0,,,,0,0
04/12/2015,07:50:00,413.8,412.1,414,0,0,0,,,,0,0
04/12/2015,08:00:00,413.5,411.8,413.4,0,0,0,,,,0,0
04/12/2015,08:10:00,413.2,411.4,413.4,0,0,0,,,,0,0
04/12/2015,08:20:00,412.7,410.6,412.9,0,0,0,,,,0,0
04/12/2015,08:30:00,412.3,410.5,412.9,0,0,0,,,,0,0
04/12/2015,08:40:00,416.1,414.3,416.7,0,0.052,0.065,,,,14.93,0.01493
04/12/2015,08:50:00,415.7,413.7,416.1,0,0.101,0.367,,,,237.5,0.2375
04/12/2015,09:00:00,415.3,413.5,416.4,0,0.282,0.662,,,,490.2,0.4902
04/12/2015,09:10:00,414.1,412.2,415.3,0,0.003,0.005,,,,11.96,0.01196
04/12/2015,09:20:00,413.4,411.5,414.6,0,0.069,0.073,,,,15.62,0.01562
04/12/2015,09:30:00,413,410.9,413.8,0,0,0,,,,0,0
04/12/2015,09:40:00,413.8,411.8,415,0,0.18,0.65,,,,499.9,0.4999
04/12/2015,09:50:00,413.8,412,415.2,0,0.704,1.008,,,,759.9,0.7599
04/12/2015,10:00:00,413.4,411.2,414.6,0,0,0,,,,0,0
04/12/2015,10:10:00,413.1,410.8,414.1,0,0,0,,,,0,0
04/12/2015,10:20:00,412.6,410,413.3,0,0,0,,,,0,0
04/12/2015,10:30:00,412,409.2,412.7,0,0,0,,,,0,0
04/12/2015,10:40:00,411.9,409.1,412.5,0,0,0,,,,0,0
04/12/2015,10:50:00,411.6,408.8,412.4,0,0,0,,,,0,0
04/12/2015,11:00:00,411.8,409,412.6,0,0,0,,,,0,0
04/12/2015,11:10:00,413.2,410.6,414.1,0,0.182,0.316,,,,204.3,0.2043
04/12/2015,11:20:00,413.1,410.7,414.2,0,0.006,0.006,,,,0.969,0.000969
04/12/2015,11:30:00,413.5,411,414.6,0,0.194,0.241,,,,81.53,0.08153
04/12/2015,11:40:00,414.9,412.1,415.9,0,1.245,1.835,,,,1514,1.514
04/12/2015,11:50:00,414.3,411.4,415.1,0,0.894,1.38,,,,1069,1.069
04/12/2015,12:00:00,415,412.1,416,0,1.392,2.043,,,,1700,1.7
04/12/2015,12:10:00,417,414.5,418.4,3.142,3.454,4.098,,,,3166,3.166
04/12/2015,12:20:00,416.6,413.9,417.9,2.804,3.659,4.293,,,,3311,3.311
04/12/2015,12:30:00,416.3,413.7,417.6,2.744,3.259,3.895,,,,3010,3.01
04/12/2015,12:40:00,417.7,415.2,419.1,3.993,4.2,4.839,,,,3728,3.728
04/12/2015,12:50:00,417.5,415,418.7,3.4,3.939,4.544,,,,3510,3.51
04/12/2015,13:00:00,417.7,415.2,418.8,3.214,3.54,4.164,,,,3222,3.222
04/12/2015,13:10:00,417.6,415,418.8,3.483,3.81,4.474,,,,3449,3.449
04/12/2015,13:20:00,417.3,414.6,418.6,2.3,3.25,3.952,,,,3045,3.045
04/12/2015,13:30:00,415.8,413.1,417.1,1.148,2.042,2.76,,,,2143,2.143
04/12/2015,13:40:00,416.1,413.5,417.5,2.531,2.287,2.973,,,,2301,2.301
04/12/2015,13:50:00,415.5,413,416.9,1.889,1.77,2.439,,,,1890,1.89
04/12/2015,14:00:00,416,413.2,417.1,1.333,1.683,2.4,,,,1851,1.851
04/12/2015,14:10:00,416.4,413.8,417.6,1.428,1.98,2.696,,,,2083,2.083
04/12/2015,14:20:00,416.5,414.1,417.7,2.204,2.169,2.821,,,,2194,2.194
04/12/2015,14:30:00,416.1,413.7,416.8,1.94,1.83,2.435,,,,1903,1.903
04/12/2015,14:40:00,415.5,413.1,416.2,1.252,0.662,1.643,,,,1323,1.323
04/12/2015,14:50:00,415.6,413.2,416.6,1.209,0.256,1.468,,,,1147,1.147
04/12/2015,15:00:00,415,412.6,416.1,0,0.185,0.907,,,,681.6,0.6816
04/12/2015,15:10:00,414.7,412.4,415.9,0,0.091,0.33,,,,195.7,0.1957
04/12/2015,15:20:00,414.5,412.5,415.8,0,0.119,0.175,,,,152,0.152
04/12/2015,15:30:00,414.2,412,415.1,0,0.098,0.252,,,,139.3,0.1393
04/12/2015,15:40:00,414.4,412.1,415.4,0,0,0,,,,0,0
04/12/2015,15:50:00,414.8,412.5,415.8,0,0,0,,,,0,0
04/12/2015,16:00:00,414.8,412.4,415.8,0,0,0,,,,0,0
04/12/2015,16:10:00,415.2,412.7,416,0,0,0,,,,0,0
04/12/2015,16:20:00,413,410.8,414.1,0,0,0,,,,0,0
04/12/2015,16:30:00,412.6,410.6,414,0,0,0,,,,0,0
04/12/2015,16:40:00,413.1,411,414.4,0,0,0,,,,0,0
04/12/2015,16:50:00,413.5,411.4,414.6,0,0,0,,,,0,0
04/12/2015,17:00:00,413.6,411.7,414.9,0,0,0,,,,0,0
04/12/2015,17:10:00,413.6,411.6,415,0,0,0,,,,0,0
04/12/2015,17:20:00,414.2,412,415.3,0,0,0,,,,0,0
04/12/2015,17:30:00,414.7,411.8,415.3,0,0,0,,,,0,0
04/12/2015,17:40:00,415,411.9,415.5,0,0,0,,,,0,0
04/12/2015,17:50:00,414.6,411.2,414.9,0,0,0,,,,0,0
04/12/2015,18:00:00,413.5,410,413.8,0,0,0,,,,0,0
04/12/2015,18:10:00,413,409.3,413.3,0,0,0,,,,0,0
04/12/2015,18:20:00,412.9,409.2,413.3,0,0,0,,,,0,0
04/12/2015,18:30:00,412.8,409.4,413.5,0,0,0,,,,0,0
04/12/2015,18:40:00,413.1,409.8,413.6,0,0,0,,,,0,0
04/12/2015,18:50:00,413.6,410.1,414,0,0,0,,,,0,0
04/12/2015,19:00:00,414.6,410.9,414.9,0,0,0,,,,0,0
04/12/2015,19:10:00,415,411.3,415.3,0,0,0,,,,0,0
04/12/2015,19:20:00,415.1,411.5,415.6,0,0,0,,,,0,0
04/12/2015,19:30:00,415.7,412,416.2,0,0,0,,,,0,0
04/12/2015,19:40:00,416,412.3,416.6,0,0,0,,,,0,0
04/12/2015,19:50:00,416.9,413.3,417.6,0,0,0,,,,0,0
04/12/2015,20:00:00,417.8,414.1,418.4,0,0,0,,,,0,0
04/12/2015,20:10:00,418.5,414.8,418.9,0,0,0,,,,0,0
04/12/2015,20:20:00,417.6,414,418,0,0,0,,,,0,0
04/12/2015,20:30:00,417.1,413.4,417.5,0,0,0,,,,0,0
04/12/2015,20:40:00,417.9,414,418.2,0,0,0,,,,0,0
04/12/2015,20:50:00,418.4,414.6,418.8,0,0,0,,,,0,0
04/12/2015,21:00:00,419.2,415.2,419.4,0,0,0,,,,0,0
04/12/2015,21:10:00,419,415.2,419.4,0,0,0,,,,0,0
04/12/2015,21:20:00,418.9,415.3,419.3,0,0,0,,,,0,0
04/12/2015,21:30:00,419.1,415.4,419.6,0,0,0,,,,0,0
04/12/2015,21:40:00,415.8,412,416,0,0,0,,,,0,0
04/12/2015,21:50:00,416.2,412.6,416.4,0,0,0,,,,0,0
04/12/2015,22:00:00,415.9,412.4,416.3,0,0,0,,,,0,0
04/12/2015,22:10:00,415.9,412.3,416.1,0,0,0,,,,0,0
04/12/2015,22:20:00,416.2,412.5,416.4,0,0,0,,,,0,0
04/12/2015,22:30:00,416.6,412.9,416.6,0,0,0,,,,0,0
04/12/2015,22:40:00,416.8,413.1,416.7,0,0,0,,,,0,0
04/12/2015,22:50:00,417.3,413.6,417.1,0,0,0,,,,0,0
04/12/2015,23:00:00,415.2,411.7,414.9,0,0,0,,,,0,0
04/12/2015,23:10:00,414,410.7,413.8,0,0,0,,,,0,0
04/12/2015,23:20:00,413.6,410.2,413.3,0,0,0,,,,0,0
04/12/2015,23:30:00,413.7,410.2,413.4,0,0,0,,,,0,0
04/12/2015,23:40:00,412.4,409.3,412.4,0,0,0,,,,0,0
04/12/2015,23:50:00,412.7,409.5,412.6,0,0,0,,,,0,0
05/12/2015,00:00:00,413.5,410.2,413.3,0,0,0,,,,0,0
05/12/2015,00:10:00,413.9,410.7,413.8,0,0,0,,,,0,0
05/12/2015,00:20:00,414.3,411.2,414.3,0,0,0,,,,0,0
05/12/2015,00:30:00,414.8,411.7,414.7,0,0,0,,,,0,0
05/12/2015,00:40:00,414.9,411.7,414.8,0,0,0,,,,0,0
05/12/2015,00:50:00,415.5,412.4,415.4,0,0,0,,,,0,0
05/12/2015,01:00:00,414.7,411.7,414.6,0,0,0,,,,0,0
05/12/2015,01:10:00,413.3,410.2,413.2,0,0,0,,,,0,0
05/12/2015,01:20:00,413.7,410.8,413.6,0,0,0,,,,0,0
05/12/2015,01:30:00,413.9,410.9,413.8,0,0,0,,,,0,0
05/12/2015,01:40:00,414,411.1,414,0,0,0,,,,0,0
05/12/2015,01:50:00,415,412.2,415.1,0,0,0,,,,0,0
05/12/2015,02:00:00,415.1,412.2,415.1,0,0,0,,,,0,0
05/12/2015,02:10:00,414.7,411.9,414.7,0,0,0,,,,0,0
05/12/2015,02:20:00,414.6,411.8,414.6,0,0,0,,,,0,0
05/12/2015,02:30:00,415.1,412.2,415.2,0,0,0,,,,0,0
05/12/2015,02:40:00,415.2,412.2,415.2,0,0,0,,,,0,0
05/12/2015,02:50:00,415.3,412.2,415.1,0,0,0,,,,0,0
05/12/2015,03:00:00,415.6,412.7,415.5,0,0,0,,,,0,0
05/12/2015,03:10:00,415,412.1,414.9,0,0,0,,,,0,0
05/12/2015,03:20:00,414.9,412,414.9,0,0,0,,,,0,0
05/12/2015,03:30:00,414.7,411.9,414.7,0,0,0,,,,0,0
05/12/2015,03:40:00,415,412.1,415,0,0,0,,,,0,0
05/12/2015,03:50:00,415.1,412.2,415.1,0,0,0,,,,0,0
05/12/2015,04:00:00,415.4,412.6,415.3,0,0,0,,,,0,0
05/12/2015,04:10:00,415.2,412.4,415.1,0,0,0,,,,0,0
05/12/2015,04:20:00,414.9,412.2,415,0,0,0,,,,0,0
05/12/2015,04:30:00,414.9,412.1,415,0,0,0,,,,0,0
05/12/2015,04:40:00,414.9,412,414.9,0,0,0,,,,0,0
05/12/2015,04:50:00,414.7,411.8,414.7,0,0,0,,,,0,0
05/12/2015,05:00:00,414.6,411.7,414.7,0,0,0,,,,0,0
05/12/2015,05:10:00,414.2,411.2,414.2,0,0,0,,,,0,0
05/12/2015,05:20:00,413.7,410.8,413.8,0,0,0,,,,0,0
05/12/2015,05:30:00,413.6,410.7,413.7,0,0,0,,,,0,0
05/12/2015,05:40:00,413.5,410.5,413.6,0,0,0,,,,0,0
05/12/2015,05:50:00,413.5,410.5,413.4,0,0,0,,,,0,0
05/12/2015,06:00:00,413.2,410.4,413.6,0,0,0,,,,0,0
05/12/2015,06:10:00,412.9,410.1,413.4,0,0,0,,,,0,0
05/12/2015,06:20:00,414,411.3,414.6,0,0,0,,,,0,0
05/12/2015,06:30:00,413.3,410.5,413.9,0,0,0,,,,0,0
05/12/2015,06:40:00,413.6,410.7,414,0,0,0,,,,0,0
05/12/2015,06:50:00,413.5,410.6,413.9,0,0,0,,,,0,0
05/12/2015,07:00:00,413.7,410.9,414.2,0,0,0,,,,0,0
05/12/2015,07:10:00,413.5,410.7,413.8,0,0,0,,,,0,0
05/12/2015,07:20:00,411.8,409.2,412.4,0,0,0,,,,0,0
05/12/2015,07:30:00,411.8,409.9,412.9,0,0,0,,,,0,0
05/12/2015,07:40:00,412,410.1,413.1,0,0,0,,,,0,0
05/12/2015,07:50:00,411.5,409.6,412.7,0,0,0,,,,0,0
05/12/2015,08:00:00,413.1,411.1,414,0,0,0,,,,0,0
05/12/2015,08:10:00,414.7,412.5,415.5,0,0,0,,,,0,0
05/12/2015,08:20:00,416.1,413.9,416.9,0,0,0,,,,0,0
05/12/2015,08:30:00,415.7,413.7,416.6,0,0,0,,,,0,0
05/12/2015,08:40:00,415.3,413.2,416.2,0,0,0,,,,0,0
05/12/2015,08:50:00,415.3,413,416.2,0,0,0,,,,0,0
05/12/2015,09:00:00,414,411.7,415.2,0,0,0,,,,0,0
05/12/2015,09:10:00,413.6,411.4,414.8,0,0,0,,,,0,0
05/12/2015,09:20:00,413.3,411.3,414.8,0,0,0,,,,0,0
05/12/2015,09:30:00,413.3,411.3,414.8,0,0,0,,,,0,0
05/12/2015,09:40:00,413.3,411.2,414.5,0,0,0,,,,0,0
05/12/2015,09:50:00,413,410.9,414.3,0,0,0,,,,0,0
05/12/2015,10:00:00,413,411,414.3,0,0,0,,,,0,0
05/12/2015,10:10:00,412.9,411,414.3,0,0,0,,,,0,0
05/12/2015,10:20:00,412.6,410.6,413.9,0,0,0,,,,0,0
05/12/2015,10:30:00,412.4,410.4,413.8,0,0,0,,,,0,0
05/12/2015,10:40:00,412.7,410.7,414.2,0,0,0,,,,0,0
05/12/2015,10:50:00,416.8,414.7,418.2,0,0.114,0.188,,,,51.83,0.05183
05/12/2015,11:00:00,416.3,414.4,417.8,0,0,0,,,,0,0
05/12/2015,11:10:00,416.7,414.8,418.2,0,0.374,0.736,,,,597.2,0.5972
05/12/2015,11:20:00,417.4,415.3,418.8,0,0.894,1.497,,,,1346,1.346
05/12/2015,11:30:00,418.8,416.5,420.1,2.298,2.446,2.956,,,,2371,2.371
05/12/2015,11:40:00,419.1,416.9,420.4,1.077,1.94,2.511,,,,2092,2.092
05/12/2015,11:50:00,418.9,416.7,420.4,0,1.963,2.469,,,,2112,2.112
05/12/2015,12:00:00,419.6,417.4,421,1.295,2.459,2.993,,,,2431,2.431
05/12/2015,12:10:00,418.7,416.6,420.5,2.281,2.782,3.274,,,,2618,2.618
05/12/2015,12:20:00,417.1,415,418.7,1.568,2.104,2.61,,,,2096,2.096
05/12/2015,12:30:00,416.5,414.4,418.1,0,1.89,2.351,,,,1932,1.932
05/12/2015,12:40:00,419.6,417.6,421.2,3.741,4.305,4.788,,,,3766,3.766
05/12/2015,12:50:00,419.2,417,420.7,3.088,3.642,4.15,,,,3276,3.276
05/12/2015,13:00:00,418.9,416.9,420.4,2.752,3.207,3.701,,,,2936,2.936
05/12/2015,13:10:00,418.7,416.7,420.2,2.745,3.166,3.665,,,,2907,2.907
05/12/2015,13:20:00,419.2,417,420.6,2.889,3.439,3.935,,,,3116,3.116
05/12/2015,13:30:00,419.1,416.8,420.5,2.87,3.287,3.794,,,,3008,3.008
05/12/2015,13:40:00,419.8,417.6,421.4,3.132,3.554,4.062,,,,3216,3.216
05/12/2015,13:50:00,420.3,418.1,421.8,3.247,3.717,4.225,,,,3346,3.346
05/12/2015,14:00:00,419.9,417.8,421.5,3.041,3.659,4.159,,,,3291,3.291
05/12/2015,14:10:00,420.1,417.9,421.7,3.134,3.579,4.091,,,,3239,3.239
05/12/2015,14:20:00,419.8,417.6,421.3,2.739,3.342,3.835,,,,3046,3.046
05/12/2015,14:30:00,418.1,416.1,419.7,0,2.107,2.541,,,,2126,2.126
05/12/2015,14:40:00,418.4,416.3,420.2,0,2.825,3.271,,,,2603,2.603
05/12/2015,14:50:00,419.3,417.2,421.1,3.234,3.667,4.163,,,,3288,3.288
05/12/2015,15:00:00,417.6,415.5,419.3,0,1.918,2.389,,,,2169,2.169
05/12/2015,15:10:00,415.3,413.5,416.9,0,0.049,0.056,,,,8.493,0.008493
05/12/2015,15:20:00,415.7,413.7,417.1,0,0.017,0.07,,,,25.47,0.02547
05/12/2015,15:30:00,416.2,414.2,417.6,0,0.127,0.187,,,,63.25,0.06325
05/12/2015,15:40:00,416,414.2,417.6,0,0,0,,,,0,0
05/12/2015,15:50:00,416.5,414.5,417.9,0,0,0,,,,0,0
05/12/2015,16:00:00,416.5,414.3,417.8,0,0,0,,,,0,0
05/12/2015,16:10:00,416.6,414.5,417.9,0,0,0,,,,0,0
05/12/2015,16:20:00,416.4,414.4,417.8,0,0,0,,,,0,0
05/12/2015,16:30:00,416.5,414.6,418,0,0.004,0.011,,,,124,0.124
05/12/2015,16:40:00,416.6,414.7,418,0,0.03,0.637,,,,207.2,0.2072
05/12/2015,16:50:00,416.4,414.3,417.8,0,0.289,0.592,,,,116.4,0.1164
05/12/2015,17:00:00,416.2,414.1,417.5,0,0,0,,,,0,0
05/12/2015,17:10:00,416.8,414.7,418.1,0,0,0,,,,0,0
05/12/2015,17:20:00,416.7,414.7,417.9,0,0,0,,,,0,0
05/12/2015,17:30:00,416.5,414.2,417.7,0,0,0,,,,0,0
05/12/2015,17:40:00,415.9,413.6,417.3,0,0,0,,,,0,0
05/12/2015,17:50:00,415.8,413.1,417,0,0,0,,,,0,0
05/12/2015,18:00:00,415.4,412.2,416.2,0,0,0,,,,0,0
05/12/2015,18:10:00,414.9,411.7,415.7,0,0,0,,,,0,0
05/12/2015,18:20:00,415.1,411.8,415.7,0,0,0,,,,0,0
05/12/2015,18:30:00,415.3,412,416,0,0,0,,,,0,0
05/12/2015,18:40:00,415.6,412.3,416.3,0,0,0,,,,0,0
05/12/2015,18:50:00,415.9,412.5,416.3,0,0,0,,,,0,0
05/12/2015,19:00:00,415.9,412.6,416.6,0,0,0,,,,0,0
05/12/2015,19:10:00,416,412.6,416.8,0,0,0,,,,0,0
05/12/2015,19:20:00,416.2,413,417.2,0,0,0,,,,0,0
05/12/2015,19:30:00,415.5,412.3,416.6,0,0,0,,,,0,0
05/12/2015,19:40:00,415.9,412.5,416.9,0,0,0,,,,0,0
05/12/2015,19:50:00,416.3,413,417.3,0,0,0,,,,0,0
05/12/2015,20:00:00,416.7,413.4,417.8,0,0,0,,,,0,0
05/12/2015,20:10:00,417,413.7,418.1,0,0,0,,,,0,0
05/12/2015,20:20:00,416.9,413.5,418,0,0,0,,,,0,0
05/12/2015,20:30:00,414.9,411.7,416.1,0,0,0,,,,0,0
05/12/2015,20:40:00,414.8,411.5,416,0,0,0,,,,0,0
05/12/2015,20:50:00,415.2,412.1,416.4,0,0,0,,,,0,0
05/12/2015,21:00:00,415.2,412,416.5,0,0,0,,,,0,0
05/12/2015,21:10:00,415.4,412.3,416.6,0,0,0,,,,0,0
05/12/2015,21:20:00,416,412.7,417,0,0,0,,,,0,0
05/12/2015,21:30:00,415.6,412.5,416.6,0,0,0,,,,0,0
05/12/2015,21:40:00,415.9,412.6,416.7,0,0,0,,,,0,0
05/12/2015,21:50:00,416.4,413.1,417,0,0,0,,,,0,0
05/12/2015,22:00:00,416.6,413.4,417.3,0,0,0,,,,0,0
05/12/2015,22:10:00,416.4,413.3,417.3,0,0,0,,,,0,0
05/12/2015,22:20:00,415.5,412.6,416.5,0,0,0,,,,0,0
05/12/2015,22:30:00,416.4,413.4,417.2,0,0,0,,,,0,0
05/12/2015,22:40:00,416.2,413.1,416.9,0,0,0,,,,0,0
05/12/2015,22:50:00,414.6,411.6,415.6,0,0,0,,,,0,0
05/12/2015,23:00:00,414.9,411.9,415.7,0,0,0,,,,0,0
05/12/2015,23:10:00,414.8,411.7,415.4,0,0,0,,,,0,0
05/12/2015,23:20:00,415,411.9,415.7,0,0,0,,,,0,0
05/12/2015,23:30:00,415.7,412.8,416.3,0,0,0,,,,0,0
05/12/2015,23:40:00,415.3,412.5,415.9,0,0,0,,,,0,0
05/12/2015,23:50:00,413.7,410.8,414.3,0,0,0,,,,0,0
06/12/2015,00:00:00,413.7,410.9,414.3,0,0,0,,,,0,0
06/12/2015,00:10:00,414.4,411.5,415,0,0,0,,,,0,0
06/12/2015,00:20:00,415,412.2,415.7,0,0,0,,,,0,0
06/12/2015,00:30:00,415.5,412.6,416.1,0,0,0,,,,0,0
06/12/2015,00:40:00,415.4,412.5,415.9,0,0,0,,,,0,0
06/12/2015,00:50:00,414.8,412.1,415.4,0,0,0,,,,0,0
06/12/2015,01:00:00,415,412.3,415.6,0,0,0,,,,0,0
06/12/2015,01:10:00,415.1,412.5,415.8,0,0,0,,,,0,0
06/12/2015,01:20:00,414.6,411.9,415.3,0,0,0,,,,0,0
06/12/2015,01:30:00,415.7,413,416.3,0,0,0,,,,0,0
06/12/2015,01:40:00,415.2,412.3,415.7,0,0,0,,,,0,0
06/12/2015,01:50:00,415.5,412.6,416.1,0,0,0,,,,0,0
06/12/2015,02:00:00,415.4,412.4,416,0,0,0,,,,0,0
06/12/2015,02:10:00,415.5,412.6,416.1,0,0,0,,,,0,0
06/12/2015,02:20:00,415.7,412.8,416.3,0,0,0,,,,0,0
06/12/2015,02:30:00,415.7,412.8,416.3,0,0,0,,,,0,0
06/12/2015,02:40:00,416.5,413.6,417.1,0,0,0,,,,0,0
06/12/2015,02:50:00,416.1,413.1,416.6,0,0,0,,,,0,0
06/12/2015,03:00:00,416.5,413.6,417.1,0,0,0,,,,0,0
06/12/2015,03:10:00,416.1,413.2,416.8,0,0,0,,,,0,0
06/12/2015,03:20:00,416,413.2,416.7,0,0,0,,,,0,0
06/12/2015,03:30:00,416,413,416.6,0,0,0,,,,0,0
06/12/2015,03:40:00,416.8,413.9,417.4,0,0,0,,,,0,0
06/12/2015,03:50:00,416.6,413.8,417.3,0,0,0,,,,0,0
06/12/2015,04:00:00,416.6,413.7,417.1,0,0,0,,,,0,0
06/12/2015,04:10:00,415.9,413.1,416.5,0,0,0,,,,0,0
06/12/2015,04:20:00,416.1,413.2,416.5,0,0,0,,,,0,0
06/12/2015,04:30:00,416.6,413.7,417.2,0,0,0,,,,0,0
06/12/2015,04:40:00,416.6,413.8,417.2,0,0,0,,,,0,0
06/12/2015,04:50:00,416.3,413.4,416.9,0,0,0,,,,0,0
06/12/2015,05:00:00,415.9,413.1,416.4,0,0,0,,,,0,0
06/12/2015,05:10:00,416.2,413.4,416.9,0,0,0,,,,0,0
06/12/2015,05:20:00,416.4,413.4,416.9,0,0,0,,,,0,0
06/12/2015,05:30:00,415.9,412.9,416.4,0,0,0,,,,0,0
06/12/2015,05:40:00,416.2,413.3,416.8,0,0,0,,,,0,0
06/12/2015,05:50:00,416,413.1,416.5,0,0,0,,,,0,0
06/12/2015,06:00:00,416,413.1,416.7,0,0,0,,,,0,0
06/12/2015,06:10:00,415.9,412.9,416.4,0,0,0,,,,0,0
06/12/2015,06:20:00,416,413,416.5,0,0,0,,,,0,0
06/12/2015,06:30:00,415.5,412.5,416.1,0,0,0,,,,0,0
06/12/2015,06:40:00,415.2,412.2,415.6,0,0,0,,,,0,0
06/12/2015,06:50:00,415.6,412.6,416,0,0,0,,,,0,0
06/12/2015,07:00:00,415.9,413.1,416.4,0,0,0,,,,0,0
06/12/2015,07:10:00,416,413.3,416.7,0,0,0,,,,0,0
06/12/2015,07:20:00,415.8,413,416.4,0,0,0,,,,0,0
06/12/2015,07:30:00,415.1,412.3,415.7,0,0,0,,,,0,0
06/12/2015,07:40:00,415.7,412.9,416.2,0,0,0,,,,0,0
06/12/2015,07:50:00,415,412.2,415.4,0,0,0,,,,0,0
06/12/2015,08:00:00,414.1,412,415.1,0,0,0,,,,0,0
06/12/2015,08:10:00,413.9,411.9,415,0,0,0,,,,0,0
06/12/2015,08:20:00,413.7,411.7,414.8,0,0,0,,,,0,0
06/12/2015,08:30:00,413.8,411.8,414.8,0,0,0,,,,0,0
06/12/2015,08:40:00,414.5,412.2,415.4,0,0,0,,,,0,0
06/12/2015,08:50:00,414.7,412.6,415.9,0,0,0,,,,0,0
06/12/2015,09:00:00,413.9,411.8,415,0,0,0,,,,0,0
06/12/2015,09:10:00,413.7,411.7,414.9,0,0,0,,,,0,0
06/12/2015,09:20:00,417.7,415.4,418.8,0,0,0,,,,0,0
06/12/2015,09:30:00,417.2,414.9,418.2,0,0,0,,,,0,0
06/12/2015,09:40:00,417,414.6,418,0,0,0,,,,0,0
06/12/2015,09:50:00,417,414.6,417.9,0,0,0,,,,0,0
06/12/2015,10:00:00,416.7,414.4,417.6,0,0,0,,,,0,0
06/12/2015,10:10:00,415.9,413.6,416.8,0,0,0,,,,0,0
06/12/2015,10:20:00,415.8,413.5,416.7,0,0,0,,,,0,0
06/12/2015,10:30:00,415.6,413.2,416.5,0,0,0,,,,0,0
06/12/2015,10:40:00,415.5,413.1,416.3,0,0,0,,,,0,0
06/12/2015,10:50:00,415.7,413.2,416.5,0,0,0,,,,0,0
06/12/2015,11:00:00,415.5,413,416.2,0,0,0,,,,0,0
06/12/2015,11:10:00,414.7,412.2,415.6,0,0,0,,,,0,0
06/12/2015,11:20:00,415.2,412.8,416.1,0,0,0,,,,0,0
06/12/2015,11:30:00,415.4,412.9,416.4,0,0,0,,,,0,0
06/12/2015,11:40:00,415.8,413.4,416.9,0,0,0,,,,0,0
06/12/2015,11:50:00,415.4,413,416.3,0,0,0,,,,0,0
06/12/2015,12:00:00,415.5,413.2,416.5,0,0,0,,,,0,0
06/12/2015,12:10:00,415.8,413.5,416.7,0,0,0,,,,0,0
06/12/2015,12:20:00,416.3,414,417.5,0,0.791,1.193,,,,975.7,0.9757
06/12/2015,12:30:00,419.7,417.3,421,1.852,3.609,4.15,,,,3271,3.271
06/12/2015,12:40:00,420.3,417.9,421.6,3.634,4.412,4.935,,,,3875,3.875
06/12/2015,12:50:00,420.2,417.8,421.6,4.159,4.522,5.061,,,,3965,3.965
06/12/2015,13:00:00,419.3,417,420.7,3.527,4.177,4.706,,,,3691,3.691
06/12/2015,13:10:00,419.7,417.1,420.9,3.551,4.086,4.621,,,,3627,3.627
06/12/2015,13:20:00,420.8,418.1,422.1,3.656,4.691,5.224,,,,4092,4.092
06/12/2015,13:30:00,420.7,418,422.1,4.436,4.929,5.464,,,,4274,4.274
06/12/2015,13:40:00,420.6,418,422,4.026,4.726,5.264,,,,4123,4.123
06/12/2015,13:50:00,421.5,418.9,422.8,4.72,4.906,5.432,,,,4262,4.262
06/12/2015,14:00:00,421.7,419.1,422.9,4.25,4.824,5.361,,,,4208,4.208
06/12/2015,14:10:00,421.3,418.8,422.5,4.379,4.857,5.396,,,,4229,4.229
06/12/2015,14:20:00,420.8,418.2,421.9,3.81,4.562,5.105,,,,4002,4.002
06/12/2015,14:30:00,421,418.4,422.1,3.567,4.177,4.715,,,,3712,3.712
06/12/2015,14:40:00,420.9,418.5,422.3,3.519,4.236,4.772,,,,3757,3.757
06/12/2015,14:50:00,420.3,417.8,421.6,2.974,3.713,4.27,,,,3369,3.369
06/12/2015,15:00:00,420.3,417.8,421.5,2.495,3.601,4.163,,,,3285,3.285
06/12/2015,15:10:00,419.1,416.7,420.3,2.339,3.074,3.638,,,,2877,2.877
06/12/2015,15:20:00,418.9,416.5,420.1,2.447,2.6,3.157,,,,2511,2.511
06/12/2015,15:30:00,418.5,416.2,419.7,2.048,1.915,2.468,,,,1981,1.981
06/12/2015,15:40:00,417.3,414.9,418.4,1.748,1.491,2.042,,,,1644,1.644
06/12/2015,15:50:00,417.6,415.1,418.6,1.687,1.4,1.946,,,,1572,1.572
06/12/2015,16:00:00,417.3,415,418.3,1.482,1.224,1.767,,,,1431,1.431
06/12/2015,16:10:00,416.7,414.2,417.8,1.4,0.698,1.568,,,,1268,1.268
06/12/2015,16:20:00,416.4,414.1,417.6,1.294,0.012,1.44,,,,1168,1.168
06/12/2015,16:30:00,417.1,414.8,418.3,1.236,0,1.34,,,,1087,1.087
06/12/2015,16:40:00,416.6,414.3,417.8,1.112,0,0.943,,,,815.3,0.8153
06/12/2015,16:50:00,415.9,413.8,417.2,0,0,0.025,,,,249,0.249
06/12/2015,17:00:00,415.7,413.3,416.7,0,0.271,0.777,,,,180.7,0.1807
06/12/2015,17:10:00,415.2,412.9,416.3,0,0,0,,,,0,0
06/12/2015,17:20:00,414.7,412.4,415.8,0,0,0,,,,0,0
06/12/2015,17:30:00,414.4,412,415.5,0,0,0,,,,0,0
06/12/2015,17:40:00,414.3,412,415.4,0,0,0,,,,0,0
06/12/2015,17:50:00,414.7,412,415.6,0,0,0,,,,0,0
06/12/2015,18:00:00,413.8,410.4,414.3,0,0,0,,,,0,0
06/12/2015,18:10:00,413.6,409.8,413.9,0,0,0,,,,0,0
06/12/2015,18:20:00,415.1,411.4,415.4,0,0,0,,,,0,0
06/12/2015,18:30:00,415.2,411.5,415.7,0,0,0,,,,0,0
06/12/2015,18:40:00,415,411.3,415.4,0,0,0,,,,0,0
06/12/2015,18:50:00,414.9,411.2,415.4,0,0,0,,,,0,0
06/12/2015,19:00:00,415.4,411.8,415.8,0,0,0,,,,0,0
06/12/2015,19:10:00,415.3,411.6,415.7,0,0,0,,,,0,0
06/12/2015,19:20:00,415.2,411.6,415.7,0,0,0,,,,0,0
06/12/2015,19:30:00,415.4,411.7,415.8,0,0,0,,,,0,0
06/12/2015,19:40:00,415.6,411.9,416,0,0,0,,,,0,0
06/12/2015,19:50:00,415.8,412.1,416.3,0,0,0,,,,0,0
06/12/2015,20:00:00,415.8,411.8,416.1,0,0,0,,,,0,0
06/12/2015,20:10:00,415.4,411.5,415.8,0,0,0,,,,0,0
06/12/2015,20:20:00,416.2,412.4,416.7,0,0,0,,,,0,0
06/12/2015,20:30:00,415.3,411.4,415.7,0,0,0,,,,0,0
06/12/2015,20:40:00,414.3,410.6,414.9,0,0,0,,,,0,0
06/12/2015,20:50:00,413.8,410,414.3,0,0,0,,,,0,0
06/12/2015,21:00:00,413.1,409.5,413.8,0,0,0,,,,0,0
06/12/2015,21:10:00,414,410.4,414.6,0,0,0,,,,0,0
06/12/2015,21:20:00,414.8,411.1,415.2,0,0,0,,,,0,0
06/12/2015,21:30:00,415.1,411.4,415.5,0,0,0,,,,0,0
06/12/2015,21:40:00,415.3,411.7,415.5,0,0,0,,,,0,0
06/12/2015,21:50:00,415,411.3,415.2,0,0,0,,,,0,0
06/12/2015,22:00:00,415.2,411.4,415.3,0,0,0,,,,0,0
06/12/2015,22:10:00,415.6,411.8,415.7,0,0,0,,,,0,0
06/12/2015,22:20:00,415.9,412.1,415.8,0,0,0,,,,0,0
06/12/2015,22:30:00,416.1,412.2,415.9,0,0,0,,,,0,0
06/12/2015,22:40:00,416.1,412.3,416,0,0,0,,,,0,0
06/12/2015,22:50:00,415.7,411.8,415.6,0,0,0,,,,0,0
06/12/2015,23:00:00,415.9,412.1,415.8,0,0,0,,,,0,0
06/12/2015,23:10:00,415.1,411.5,415.3,0,0,0,,,,0,0
06/12/2015,23:20:00,416.1,412.4,416.1,0,0,0,,,,0,0
06/12/2015,23:30:00,416.7,413.1,416.5,0,0,0,,,,0,0
06/12/2015,23:40:00,417.2,413.9,417.1,0,0,0,,,,0,0
06/12/2015,23:50:00,417.5,414.1,417.4,0,0,0,,,,0,0
07/12/2015,00:00:00,417.6,414.3,417.6,0,0,0,,,,0,0
07/12/2015,00:10:00,416.1,412.9,416.1,0,0,0,,,,0,0
07/12/2015,00:20:00,416.3,413.2,416.4,0,0,0,,,,0,0
07/12/2015,00:30:00,416.4,413.2,416.4,0,0,0,,,,0,0
07/12/2015,00:40:00,416.8,413.5,416.7,0,0,0,,,,0,0
07/12/2015,00:50:00,416.3,412.9,416.2,0,0,0,,,,0,0
07/12/2015,01:00:00,416.3,413.2,416.3,0,0,0,,,,0,0
07/12/2015,01:10:00,416.6,413.7,416.8,0,0,0,,,,0,0
07/12/2015,01:20:00,417,414,417.1,0,0,0,,,,0,0
07/12/2015,01:30:00,417.2,414.1,417.2,0,0,0,,,,0,0
07/12/2015,01:40:00,416.7,413.8,417,0,0,0,,,,0,0
07/12/2015,01:50:00,416.8,413.8,416.9,0,0,0,,,,0,0
07/12/2015,02:00:00,417.2,414.2,417.3,0,0,0,,,,0,0
07/12/2015,02:10:00,417.4,414.5,417.6,0,0,0,,,,0,0
07/12/2015,02:20:00,417.6,414.7,417.7,0,0,0,,,,0,0
07/12/2015,02:30:00,417.4,414.4,417.5,0,0,0,,,,0,0
07/12/2015,02:40:00,417.4,414.4,417.4,0,0,0,,,,0,0
07/12/2015,02:50:00,417.2,414.2,417.4,0,0,0,,,,0,0
07/12/2015,03:00:00,417.2,414.2,417.2,0,0,0,,,,0,0
07/12/2015,03:10:00,417.8,414.8,417.8,0,0,0,,,,0,0
07/12/2015,03:20:00,417.8,414.8,417.8,0,0,0,,,,0,0
07/12/2015,03:30:00,417.4,414.4,417.5,0,0,0,,,,0,0
07/12/2015,03:40:00,417.5,414.5,417.6,0,0,0,,,,0,0
07/12/2015,03:50:00,417.6,414.7,417.7,0,0,0,,,,0,0
07/12/2015,04:00:00,417.2,414.3,417.2,0,0,0,,,,0,0
07/12/2015,04:10:00,417.2,414.5,417.4,0,0,0,,,,0,0
07/12/2015,04:20:00,417.1,414.3,417.3,0,0,0,,,,0,0
07/12/2015,04:30:00,416.8,414,417,0,0,0,,,,0,0
07/12/2015,04:40:00,416.9,414,417.1,0,0,0,,,,0,0
07/12/2015,04:50:00,416.3,413.2,416.1,0,0,0,,,,0,0
07/12/2015,05:00:00,414.5,411.6,414.3,0,0,0,,,,0,0
07/12/2015,05:10:00,414.4,411.4,414.3,0,0,0,,,,0,0
07/12/2015,05:20:00,414.3,411.3,414.2,0,0,0,,,,0,0
07/12/2015,05:30:00,414.2,411.1,414.4,0,0,0,,,,0,0
07/12/2015,05:40:00,414.5,411.3,414.7,0,0,0,,,,0,0
07/12/2015,05:50:00,414.3,411.2,414.4,0,0,0,,,,0,0
07/12/2015,06:00:00,414.7,411.7,415.1,0,0,0,,,,0,0
07/12/2015,06:10:00,414.2,411,414.5,0,0,0,,,,0,0
07/12/2015,06:20:00,414.9,411.7,415.3,0,0,0,,,,0,0
07/12/2015,06:30:00,414.2,410.8,414.5,0,0,0,,,,0,0
07/12/2015,06:40:00,414.1,410.7,414.2,0,0,0,,,,0,0
07/12/2015,06:50:00,413.9,410.4,414.1,0,0,0,,,,0,0
07/12/2015,07:00:00,414,410.6,414,0,0,0,,,,0,0
07/12/2015,07:10:00,414.3,410.7,413.9,0,0,0,,,,0,0
07/12/2015,07:20:00,415.4,413,415.8,0,0,0,,,,0,0
07/12/2015,07:30:00,414.2,412.2,414.8,0,0,0,,,,0,0
07/12/2015,07:40:00,413.4,411.3,413.8,0,0,0,,,,0,0
07/12/2015,07:50:00,414.2,412,414.2,0,0,0,,,,0,0
07/12/2015,08:00:00,414.3,412.1,414.3,0,0,0,,,,0,0
07/12/2015,08:10:00,414.3,411.9,414.3,0,0,0,,,,0,0
07/12/2015,08:20:00,413.1,410.7,413,0,0,0,,,,0,0
07/12/2015,08:30:00,412.3,409.9,412.6,0,0,0,,,,0,0
07/12/2015,08:40:00,413,410.7,413.4,0,0,0,,,,0,0
07/12/2015,08:50:00,412.8,410.2,413.1,0,0,0,,,,0,0
07/12/2015,09:00:00,412.3,409.8,412.6,0,0,0,,,,0,0
07/12/2015,09:10:00,412.7,410.1,412.9,0,0,0,,,,0,0
07/12/2015,09:20:00,414.2,411.8,414.4,0,0,0,,,,0,0
07/12/2015,09:30:00,414.3,411.8,414.3,0,0.509,0.657,,,,502.4,0.5024
07/12/2015,09:40:00,416.5,413.8,416.9,1.107,2.836,3.452,,,,2772,2.772
07/12/2015,09:50:00,414.1,411.7,414.7,0,1.463,2.044,,,,1690,1.69
07/12/2015,10:00:00,414.5,412.1,415.1,1.118,2.167,2.872,,,,2337,2.337
07/12/2015,10:10:00,416,413.5,416.7,3.344,3.929,4.491,,,,3471,3.471
07/12/2015,10:20:00,420.8,418.1,421.1,1.602,4.259,4.886,,,,3804,3.804
07/12/2015,10:30:00,420.7,418,421.1,3.538,4.172,4.79,,,,3735,3.735
07/12/2015,10:40:00,420.3,417.5,420.6,3.396,4.168,4.793,,,,3727,3.727
07/12/2015,10:50:00,420.4,417.7,420.8,3.631,4.287,4.899,,,,3813,3.813
07/12/2015,11:00:00,419.3,416.7,420,3.259,3.997,4.631,,,,3597,3.597
07/12/2015,11:10:00,417.8,415,418.2,2.74,3.546,4.184,,,,3240,3.24
07/12/2015,11:20:00,419,416.1,419.1,3.391,3.824,4.424,,,,3437,3.437
07/12/2015,11:30:00,419.6,416.7,419.9,3.652,4.128,4.737,,,,3677,3.677
07/12/2015,11:40:00,418.7,415.9,419.2,3.525,3.962,4.577,,,,3548,3.548
07/12/2015,11:50:00,419.3,416.9,420,3.349,3.965,4.602,,,,3571,3.571
07/12/2015,12:00:00,419,416.5,419.6,3.474,3.964,4.605,,,,3567,3.567
07/12/2015,12:10:00,418.5,416.3,419.3,3.008,3.71,4.29,,,,3340,3.34
07/12/2015,12:20:00,418.9,416.8,419.8,3.395,3.838,4.411,,,,3440,3.44
07/12/2015,12:30:00,417.7,415.4,418.6,3.085,3.75,4.329,,,,3364,3.364
07/12/2015,12:40:00,416.2,413.8,416.8,2.283,3.153,3.695,,,,2877,2.877
07/12/2015,12:50:00,416.5,414.3,417.3,2.556,3.075,3.612,,,,2819,2.819
07/12/2015,13:00:00,416.9,414.7,417.7,1.249,3.197,3.732,,,,2915,2.915
07/12/2015,13:10:00,416.5,414.5,417.2,1.114,2.494,3.049,,,,2479,2.479
07/12/2015,13:20:00,416.3,414.2,417,2.005,2.735,3.28,,,,2566,2.566
07/12/2015,13:30:00,416.7,414.5,417.6,2.689,3.115,3.698,,,,2877,2.877
07/12/2015,13:40:00,416.4,414.2,417.1,2.705,2.959,3.53,,,,2748,2.748
07/12/2015,13:50:00,417,414.8,417.6,2.955,3.169,3.755,,,,2920,2.92
07/12/2015,14:00:00,417.5,415.3,418.2,2.857,2.944,3.533,,,,2758,2.758
07/12/2015,14:10:00,417.1,415,417.8,2.241,2.306,2.855,,,,2252,2.252
07/12/2015,14:20:00,417.3,415.3,418.4,2.283,2.324,2.883,,,,2281,2.281
07/12/2015,14:30:00,416.5,414.6,417.6,1.724,1.622,2.161,,,,1719,1.719
07/12/2015,14:40:00,415.9,414,417.1,1.562,1.439,1.95,,,,1556,1.556
07/12/2015,14:50:00,416.1,414,417.1,1.379,1.301,1.846,,,,1469,1.469
07/12/2015,15:00:00,415.7,413.5,416.8,1.173,1.016,1.624,,,,1287,1.287
07/12/2015,15:10:00,414.6,412.3,415.7,0,0.108,0.363,,,,182.6,0.1826
07/12/2015,15:20:00,414.5,412.5,415.5,0,0.044,0.382,,,,182.1,0.1821
07/12/2015,15:30:00,415,412.8,415.9,0,0.103,1.061,,,,885.6,0.8856
07/12/2015,15:40:00,415,413,416,0,0.004,0.76,,,,604.5,0.6045
07/12/2015,15:50:00,414.8,412.8,415.7,0,0.198,0.327,,,,138,0.138
07/12/2015,16:00:00,414.5,412.7,415.7,0,0.234,0.277,,,,50.38,0.05038
07/12/2015,16:10:00,413.9,412.1,415,0,0,0,,,,0,0
07/12/2015,16:20:00,414,412.2,414.8,0,0,0,,,,0,0
07/12/2015,16:30:00,414.3,412.4,415,0,0,0,,,,0,0
07/12/2015,16:40:00,414.7,412.7,415.4,0,0,0,,,,0,0
07/12/2015,16:50:00,415.2,413.1,415.8,0,0,0,,,,0,0
07/12/2015,17:00:00,414.9,413,415.8,0,0,0,,,,0,0
07/12/2015,17:10:00,414.5,412.4,415.3,0,0,0,,,,0,0
07/12/2015,17:20:00,414.1,412.2,415.2,0,0,0,,,,0,0
07/12/2015,17:30:00,414.4,412.6,415.6,0,0,0,,,,0,0
07/12/2015,17:40:00,414.6,412.4,415.3,0,0,0,,,,0,0
07/12/2015,17:50:00,414.1,411.3,414.5,0,0,0,,,,0,0
07/12/2015,18:00:00,413.8,410.8,414.2,0,0,0,,,,0,0
07/12/2015,18:10:00,413.4,410,413.6,0,0,0,,,,0,0
07/12/2015,18:20:00,413.3,409.9,413.5,0,0,0,,,,0,0
07/12/2015,18:30:00,413.8,410.3,414,0,0,0,,,,0,0
07/12/2015,18:40:00,413.8,410.5,414.3,0,0,0,,,,0,0
07/12/2015,18:50:00,414.7,411.4,415.1,0,0,0,,,,0,0
07/12/2015,19:00:00,416.2,412.8,416.6,0,0,0,,,,0,0
07/12/2015,19:10:00,416.5,413.1,417,0,0,0,,,,0,0
07/12/2015,19:20:00,412.7,409.4,413.2,0,0,0,,,,0,0
07/12/2015,19:30:00,412.6,409.1,413.1,0,0,0,,,,0,0
07/12/2015,19:40:00,412.9,409.4,413.3,0,0,0,,,,0,0
07/12/2015,19:50:00,413.7,410,413.9,0,0,0,,,,0,0
07/12/2015,20:00:00,414.3,410.7,414.7,0,0,0,,,,0,0
07/12/2015,20:10:00,414.8,411,415.3,0,0,0,,,,0,0
07/12/2015,20:20:00,415,411.4,415.7,0,0,0,,,,0,0
07/12/2015,20:30:00,415.4,411.8,415.9,0,0,0,,,,0,0
07/12/2015,20:40:00,416,412.3,416.5,0,0,0,,,,0,0
07/12/2015,20:50:00,414.1,410.8,414.7,0,0,0,,,,0,0
07/12/2015,21:00:00,413.3,410.1,414,0,0,0,,,,0,0
07/12/2015,21:10:00,413.8,410.5,414.2,0,0,0,,,,0,0
07/12/2015,21:20:00,414.6,411.3,415,0,0,0,,,,0,0
07/12/2015,21:30:00,415.2,412.1,415.8,0,0,0,,,,0,0
07/12/2015,21:40:00,415.8,412.5,416.2,0,0,0,,,,0,0
07/12/2015,21:50:00,416.2,412.9,416.8,0,0,0,,,,0,0
07/12/2015,22:00:00,416,412.6,416.4,0,0,0,,,,0,0
07/12/2015,22:10:00,416,412.6,416.3,0,0,0,,,,0,0
07/12/2015,22:20:00,416.3,412.8,416.5,0,0,0,,,,0,0
07/12/2015,22:30:00,416.4,413,416.6,0,0,0,,,,0,0
07/12/2015,22:40:00,417,413.8,417.4,0,0,0,,,,0,0
07/12/2015,22:50:00,417.5,414.4,418,0,0,0,,,,0,0
07/12/2015,23:00:00,412.4,409.3,412.9,0,0,0,,,,0,0
07/12/2015,23:10:00,412.3,409.2,412.8,0,0,0,,,,0,0
07/12/2015,23:20:00,412.7,409.6,413.1,0,0,0,,,,0,0
07/12/2015,23:30:00,413,410.1,413.5,0,0,0,,,,0,0
07/12/2015,23:40:00,413.2,410.4,413.7,0,0,0,,,,0,0
07/12/2015,23:50:00,413.8,411.2,414.4,0,0,0,,,,0,0
08/12/2015,00:00:00,414.5,412,415.2,0,0,0,,,,0,0
08/12/2015,00:10:00,414,411.5,414.7,0,0,0,,,,0,0
08/12/2015,00:20:00,413.7,411.1,414.4,0,0,0,,,,0,0
08/12/2015,00:30:00,413.4,411,414,0,0,0,,,,0,0
08/12/2015,00:40:00,413.4,411,413.9,0,0,0,,,,0,0
08/12/2015,00:50:00,414,411.7,414.6,0,0,0,,,,0,0
08/12/2015,01:00:00,414.5,412.2,415.1,0,0,0,,,,0,0
08/12/2015,01:10:00,414.3,412,414.8,0,0,0,,,,0,0
08/12/2015,01:20:00,414.4,412.3,415.2,0,0,0,,,,0,0
08/12/2015,01:30:00,413.4,411.2,414,0,0,0,,,,0,0
08/12/2015,01:40:00,412.9,410.7,413.6,0,0,0,,,,0,0
08/12/2015,01:50:00,413.2,411,413.9,0,0,0,,,,0,0
08/12/2015,02:00:00,413,410.9,413.8,0,0,0,,,,0,0
08/12/2015,02:10:00,413.3,411.2,414,0,0,0,,,,0,0
08/12/2015,02:20:00,413.5,411.3,414.2,0,0,0,,,,0,0
08/12/2015,02:30:00,413.9,411.6,414.4,0,0,0,,,,0,0
08/12/2015,02:40:00,413.5,411.3,414.2,0,0,0,,,,0,0
08/12/2015,02:50:00,413.5,411.4,414.3,0,0,0,,,,0,0
08/12/2015,03:00:00,413.4,411.2,414.1,0,0,0,,,,0,0
08/12/2015,03:10:00,413.5,411.4,414.3,0,0,0,,,,0,0
08/12/2015,03:20:00,413.7,411.7,414.5,0,0,0,,,,0,0
08/12/2015,03:30:00,413.8,411.7,414.6,0,0,0,,,,0,0
08/12/2015,03:40:00,414,411.9,414.6,0,0,0,,,,0,0
08/12/2015,03:50:00,413.6,411.6,414.4,0,0,0,,,,0,0
08/12/2015,04:00:00,413.9,411.7,414.6,0,0,0,,,,0,0
08/12/2015,04:10:00,414.2,411.9,414.8,0,0,0,,,,0,0
08/12/2015,04:20:00,414.1,411.8,414.7,0,0,0,,,,0,0
08/12/2015,04:30:00,414,411.8,414.6,0,0,0,,,,0,0
08/12/2015,04:40:00,414.1,411.9,414.8,0,0,0,,,,0,0
08/12/2015,04:50:00,413.4,411.2,414.1,0,0,0,,,,0,0
08/12/2015,05:00:00,413,410.8,413.7,0,0,0,,,,0,0
08/12/2015,05:10:00,412.3,410.2,413.2,0,0,0,,,,0,0
08/12/2015,05:20:00,412.1,409.9,412.9,0,0,0,,,,0,0
08/12/2015,05:30:00,413.1,410.9,413.9,0,0,0,,,,0,0
08/12/2015,05:40:00,413.4,411.1,414.1,0,0,0,,,,0,0
08/12/2015,05:50:00,413,410.6,413.8,0,0,0,,,,0,0
08/12/2015,06:00:00,414.2,411.7,414.9,0,0,0,,,,0,0
08/12/2015,06:10:00,413.2,410.8,414.1,0,0,0,,,,0,0
08/12/2015,06:20:00,412.9,410.3,413.9,0,0,0,,,,0,0
08/12/2015,06:30:00,412.9,410.3,413.8,0,0,0,,,,0,0
08/12/2015,06:40:00,413.2,410.6,414.1,0,0,0,,,,0,0
08/12/2015,06:50:00,414.2,411.5,414.9,0,0,0,,,,0,0
08/12/2015,07:00:00,413.6,411,414.4,0,0,0,,,,0,0
08/12/2015,07:10:00,414.6,412.4,415.5,0,0,0,,,,0,0
08/12/2015,07:20:00,415.8,414.2,417,0,0,0,,,,0,0
08/12/2015,07:30:00,416.1,414.2,416.7,0,0,0,,,,0,0
08/12/2015,07:40:00,415.8,414,416.4,0,0,0,,,,0,0
08/12/2015,07:50:00,415.1,413.2,415.6,0,0.054,0.116,,,,66.88,0.06688
08/12/2015,08:00:00,414.9,412.8,415.2,0,0.045,0.153,,,,31.33,0.03133
08/12/2015,08:10:00,414.4,412.3,414.8,0,0.078,0.305,,,,146.4,0.1464
08/12/2015,08:20:00,414.7,412.4,415,1.02,0.432,1.147,,,,1125,1.125
08/12/2015,08:30:00,414.5,412,415,0,0.553,1.235,,,,988.2,0.9882
08/12/2015,08:40:00,415.2,412.9,415.7,1.628,1.795,2.314,,,,1840,1.84
08/12/2015,08:50:00,415.2,412.7,415.8,1.175,1.172,1.895,,,,1553,1.553
08/12/2015,09:00:00,415.3,412.9,416.3,1.32,1.492,2.234,,,,1813,1.813
08/12/2015,09:10:00,413.2,411.2,414.6,0,0.676,1.12,,,,921.2,0.9212
08/12/2015,09:20:00,413.4,411.2,414.8,0,0.958,1.541,,,,1420,1.42
08/12/2015,09:30:00,413.1,410.9,414.6,1.175,1.292,1.985,,,,1573,1.573
08/12/2015,09:40:00,413,410.8,414.3,1.411,1.504,2.078,,,,1640,1.64
08/12/2015,09:50:00,414.3,411.7,415.6,2.124,2.492,3.054,,,,2380,2.38
08/12/2015,10:00:00,414.4,411.9,415.7,1.52,2.886,3.461,,,,2685,2.685
08/12/2015,10:10:00,415,412.4,416.1,1.756,2.249,2.81,,,,2198,2.198
08/12/2015,10:20:00,418.8,416.3,420,2.198,3.055,3.63,,,,2853,2.853
08/12/2015,10:30:00,419.4,416.4,420.5,2.442,3.539,4.175,,,,3253,3.253
08/12/2015,10:40:00,418.9,415.9,420,3.079,3.807,4.469,,,,3464,3.464
08/12/2015,10:50:00,419,416,420.2,3.688,4.596,5.231,,,,4044,4.044
08/12/2015,11:00:00,418.1,415,419.2,3.133,4.135,4.764,,,,3682,3.682
08/12/2015,11:10:00,413.7,411.1,414.8,0,0.717,1.226,,,,983.1,0.9831
08/12/2015,11:20:00,415.4,412.5,416.4,1.016,2.159,2.809,,,,2297,2.297
08/12/2015,11:30:00,415.7,412.7,416.6,0,2.948,3.471,,,,2843,2.843
08/12/2015,11:40:00,415.7,412.9,416.5,1.087,3.084,3.756,,,,3137,3.137
08/12/2015,11:50:00,413.7,410.7,414.1,0,1.701,2.252,,,,1865,1.865
08/12/2015,12:00:00,412.3,409.3,412.7,0,0.281,0.525,,,,444.9,0.4449
08/12/2015,12:10:00,414.2,411.2,415.1,1.303,2.103,2.687,,,,2103,2.103
08/12/2015,12:20:00,415.5,412.7,416.6,0,3.398,3.965,,,,3163,3.163
08/12/2015,12:30:00,414.6,412,415.8,0,2.07,2.446,,,,1910,1.91
08/12/2015,12:40:00,416.7,414.2,417.7,1.132,2.655,3.259,,,,2655,2.655
08/12/2015,12:50:00,415.6,412.8,416.1,0,1.243,1.805,,,,1544,1.544
08/12/2015,13:00:00,418.3,415.7,419.1,0,3.287,3.831,,,,3082,3.082
08/12/2015,13:10:00,418.8,416,419.6,1.543,3.555,4.113,,,,3206,3.206
08/12/2015,13:20:00,415.6,412.9,416.1,0,0.731,1.216,,,,1215,1.215
08/12/2015,13:30:00,415,412.8,415.8,0,0.752,1.022,,,,883.2,0.8832
08/12/2015,13:40:00,418.8,416,419.6,1.269,3.537,4.098,,,,3229,3.229
08/12/2015,13:50:00,419.3,416.7,419.9,1.631,3.804,4.268,,,,3346,3.346
08/12/2015,14:00:00,417,414.5,417.6,1.133,1.529,2.077,,,,1771,1.771
08/12/2015,14:10:00,417.9,415.4,418.5,1.155,2.446,2.948,,,,2421,2.421
08/12/2015,14:20:00,419.8,417.1,420.4,1.521,3.966,4.41,,,,3480,3.48
08/12/2015,14:30:00,420.1,417.7,421.1,3.226,4.443,4.902,,,,3842,3.842
08/12/2015,14:40:00,418.6,416.4,419.5,2.667,3.275,3.724,,,,2943,2.943
08/12/2015,14:50:00,416.7,414.4,417.3,0,1.293,1.792,,,,1596,1.596
08/12/2015,15:00:00,414.1,411.8,414.5,0,0.375,0.499,,,,399.4,0.3994
08/12/2015,15:10:00,413.2,411.1,414,0,0.345,0.596,,,,465.8,0.4658
08/12/2015,15:20:00,413.7,411.7,414.4,0,0.829,1.192,,,,1072,1.072
08/12/2015,15:30:00,413,411,413.9,0,0.468,0.746,,,,580,0.58
08/12/2015,15:40:00,413,411,413.9,0,0.5,0.713,,,,557.4,0.5574
08/12/2015,15:50:00,413.1,411.2,413.9,0,0.108,0.145,,,,84.93,0.08493
08/12/2015,16:00:00,414,411.9,415,0,0.681,1.377,,,,1163,1.163
08/12/2015,16:10:00,413,411.1,414.2,0,0.209,0.292,,,,52.99,0.05299
08/12/2015,16:20:00,412.9,410.9,414,0,0,0,,,,0,0
08/12/2015,16:30:00,412.8,410.8,414,0,0,0,,,,0,0
08/12/2015,16:40:00,412.9,411.1,414.3,0,0,0,,,,0,0
08/12/2015,16:50:00,413.3,411.3,414.5,0,0,0,,,,0,0
08/12/2015,17:00:00,413.6,411.5,414.7,0,0,0,,,,0,0
08/12/2015,17:10:00,413.7,411.5,415,0,0,0,,,,0,0
08/12/2015,17:20:00,414.5,412.2,415.4,0,0,0,,,,0,0
08/12/2015,17:30:00,412.8,410.7,414,0,0,0,,,,0,0
08/12/2015,17:40:00,413.1,410.5,414,0,0,0,,,,0,0
08/12/2015,17:50:00,412.9,409.3,413.2,0,0,0,,,,0,0
08/12/2015,18:00:00,412.9,409.6,413.6,0,0,0,,,,0,0
08/12/2015,18:10:00,412.5,409.3,413.2,0,0,0,,,,0,0
08/12/2015,18:20:00,411.8,408.6,412.6,0,0,0,,,,0,0
08/12/2015,18:30:00,412,408.9,412.8,0,0,0,,,,0,0
08/12/2015,18:40:00,412.3,409.2,413.1,0,0,0,,,,0,0
08/12/2015,18:50:00,412.7,409.7,413.6,0,0,0,,,,0,0
08/12/2015,19:00:00,413.3,410.2,414.1,0,0,0,,,,0,0
08/12/2015,19:10:00,413.4,410.2,414,0,0,0,,,,0,0
08/12/2015,19:20:00,414,410.7,414.4,0,0,0,,,,0,0
08/12/2015,19:30:00,414.2,411.1,414.8,0,0,0,,,,0,0
08/12/2015,19:40:00,414.8,411.7,415.4,0,0,0,,,,0,0
08/12/2015,19:50:00,415.5,412.4,416,0,0,0,,,,0,0
08/12/2015,20:00:00,415.9,412.8,416.6,0,0,0,,,,0,0
08/12/2015,20:10:00,414.6,411.3,415,0,0,0,,,,0,0
08/12/2015,20:20:00,414.9,411.4,415.3,0,0,0,,,,0,0
08/12/2015,20:30:00,415.4,412.2,415.9,0,0,0,,,,0,0
08/12/2015,20:40:00,416,412.8,416.4,0,0,0,,,,0,0
08/12/2015,20:50:00,415.4,412.1,415.7,0,0,0,,,,0,0
08/12/2015,21:00:00,415.4,412,415.8,0,0,0,,,,0,0
08/12/2015,21:10:00,416.4,412.8,416.7,0,0,0,,,,0,0
08/12/2015,21:20:00,414.7,411.3,415.2,0,0,0,,,,0,0
08/12/2015,21:30:00,414.6,411.1,415,0,0,0,,,,0,0
08/12/2015,21:40:00,414.3,410.8,414.5,0,0,0,,,,0,0
08/12/2015,21:50:00,414.7,411.4,415,0,0,0,,,,0,0
08/12/2015,22:00:00,415.5,412.1,415.6,0,0,0,,,,0,0
08/12/2015,22:10:00,415.5,412.2,415.8,0,0,0,,,,0,0
08/12/2015,22:20:00,415.6,412.4,415.9,0,0,0,,,,0,0
08/12/2015,22:30:00,416.4,412.9,416.3,0,0,0,,,,0,0
08/12/2015,22:40:00,415.8,412.3,415.6,0,0,0,,,,0,0
08/12/2015,22:50:00,415.6,412.2,415.5,0,0,0,,,,0,0
08/12/2015,23:00:00,415.7,412.2,415.6,0,0,0,,,,0,0
08/12/2015,23:10:00,414.2,410.8,414.1,0,0,0,,,,0,0
08/12/2015,23:20:00,414.5,411.4,414.6,0,0,0,,,,0,0
08/12/2015,23:30:00,414.8,411.7,414.9,0,0,0,,,,0,0
08/12/2015,23:40:00,415.1,412,415.2,0,0,0,,,,0,0
08/12/2015,23:50:00,415.6,412.7,415.9,0,0,0,,,,0,0
09/12/2015,00:00:00,416.2,413.3,416.5,0,0,0,,,,0,0
09/12/2015,00:10:00,414.8,411.9,415,0,0,0,,,,0,0
09/12/2015,00:20:00,414,411.3,414.2,0,0,0,,,,0,0
09/12/2015,00:30:00,413.9,411.2,414.2,0,0,0,,,,0,0
09/12/2015,00:40:00,414.5,411.7,414.6,0,0,0,,,,0,0
09/12/2015,00:50:00,414.3,411.8,414.6,0,0,0,,,,0,0
09/12/2015,01:00:00,414.4,411.7,414.6,0,0,0,,,,0,0
09/12/2015,01:10:00,414.5,411.8,414.6,0,0,0,,,,0,0
09/12/2015,01:20:00,414.9,412.2,415,0,0,0,,,,0,0
09/12/2015,01:30:00,415.2,412.5,415.3,0,0,0,,,,0,0
09/12/2015,01:40:00,415.7,413.1,415.8,0,0,0,,,,0,0
09/12/2015,01:50:00,415.3,412.7,415.5,0,0,0,,,,0,0
09/12/2015,02:00:00,415,412.4,415.2,0,0,0,,,,0,0
09/12/2015,02:10:00,415.5,413,415.8,0,0,0,,,,0,0
09/12/2015,02:20:00,415.3,412.8,415.6,0,0,0,,,,0,0
09/12/2015,02:30:00,415.3,412.8,415.6,0,0,0,,,,0,0
09/12/2015,02:40:00,415.6,413.1,415.9,0,0,0,,,,0,0
09/12/2015,02:50:00,415.1,412.7,415.4,0,0,0,,,,0,0
09/12/2015,03:00:00,415.3,412.8,415.6,0,0,0,,,,0,0
09/12/2015,03:10:00,415.4,412.8,415.7,0,0,0,,,,0,0
09/12/2015,03:20:00,415.2,412.7,415.5,0,0,0,,,,0,0
09/12/2015,03:30:00,415.3,412.8,415.6,0,0,0,,,,0,0
09/12/2015,03:40:00,415.3,412.8,415.6,0,0,0,,,,0,0
09/12/2015,03:50:00,415.1,412.6,415.5,0,0,0,,,,0,0
09/12/2015,04:00:00,415.2,412.6,415.5,0,0,0,,,,0,0
09/12/2015,04:10:00,415.1,412.6,415.5,0,0,0,,,,0,0
09/12/2015,04:20:00,414.9,412.5,415.3,0,0,0,,,,0,0
09/12/2015,04:30:00,414.9,412.4,415.3,0,0,0,,,,0,0
09/12/2015,04:40:00,414.6,412.4,415.1,0,0,0,,,,0,0
09/12/2015,04:50:00,414.2,411.9,414.8,0,0,0,,,,0,0
09/12/2015,05:00:00,413,410.7,413.7,0,0,0,,,,0,0
09/12/2015,05:10:00,412.5,410.2,413.3,0,0,0,,,,0,0
09/12/2015,05:20:00,413.3,411,414.2,0,0,0,,,,0,0
09/12/2015,05:30:00,413.5,411.2,414.3,0,0,0,,,,0,0
09/12/2015,05:40:00,413.3,410.8,413.9,0,0,0,,,,0,0
09/12/2015,05:50:00,412.7,410.2,413.8,0,0,0,,,,0,0
09/12/2015,06:00:00,414.5,412,415.4,0,0,0,,,,0,0
09/12/2015,06:10:00,415.7,413,416.5,0,0,0,,,,0,0
09/12/2015,06:20:00,415.5,412.8,416.3,0,0,0,,,,0,0
09/12/2015,06:30:00,416.2,413.3,416.9,0,0,0,,,,0,0
09/12/2015,06:40:00,416,412.9,416.7,0,0,0,,,,0,0
09/12/2015,06:50:00,415.9,413.3,416.7,0,0,0,,,,0,0
09/12/2015,07:00:00,415.8,413.2,416.5,0,0,0,,,,0,0
09/12/2015,07:10:00,415.2,412.5,415.8,0,0,0,,,,0,0
09/12/2015,07:20:00,415,412.7,415.8,0,0,0,,,,0,0
09/12/2015,07:30:00,414.3,412.3,414.7,0,0,0,,,,0,0
09/12/2015,07:40:00,414.6,412.6,415.3,0,0,0,,,,0,0
09/12/2015,07:50:00,415.3,413,415.7,0,0,0,,,,0,0
09/12/2015,08:00:00,414.2,411.9,414.5,0,0,0,,,,0,0
09/12/2015,08:10:00,413.5,411.1,414,0,0.659,0.926,,,,738.7,0.7387
09/12/2015,08:20:00,412.6,410.3,413.4,0,0.339,0.75,,,,543.4,0.5434
09/12/2015,08:30:00,410.9,408.7,412,0,0.025,0.03,,,,4.396,0.004396
09/12/2015,08:40:00,412.8,410.6,413.6,0,0,0,,,,0,0
09/12/2015,08:50:00,412.7,410.2,413.5,0,0,0,,,,0,0
09/12/2015,09:00:00,412,409.8,412.9,0,0,0,,,,0,0
09/12/2015,09:10:00,411.3,409.3,412.5,0,0,0,,,,0,0
09/12/2015,09:20:00,412,410.1,413.3,0,0,0,,,,0,0
09/12/2015,09:30:00,414.8,412.8,416,0,0,0,,,,0,0
09/12/2015,09:40:00,415,412.8,416.2,0,0.323,0.591,,,,380,0.38
09/12/2015,09:50:00,414.7,412.5,415.8,0,0.165,0.251,,,,51.76,0.05176
09/12/2015,10:00:00,414.4,412.3,415.6,0,0.325,0.534,,,,119.8,0.1198
09/12/2015,10:10:00,413.7,411.6,414.8,0,0.057,0.187,,,,161.3,0.1613
09/12/2015,10:20:00,414.4,412.3,415.2,1.076,0.734,1.537,,,,1342,1.342
09/12/2015,10:30:00,415,412.7,415.9,1.685,1.804,2.339,,,,1849,1.849
09/12/2015,10:40:00,415.3,413.2,416.4,1.289,2.505,3.083,,,,2429,2.429
09/12/2015,10:50:00,413.4,411.9,414.9,1.047,1.103,1.838,,,,1521,1.521
09/12/2015,11:00:00,415.4,413.6,417,1.762,2.958,3.518,,,,2744,2.744
09/12/2015,11:10:00,414.1,411.9,415.4,1.398,1.803,2.362,,,,1860,1.86
09/12/2015,11:20:00,413.6,411.5,415,0,1.105,1.687,,,,1358,1.358
09/12/2015,11:30:00,412.3,410,413.5,0,0.046,0.734,,,,652.1,0.6521
09/12/2015,11:40:00,413.9,411.3,415.1,1.118,1.945,2.663,,,,2115,2.115
09/12/2015,11:50:00,416.8,414.2,417.8,2.98,3.99,4.555,,,,3524,3.524
09/12/2015,12:00:00,416.5,414.1,417.7,0,3.797,4.366,,,,3401,3.401
09/12/2015,12:10:00,417.1,414.7,418.3,1.784,2.818,3.453,,,,2682,2.682
09/12/2015,12:20:00,420.2,417.7,421.5,4.866,5.502,6.15,,,,4741,4.741
09/12/2015,12:30:00,419.9,417,421.2,4.65,5.077,5.799,,,,4456,4.456
09/12/2015,12:40:00,419.4,416.7,420.5,1.056,4.06,4.689,,,,3670,3.67
09/12/2015,12:50:00,416.5,413.9,417.6,0,2.027,2.472,,,,1959,1.959
09/12/2015,13:00:00,418.3,415.7,419.4,1.02,3.597,4.235,,,,3368,3.368
09/12/2015,13:10:00,415.6,413.3,416.5,0,1.773,2,,,,1565,1.565
09/12/2015,13:20:00,416.4,414.2,417.4,0,2.262,2.781,,,,2419,2.419
09/12/2015,13:30:00,415.1,412.8,416,0,0.793,1.184,,,,933,0.933
09/12/2015,13:40:00,414.4,412.1,415.4,0,0,0,,,,0,0
09/12/2015,13:50:00,414.8,412.4,415.6,0,0,0,,,,0,0
09/12/2015,14:00:00,416.3,413.8,417.2,0,1.265,1.552,,,,1211,1.211
09/12/2015,14:10:00,416,413.6,416.8,0,1.093,1.254,,,,951.6,0.9516
09/12/2015,14:20:00,417.4,415.2,418.2,0,2.096,2.395,,,,1888,1.888
09/12/2015,14:30:00,417.1,415,418.2,0,1.556,1.883,,,,1535,1.535
09/12/2015,14:40:00,415,413.1,415.9,0,0,0,,,,0,0
09/12/2015,14:50:00,415.1,413.3,416,0,0.042,0.046,,,,6.741,0.006741
09/12/2015,15:00:00,414.8,413.1,415.9,0,0,0,,,,0,0
09/12/2015,15:10:00,413.7,412.5,415.3,0,0,0,,,,0,0
09/12/2015,15:20:00,412.4,410.9,414,0,0,0,,,,0,0
09/12/2015,15:30:00,412.4,411.1,413.9,0,0,0,,,,0,0
09/12/2015,15:40:00,413,411.6,414.4,0,0,0,,,,0,0
09/12/2015,15:50:00,412.6,411.4,414.3,0,0,0,,,,0,0
09/12/2015,16:00:00,412.5,411.2,414,0,0,0,,,,0,0
09/12/2015,16:10:00,412.8,411.3,414.2,0,0,0,,,,0,0
09/12/2015,16:20:00,412.6,411.5,414.1,0,0.043,0.045,,,,6.476,0.006476
09/12/2015,16:30:00,413.1,411.9,414.5,0,0,0,,,,0,0
09/12/2015,16:40:00,413.7,412.3,415.3,0,0,0,,,,0,0
09/12/2015,16:50:00,413.3,411.8,414.9,0,0,0,,,,0,0
09/12/2015,17:00:00,413.2,411.7,414.8,0,0,0,,,,0,0
09/12/2015,17:10:00,413.2,411.7,414.7,0,0,0,,,,0,0
09/12/2015,17:20:00,412.8,411.3,414,0,0,0,,,,0,0
09/12/2015,17:30:00,413.2,411.6,414.6,0,0,0,,,,0,0
09/12/2015,17:40:00,413,410.7,413.7,0,0,0,,,,0,0
09/12/2015,17:50:00,413.5,410.5,414.5,0,0,0,,,,0,0
09/12/2015,18:00:00,412.7,409.7,414.1,0,0,0,,,,0,0
09/12/2015,18:10:00,412,408.8,414,0,0,0,,,,0,0
09/12/2015,18:20:00,412.9,409.5,414.6,0,0,0,,,,0,0
09/12/2015,18:30:00,412.9,409.9,414,0,0,0,,,,0,0
09/12/2015,18:40:00,413,409.9,414.1,0,0,0,,,,0,0
09/12/2015,18:50:00,413.7,410.6,414.8,0,0,0,,,,0,0
09/12/2015,19:00:00,414.4,411.4,415.4,0,0,0,,,,0,0
09/12/2015,19:10:00,413.4,410.2,414,0,0,0,,,,0,0
09/12/2015,19:20:00,412.5,409.3,413.3,0,0,0,,,,0,0
09/12/2015,19:30:00,412.6,409.4,413.3,0,0,0,,,,0,0
09/12/2015,19:40:00,413,409.8,413.7,0,0,0,,,,0,0
09/12/2015,19:50:00,413.7,410.5,414.2,0,0,0,,,,0,0
09/12/2015,20:00:00,413.5,410.1,413.9,0,0,0,,,,0,0
09/12/2015,20:10:00,413.7,410.2,414.2,0,0,0,,,,0,0
09/12/2015,20:20:00,413.7,410.4,414.4,0,0,0,,,,0,0
09/12/2015,20:30:00,414.6,411.2,415.3,0,0,0,,,,0,0
09/12/2015,20:40:00,415.4,412,416,0,0,0,,,,0,0
09/12/2015,20:50:00,415.9,412.7,416.8,0,0,0,,,,0,0
09/12/2015,21:00:00,415.9,412.7,416.6,0,0,0,,,,0,0
09/12/2015,21:10:00,415.2,412,415.8,0,0,0,,,,0,0
09/12/2015,21:20:00,415.7,412.5,416.5,0,0,0,,,,0,0
09/12/2015,21:30:00,416.4,413.2,417.2,0,0,0,,,,0,0
09/12/2015,21:40:00,417.3,414.2,418,0,0,0,,,,0,0
09/12/2015,21:50:00,417.7,414.6,418.3,0,0,0,,,,0,0
09/12/2015,22:00:00,415.4,412.3,416,0,0,0,,,,0,0
09/12/2015,22:10:00,415.8,412.7,416.6,0,0,0,,,,0,0
09/12/2015,22:20:00,415.3,412.2,415.8,0,0,0,,,,0,0
09/12/2015,22:30:00,414.5,411.4,415,0,0,0,,,,0,0
09/12/2015,22:40:00,414.4,411.3,414.8,0,0,0,,,,0,0
09/12/2015,22:50:00,414.8,411.7,415.2,0,0,0,,,,0,0
09/12/2015,23:00:00,415.2,412.1,415.5,0,0,0,,,,0,0
09/12/2015,23:10:00,415.3,412.4,415.9,0,0,0,,,,0,0
09/12/2015,23:20:00,415.4,412.4,415.9,0,0,0,,,,0,0
09/12/2015,23:30:00,412.7,409.9,413.2,0,0,0,,,,0,0
09/12/2015,23:40:00,412,409.4,412.5,0,0,0,,,,0,0
09/12/2015,23:50:00,410.5,407.8,411.1,0,0,0,,,,0,0
10/12/2015,00:00:00,412.6,409.9,413.1,0,0,0,,,,0,0
10/12/2015,00:10:00,411.8,409.1,412.3,0,0,0,,,,0,0
10/12/2015,00:20:00,412.3,409.8,412.8,0,0,0,,,,0,0
10/12/2015,00:30:00,412.8,410.4,413.5,0,0,0,,,,0,0
10/12/2015,00:40:00,413,410.4,413.6,0,0,0,,,,0,0
10/12/2015,00:50:00,413.7,411.3,414.3,0,0,0,,,,0,0
10/12/2015,01:00:00,413.4,411,414,0,0,0,,,,0,0
10/12/2015,01:10:00,413.1,410.6,413.7,0,0,0,,,,0,0
10/12/2015,01:20:00,413.1,410.6,413.7,0,0,0,,,,0,0
10/12/2015,01:30:00,413.6,411.1,414.1,0,0,0,,,,0,0
10/12/2015,01:40:00,413.9,411.5,414.4,0,0,0,,,,0,0
10/12/2015,01:50:00,414.5,411.9,415,0,0,0,,,,0,0
10/12/2015,02:00:00,414.9,412.4,415.4,0,0,0,,,,0,0
10/12/2015,02:10:00,414.9,412.5,415.4,0,0,0,,,,0,0
10/12/2015,02:20:00,414.8,412.5,415.3,0,0,0,,,,0,0
10/12/2015,02:30:00,414.8,412.2,415.2,0,0,0,,,,0,0
10/12/2015,02:40:00,415,412.5,415.4,0,0,0,,,,0,0
10/12/2015,02:50:00,415.2,412.8,415.7,0,0,0,,,,0,0
10/12/2015,03:00:00,415.2,412.6,415.5,0,0,0,,,,0,0
10/12/2015,03:10:00,415.1,412.8,415.6,0,0,0,,,,0,0
10/12/2015,03:20:00,415.1,412.7,415.6,0,0,0,,,,0,0
10/12/2015,03:30:00,415.2,412.7,415.7,0,0,0,,,,0,0
10/12/2015,03:40:00,415,412.6,415.5,0,0,0,,,,0,0
10/12/2015,03:50:00,414.9,412.4,415.2,0,0,0,,,,0,0
10/12/2015,04:00:00,414.9,412.5,415.3,0,0,0,,,,0,0
10/12/2015,04:10:00,414.7,412.4,415.2,0,0,0,,,,0,0
10/12/2015,04:20:00,414.9,412.4,415.4,0,0,0,,,,0,0
10/12/2015,04:30:00,414.8,412.4,415.2,0,0,0,,,,0,0
10/12/2015,04:40:00,414.4,412,415,0,0,0,,,,0,0
10/12/2015,04:50:00,414,411.5,414.5,0,0,0,,,,0,0
10/12/2015,05:00:00,412.9,410.5,413.4,0,0,0,,,,0,0
10/12/2015,05:10:00,412.8,410.3,413.4,0,0,0,,,,0,0
10/12/2015,05:20:00,412.4,410,413,0,0,0,,,,0,0
10/12/2015,05:30:00,412,409.6,412.6,0,0,0,,,,0,0
10/12/2015,05:40:00,411.8,409.3,412.5,0,0,0,,,,0,0
10/12/2015,05:50:00,414.4,411.9,415.1,0,0,0,,,,0,0
10/12/2015,06:00:00,415.5,412.9,416.2,0,0,0,,,,0,0
10/12/2015,06:10:00,416.3,413.6,417,0,0,0,,,,0,0
10/12/2015,06:20:00,415.7,412.8,416.4,0,0,0,,,,0,0
10/12/2015,06:30:00,415.5,412.5,416.2,0,0,0,,,,0,0
10/12/2015,06:40:00,415.2,412.6,416,0,0,0,,,,0,0
10/12/2015,06:50:00,416,413.5,416.9,0,0,0,,,,0,0
10/12/2015,07:00:00,416.1,413.9,417,0,0,0,,,,0,0
10/12/2015,07:10:00,415,413.3,416.2,0,0,0,,,,0,0
10/12/2015,07:20:00,414.2,412.1,415.2,0,0,0,,,,0,0
10/12/2015,07:30:00,413.7,411.7,414.8,0,0,0,,,,0,0
10/12/2015,07:40:00,413.8,411.8,414.7,0,0,0,,,,0,0
10/12/2015,07:50:00,414.1,412.1,414.9,0,0,0,,,,0,0
10/12/2015,08:00:00,413.5,411.2,414.2,0,0,0,,,,0,0
10/12/2015,08:10:00,412.1,409.8,412.6,0,0,0,,,,0,0
10/12/2015,08:20:00,411.7,409.5,412.2,0,0,0,,,,0,0
10/12/2015,08:30:00,411.5,409.3,412.1,0,0,0,,,,0,0
10/12/2015,08:40:00,411.3,409,412,0,0,0,,,,0,0
10/12/2015,08:50:00,411,408.8,411.8,0,0,0,,,,0,0
10/12/2015,09:00:00,410.7,408.4,411.6,0,0,0,,,,0,0
10/12/2015,09:10:00,414,411.6,414.9,0,0,0,,,,0,0
10/12/2015,09:20:00,416,413.6,416.7,0,0,0,,,,0,0
10/12/2015,09:30:00,416,413.3,416.5,0,0.003,0.012,,,,4.129,0.004129
10/12/2015,09:40:00,415.4,412.9,416.1,0,0.139,0.34,,,,154.1,0.1541
10/12/2015,09:50:00,415.1,412.6,415.8,0,0.135,0.538,,,,497.6,0.4976
10/12/2015,10:00:00,415.2,412.9,416.1,1.024,0.823,1.699,,,,1539,1.539
10/12/2015,10:10:00,414.6,412.4,415.4,1.047,0.593,1.439,,,,1251,1.251
10/12/2015,10:20:00,414.4,412.1,415.4,1.051,1.104,1.807,,,,1585,1.585
10/12/2015,10:30:00,416.5,414.1,417.6,1.938,2.965,3.574,,,,2782,2.782
10/12/2015,10:40:00,418.7,416.2,419.7,4.39,5.075,5.684,,,,4384,4.384
10/12/2015,10:50:00,418.5,416,419.6,4.657,5.416,6.021,,,,4633,4.633
10/12/2015,11:00:00,417.7,415.3,418.8,4.448,5.321,5.887,,,,4533,4.533
10/12/2015,11:10:00,417.4,414.8,418.4,5.041,5.499,6.087,,,,4669,4.669
10/12/2015,11:20:00,417.8,415.4,419.1,3.591,5.205,5.787,,,,4453,4.453
10/12/2015,11:30:00,418.6,415.9,419.6,3.136,5.015,5.629,,,,4338,4.338
10/12/2015,11:40:00,418.3,415.6,419.2,2.581,4.928,5.505,,,,4251,4.251
10/12/2015,11:50:00,417.7,415.2,418.4,3.758,4.797,5.355,,,,4132,4.132
10/12/2015,12:00:00,416.6,413.6,416.9,1.779,3.754,4.343,,,,3346,3.346
10/12/2015,12:10:00,416.6,413.5,416.9,2.306,3.796,4.4,,,,3385,3.385
10/12/2015,12:20:00,417.9,414.9,418.3,3.614,4.515,5.127,,,,3941,3.941
10/12/2015,12:30:00,417.4,414.4,417.7,3.479,4.136,4.773,,,,3665,3.665
10/12/2015,12:40:00,416.1,413.1,416.4,2.669,3.148,3.772,,,,2907,2.907
10/12/2015,12:50:00,415.5,412.8,415.8,2.486,2.795,3.377,,,,2617,2.617
10/12/2015,13:00:00,415.9,413.3,416.4,2.93,3.359,3.953,,,,3052,3.052
10/12/2015,13:10:00,415.9,413,416.6,3.099,3.325,3.941,,,,3041,3.041
10/12/2015,13:20:00,415.9,413.2,416.8,2.591,3.114,3.711,,,,2874,2.874
10/12/2015,13:30:00,415.9,413.2,416.8,2.65,3.105,3.703,,,,2869,2.869
10/12/2015,13:40:00,415.3,412.7,416.2,2.153,2.681,3.284,,,,2548,2.548
,,,,,,,,,,,,0
,,,,,,,,,,,,
,MXIMO,421.7,419.1,422.9,6.648,7.093,7.713,0,0,0,5896,5.896
,MNIMO,410.5,407.6,411,0,0,0,0,0,0,0,0
,PROMEDIO,415.2,412.6,415.8,0.6,0.7,0.9,#DIV/0!,#DIV/0!,#DIV/0!,666.1,0.7
