Fecha de la Medida,Hora de la Medida,FASE AB,FASE BC,FASE AC,FASE A,FASE B,FASE  C,NEUTRO,POTENA ATVA AB [W],POTENA ATVA B [W],POTENCIA ACTIVA  [W],
16/03/2016,13:30:00,409.1,409.2,411.6,1.7,1.638,1.336,,,,1152,1152
16/03/2016,13:45:00,407.8,408.1,410.6,0.688,1.878,0.581,,,,266.5,266.5
16/03/2016,14:00:00,407.1,407.5,410.5,0.896,1.72,0.843,,,,383.9,383.9
16/03/2016,14:15:00,409.8,410.1,412.5,2.042,0.515,2.117,,,,1182,1182
16/03/2016,14:30:00,406.7,407,410.5,0.918,1.829,0.7,,,,418.5,418.5
16/03/2016,14:45:00,406.5,407,411,0.959,2.759,0.003,,,,0.212,0.212
16/03/2016,15:00:00,408.4,408.7,411.7,0.861,2.685,0.078,,,,84.98,84.98
16/03/2016,15:15:00,409.8,410,412.6,0.055,2.316,0.028,,,,4.414,4.414
16/03/2016,15:30:00,409.7,410.1,412.6,0.708,2.112,0.428,,,,184.7,184.7
16/03/2016,15:45:00,408.4,408.9,411.9,0.545,2.54,0.182,,,,43.35,43.35
16/03/2016,16:00:00,407.5,408.1,412.4,0.675,2.839,0,,,,0,0
16/03/2016,16:15:00,408.2,408.2,412.9,0.108,2.876,0,,,,0,0
16/03/2016,16:30:00,407.1,407.1,411.2,0.46,2.799,0,,,,0,0
16/03/2016,16:45:00,407.9,407.8,411.6,0.479,2.89,0,,,,0,0
16/03/2016,17:00:00,406.6,406.7,411.5,0.122,2.979,0,,,,0,0
16/03/2016,17:15:00,406,406.3,411.1,0.131,2.921,0,,,,0,0
16/03/2016,17:30:00,405.2,405.8,411.6,0.32,2.923,0,,,,0,0
16/03/2016,17:45:00,402.8,403.9,412.7,0.501,2.948,0,,,,0,0
16/03/2016,18:00:00,408.2,409.1,413,0.387,2.943,0,,,,0,0
16/03/2016,18:15:00,407.5,408.1,411.6,0.157,2.915,0,,,,0,0
16/03/2016,18:30:00,407.9,408.4,412,0.272,2.909,0,,,,0,0
16/03/2016,18:45:00,407.3,407.1,411,0.026,2.873,0,,,,0,0
16/03/2016,19:00:00,406.1,406,409.7,0.193,2.757,0,,,,0,0
16/03/2016,19:15:00,406.3,406.1,409.7,0.294,2.718,0,,,,0,0
16/03/2016,19:30:00,406.2,406.3,409.7,0.929,2.653,0,,,,0,0
16/03/2016,19:45:00,407.5,407.5,411,0.571,2.737,0,,,,0,0
16/03/2016,20:00:00,407.3,407.7,411.2,0.612,2.732,0,,,,0,0
16/03/2016,20:15:00,408.4,408.7,412.1,0.338,2.771,0,,,,0,0
16/03/2016,20:30:00,409.7,409.8,413.4,0.099,2.85,0,,,,0,0
16/03/2016,20:45:00,411.3,411.2,414.9,0.038,2.935,0,,,,0,0
16/03/2016,21:00:00,411.3,411.5,415.1,0.043,2.937,0,,,,0,0
16/03/2016,21:15:00,412.6,412.5,416.5,0.007,2.981,0,,,,0,0
16/03/2016,21:30:00,413.7,413.7,417.5,0.066,2.991,0,,,,0,0
16/03/2016,21:45:00,413.1,413,416.8,0.015,2.973,0,,,,0,0
16/03/2016,22:00:00,412.4,412.4,416.2,0.014,2.947,0,,,,0,0
16/03/2016,22:15:00,412.5,412,415.9,0.008,2.951,0,,,,0,0
16/03/2016,22:30:00,413.1,412.7,416.5,0.006,2.979,0,,,,0,0
16/03/2016,22:45:00,413.7,413.2,417,0.006,3.009,0,,,,0,0
16/03/2016,23:00:00,414.9,414.5,418.2,0.01,3.033,0,,,,0,0
16/03/2016,23:15:00,414.4,414,417.7,0.003,3.031,0,,,,0,0
16/03/2016,23:30:00,414,413.7,417.2,0.003,3.035,0,,,,0,0
16/03/2016,23:45:00,414.7,414.3,417.7,0.019,3.009,0,,,,0,0
17/03/2016,00:00:00,414.1,413.8,417.1,0.026,2.99,0,,,,0,0
17/03/2016,00:15:00,414.1,413.8,417.2,0.015,2.991,0,,,,0,0
17/03/2016,00:30:00,414.6,414.4,417.6,0.01,3,0,,,,0,0
17/03/2016,00:45:00,414.8,414.5,417.7,0.018,3,0,,,,0,0
17/03/2016,01:00:00,415.2,414.8,418,0.033,3.001,0,,,,0,0
17/03/2016,01:15:00,415,414.8,418,0.046,3.007,0,,,,0,0
17/03/2016,01:30:00,415.6,415.3,418.7,0.03,3.023,0,,,,0,0
17/03/2016,01:45:00,415.4,414.9,418.3,0.031,3.015,0,,,,0,0
17/03/2016,02:00:00,415.7,415.3,418.6,0.034,3.016,0,,,,0,0
17/03/2016,02:15:00,415.7,415.5,418.7,0.034,3.02,0,,,,0,0
17/03/2016,02:30:00,414.1,413.8,417.1,0.031,2.97,0,,,,0,0
17/03/2016,02:45:00,413.4,413,416.4,0.017,2.943,0,,,,0,0
17/03/2016,03:00:00,413.1,412.8,416.2,0.037,2.932,0,,,,0,0
17/03/2016,03:15:00,413.3,413.2,416.5,0.04,2.942,0,,,,0,0
17/03/2016,03:30:00,413.5,413.2,416.5,0.018,2.942,0,,,,0,0
17/03/2016,03:45:00,412.8,412.7,416.1,0.046,2.917,0,,,,0,0
17/03/2016,04:00:00,412.6,412.4,415.9,0.037,2.914,0,,,,0,0
17/03/2016,04:15:00,413.1,412.9,416.1,0.062,2.895,0,,,,0,0
17/03/2016,04:30:00,412.4,412.2,415.5,0.039,2.91,0,,,,0,0
17/03/2016,04:45:00,412.1,411.9,415.3,0.032,2.89,0,,,,0,0
17/03/2016,05:00:00,411.2,411.2,414.5,0.035,2.88,0,,,,0,0
17/03/2016,05:15:00,411.5,411.6,415,0.04,2.896,0,,,,0,0
17/03/2016,05:30:00,411,411,414.4,0.045,2.862,0,,,,0,0
17/03/2016,05:45:00,411.3,411.2,414.9,0.034,2.878,0,,,,0,0
17/03/2016,06:00:00,410.8,410.7,414.2,0.052,2.879,0,,,,0,0
17/03/2016,06:15:00,410.8,410.5,414,0.017,2.915,0,,,,0,0
17/03/2016,06:30:00,410.1,409.8,413.6,0.015,2.923,0,,,,0,0
17/03/2016,06:45:00,410.9,410.7,414.3,0.025,2.877,0,,,,0,0
17/03/2016,07:00:00,408.3,408.9,413.2,0.267,2.822,0,,,,0,0
17/03/2016,07:15:00,406.8,407.6,413.7,0.365,2.794,0,,,,0,0
17/03/2016,07:30:00,411.1,411.7,416,0.619,2.799,0,,,,0,0
17/03/2016,07:45:00,415.7,415.8,418.4,1.612,0.814,1.661,,,,959.3,959.3
17/03/2016,08:00:00,412.1,412.4,416.4,0.802,2.073,0.726,,,,461,461
17/03/2016,08:15:00,410.4,410.7,414.1,0.296,2.337,0.22,,,,101.9,101.9
17/03/2016,08:30:00,409,409.4,413.2,0.624,2.062,0.575,,,,337.8,337.8
17/03/2016,08:45:00,412.1,411.8,414.7,2.136,1.55,2.11,,,,1365,1365
17/03/2016,09:00:00,410.4,410.4,413.2,0.831,1.725,0.787,,,,418.2,418.2
17/03/2016,09:15:00,409.3,408.9,412.5,0.374,2.35,0.285,,,,102.4,102.4
17/03/2016,09:30:00,408.7,408.4,413.4,0.1,2.926,0.014,,,,3.974,3.974
17/03/2016,09:45:00,413.4,413,415.6,1.599,1.68,1.53,,,,960.4,960.4
17/03/2016,10:00:00,415.8,415.7,418.1,4.267,2.256,4.123,,,,2785,2785
17/03/2016,10:15:00,414.2,414.7,416.8,3.51,1.825,3.498,,,,2272,2272
17/03/2016,10:30:00,414.4,414.7,416.6,4.218,2.331,4.137,,,,2772,2772
17/03/2016,10:45:00,410.8,411.3,413.4,2.321,1.259,2.324,,,,1421,1421
17/03/2016,11:00:00,411,411.3,413.5,2.555,1.417,2.521,,,,1579,1579
17/03/2016,11:15:00,411.2,411.4,413.4,3.014,1.085,2.964,,,,1858,1858
17/03/2016,11:30:00,414.7,414.7,416.3,5.122,3.286,5.008,,,,3393,3393
17/03/2016,11:45:00,411.4,411.5,413.2,2.02,0.893,1.823,,,,1185,1185
17/03/2016,12:00:00,410.1,410.7,412.4,1.298,1.781,0.833,,,,823.8,823.8
17/03/2016,12:15:00,411.3,411.6,413.4,1.842,1.184,1.744,,,,1032,1032
17/03/2016,12:30:00,407.6,407.9,410.8,0.837,2.67,0.021,,,,17.56,17.56
17/03/2016,12:45:00,408.5,409,411.4,0.843,2.45,0.151,,,,78.8,78.8
17/03/2016,13:00:00,410.6,411.2,413.1,1.396,1.877,1.171,,,,857.5,857.5
17/03/2016,13:15:00,413.7,414,415.8,4.119,2.331,4.083,,,,2683,2683
17/03/2016,13:30:00,407,407.4,411.2,1.181,2.017,0.835,,,,697.4,697.4
17/03/2016,13:45:00,407,407.2,410.9,0.649,2.685,0.016,,,,7.295,7.295
17/03/2016,14:00:00,410.5,410.7,413.1,1.011,1.443,0.984,,,,445.9,445.9
17/03/2016,14:15:00,413,413.1,415.4,3.003,1.561,2.95,,,,1886,1886
17/03/2016,14:30:00,412.1,412.3,414.7,2.83,0.905,2.831,,,,1753,1753
17/03/2016,14:45:00,413,413.2,415.6,2.935,1.676,2.836,,,,1943,1943
17/03/2016,15:00:00,411.3,411.5,414.3,2.62,1.865,2.49,,,,1738,1738
17/03/2016,15:15:00,410.5,410.5,413.2,2.303,1.681,2.192,,,,1461,1461
17/03/2016,15:30:00,412.7,412.3,414.7,2.965,1.351,2.851,,,,1842,1842
17/03/2016,15:45:00,413.2,412.9,415.4,3.226,1.377,3.118,,,,2038,2038
17/03/2016,16:00:00,411.5,411.4,414.2,2.084,1.637,1.991,,,,1326,1326
17/03/2016,16:15:00,411.2,411.1,413.7,1.219,1.372,1.173,,,,686.3,686.3
17/03/2016,16:30:00,409.5,409.4,415.1,0.072,2.895,0.012,,,,0.281,0.281
17/03/2016,16:45:00,414,414.1,417.1,0.244,2.665,0.1,,,,32.04,32.04
17/03/2016,17:00:00,414.7,414.6,418.1,0.415,2.396,0.367,,,,121.6,121.6
17/03/2016,17:15:00,410.1,410.1,415.3,0.052,3.137,0,,,,0,0
17/03/2016,17:30:00,411.2,411.1,414.4,0.098,2.716,0,,,,0,0
17/03/2016,17:45:00,409.3,409.7,415,0.52,3.033,0,,,,0,0
17/03/2016,18:00:00,411.6,411.7,416.2,0.469,3.052,0,,,,0,0
17/03/2016,18:15:00,411.1,411.2,416.8,0.127,3.097,0,,,,0,0
17/03/2016,18:30:00,413.3,413.5,416.8,0.055,3.115,0,,,,0,0
17/03/2016,18:45:00,413.3,412.7,416.5,0.007,3.136,0,,,,0,0
17/03/2016,19:00:00,412,411.5,415.6,0.01,3.092,0,,,,0,0
17/03/2016,19:15:00,412.1,411.6,415.9,0.009,3.129,0,,,,0,0
17/03/2016,19:30:00,412.9,412.2,416.9,0.006,3.17,0,,,,0,0
17/03/2016,19:45:00,413.5,413,417.5,0.018,3.182,0,,,,0,0
17/03/2016,20:00:00,414,413.9,418.3,0.209,3.174,0,,,,0,0
17/03/2016,20:15:00,414.9,414.7,418.9,0.145,3.095,0,,,,0,0
17/03/2016,20:30:00,414.3,414.2,418.3,0.119,3.06,0,,,,0,0
17/03/2016,20:45:00,414.6,414.4,418.5,0.113,3.04,0,,,,0,0
17/03/2016,21:00:00,415.2,415,418.9,0.052,3.04,0,,,,0,0
17/03/2016,21:15:00,414.6,414.3,418.3,0.012,3.062,0,,,,0,0
17/03/2016,21:30:00,414.4,414.2,418.1,0.011,3.088,0,,,,0,0
17/03/2016,21:45:00,414.3,414.2,418.2,0.01,3.087,0,,,,0,0
17/03/2016,22:00:00,414,413.7,417.7,0.005,3.042,0,,,,0,0
17/03/2016,22:15:00,414.4,414.1,418,0.027,3.043,0,,,,0,0
17/03/2016,22:30:00,414.4,414.3,418.3,0.005,3.091,0,,,,0,0
17/03/2016,22:45:00,414.8,414.7,418.6,0.05,3.072,0,,,,0,0
17/03/2016,23:00:00,416,415.9,419.7,0.058,3.068,0,,,,0,0
17/03/2016,23:15:00,416,416.1,419.6,0.041,3.081,0,,,,0,0
17/03/2016,23:30:00,415.4,415.4,418.8,0.018,3.062,0,,,,0,0
17/03/2016,23:45:00,415.5,415.4,418.9,0.098,3.031,0,,,,0,0
18/03/2016,00:00:00,415.6,415.6,418.9,0.156,3.012,0,,,,0,0
18/03/2016,00:15:00,416.1,416,419.4,0.029,3.065,0,,,,0,0
18/03/2016,00:30:00,416,416.1,419.4,0.103,3.042,0,,,,0,0
18/03/2016,00:45:00,414,414.3,417.5,0.093,2.968,0,,,,0,0
18/03/2016,01:00:00,413.4,413.7,416.9,0.048,2.962,0,,,,0,0
18/03/2016,01:15:00,413.9,414.1,417.2,0.061,2.969,0,,,,0,0
18/03/2016,01:30:00,413.1,413.3,416.5,0.058,2.95,0,,,,0,0
18/03/2016,01:45:00,413.2,413.2,416.5,0.107,2.939,0,,,,0,0
18/03/2016,02:00:00,413,413,416.3,0.1,2.919,0,,,,0,0
18/03/2016,02:15:00,413,413.1,416.4,0.116,2.937,0,,,,0,0
18/03/2016,02:30:00,413.4,413.5,416.9,0.125,2.948,0,,,,0,0
18/03/2016,02:45:00,413.2,413.4,416.7,0.113,2.957,0,,,,0,0
18/03/2016,03:00:00,413.1,413.4,416.5,0.127,2.944,0,,,,0,0
18/03/2016,03:15:00,413.7,413.7,417,0.104,2.945,0,,,,0,0
18/03/2016,03:30:00,413.7,413.8,417.1,0.112,2.96,0,,,,0,0
18/03/2016,03:45:00,414.1,414.2,417.4,0.173,2.951,0,,,,0,0
18/03/2016,04:00:00,413.7,413.7,417,0.12,2.95,0,,,,0,0
18/03/2016,04:15:00,413.4,413.7,416.9,0.146,2.943,0,,,,0,0
18/03/2016,04:30:00,413.4,413.7,416.9,0.278,2.931,0,,,,0,0
18/03/2016,04:45:00,413.5,413.7,416.8,0.167,2.936,0,,,,0,0
18/03/2016,05:00:00,413.1,413.3,416.5,0.085,2.938,0,,,,0,0
18/03/2016,05:15:00,413.5,413.5,417,0.134,2.948,0,,,,0,0
18/03/2016,05:30:00,413.3,413.4,416.8,0.265,2.936,0,,,,0,0
18/03/2016,05:45:00,413.8,413.8,417.4,0.049,3.001,0,,,,0,0
18/03/2016,06:00:00,412.6,412.7,416.2,0.142,2.954,0,,,,0,0
18/03/2016,06:15:00,411.3,411.4,415.1,0.031,2.963,0,,,,0,0
18/03/2016,06:30:00,411.6,411.8,415.3,0.045,2.937,0,,,,0,0
18/03/2016,06:45:00,411.5,411.9,415.7,0.08,2.952,0,,,,0,0
18/03/2016,07:00:00,408,409,414.5,0.28,2.888,0,,,,0,0
18/03/2016,07:15:00,409.1,409.7,415.8,0.087,2.941,0,,,,0,0
18/03/2016,07:30:00,412.9,413.3,416,0.152,2.442,0.091,,,,19.53,19.53
18/03/2016,07:45:00,413.1,414,416.2,0.873,1.646,0.803,,,,418.7,418.7
18/03/2016,08:00:00,414.1,414.6,416.9,2.129,0.823,2.127,,,,1262,1262
18/03/2016,08:15:00,415.2,415.7,418.1,1.429,1.548,1.418,,,,866.6,866.6
18/03/2016,08:30:00,415.1,415.7,417.8,1.993,1.262,2.02,,,,1263,1263
18/03/2016,08:45:00,414.6,415.5,417.1,2.864,1.271,2.878,,,,1787,1787
18/03/2016,09:00:00,415.2,416,417.8,3.27,1.77,3.29,,,,2136,2136
18/03/2016,09:15:00,414.5,415.4,416.9,2.968,1.445,2.978,,,,1867,1867
18/03/2016,09:30:00,414.8,415.3,416.7,3.073,1.296,2.99,,,,1931,1931
18/03/2016,09:45:00,416.3,416.9,418.1,3.275,1.236,3.266,,,,2070,2070
18/03/2016,10:00:00,417.9,418.4,419.7,4.279,2.308,4.191,,,,2808,2808
18/03/2016,10:15:00,416.3,416.5,417.9,3.835,1.753,3.738,,,,2465,2465
18/03/2016,10:30:00,415.8,415.7,417.7,4.378,2.373,4.245,,,,2882,2882
18/03/2016,10:45:00,415.1,415.1,417.3,4.295,2.378,4.204,,,,2836,2836
18/03/2016,11:00:00,416,416,418,4.705,2.825,4.615,,,,3138,3138
18/03/2016,11:15:00,417.2,417.5,419.5,5.234,3.4,5.149,,,,3528,3528
18/03/2016,11:30:00,416.2,416.5,418.3,3.983,2.07,3.944,,,,2598,2598
18/03/2016,11:45:00,417.6,417.8,419.6,4.898,3.119,4.876,,,,3309,3309
18/03/2016,12:00:00,417.4,417.8,419.5,4.643,2.895,4.657,,,,3141,3141
18/03/2016,12:15:00,417.2,417.9,419.7,4.707,2.986,4.748,,,,3219,3219
18/03/2016,12:30:00,414.9,415.7,417.5,3.493,2.071,3.492,,,,2457,2457
18/03/2016,12:45:00,413.9,414.4,416.9,2.945,2.418,2.76,,,,2228,2228
18/03/2016,13:00:00,410.1,410.5,414.3,1.132,2.853,0.69,,,,774.6,774.6
18/03/2016,13:15:00,411.1,411.6,415.2,1.427,2.576,1.133,,,,1009,1009
18/03/2016,13:30:00,410.9,411.2,414.7,0.781,2.501,0.599,,,,424.5,424.5
18/03/2016,13:45:00,411,411.5,415.1,0.919,2.72,0.697,,,,552.3,552.3
18/03/2016,14:00:00,409.5,410.1,413.8,0.338,3.045,0.093,,,,81.56,81.56
18/03/2016,14:15:00,410.8,411.2,414.8,0.753,2.664,0.606,,,,440,440
18/03/2016,14:30:00,413.8,414,417,2.189,2.189,2.005,,,,1465,1465
18/03/2016,14:45:00,415.4,415.3,417.3,1.788,0.986,1.641,,,,980.1,980.1
18/03/2016,15:00:00,412.7,412.5,415.8,0.618,2.462,0.461,,,,294.3,294.3
18/03/2016,15:15:00,413.6,413.5,416,0.505,2.047,0.478,,,,231.8,231.8
18/03/2016,15:30:00,413.2,413.1,415.5,0.176,2.445,0.167,,,,59.66,59.66
18/03/2016,15:45:00,413.8,413.7,416.1,0.349,2.594,0.236,,,,92.3,92.3
18/03/2016,16:00:00,413.7,413.7,417,0.687,2.253,0.531,,,,289.9,289.9
18/03/2016,16:15:00,410.3,410.4,415.7,0.183,3.005,0.011,,,,3.177,3.177
18/03/2016,16:30:00,414.4,414.2,417,0.339,2.569,0.236,,,,106.7,106.7
18/03/2016,16:45:00,416.5,416,418.7,0.573,2.264,0.452,,,,241.3,241.3
18/03/2016,17:00:00,416,415.7,418.3,0.574,2.127,0.518,,,,209.8,209.8
18/03/2016,17:15:00,414.8,414.4,416.9,1.154,1.649,1.064,,,,509.6,509.6
18/03/2016,17:30:00,414.3,413.9,417.2,0.47,2.535,0.34,,,,188.7,188.7
18/03/2016,17:45:00,410.9,411,417.2,0.053,3.055,0,,,,0,0
18/03/2016,18:00:00,411.3,411.7,417.4,0.062,3.136,0,,,,0,0
18/03/2016,18:15:00,412.7,412.8,417.7,0.002,3.116,0,,,,0,0
18/03/2016,18:30:00,415,415,418,0.005,3.098,0,,,,0,0
18/03/2016,18:45:00,413.5,413,416.6,0.004,3.065,0,,,,0,0
18/03/2016,19:00:00,412.5,412.1,415.8,0.01,3.011,0,,,,0,0
18/03/2016,19:15:00,413.1,412.8,416.7,0.011,3.041,0,,,,0,0
18/03/2016,19:30:00,413.1,413,416.8,0.043,3.041,0,,,,0,0
18/03/2016,19:45:00,413.7,413.4,417.3,0.029,3.048,0,,,,0,0
18/03/2016,20:00:00,415.1,414.9,418.7,0.039,3.079,0,,,,0,0
18/03/2016,20:15:00,415.9,415.7,419.5,0.03,3.106,0,,,,0,0
18/03/2016,20:30:00,415.4,415,418.9,0.005,3.12,0,,,,0,0
18/03/2016,20:45:00,415.9,415.5,419.6,0.003,3.159,0,,,,0,0
18/03/2016,21:00:00,416,415.3,419.4,0,3.211,0,,,,0,0
18/03/2016,21:15:00,416.3,415.7,419.9,0,3.245,0,,,,0,0
18/03/2016,21:30:00,416.3,415.9,419.9,0,3.223,0,,,,0,0
18/03/2016,21:45:00,417.1,416.6,420.7,0,3.228,0,,,,0,0
18/03/2016,22:00:00,416.1,415.6,419.8,0,3.199,0,,,,0,0
18/03/2016,22:15:00,416.5,415.8,419.9,0,3.189,0,,,,0,0
18/03/2016,22:30:00,417.1,416.5,420.3,0,3.197,0,,,,0,0
18/03/2016,22:45:00,416.5,415.8,419.8,0,3.198,0,,,,0,0
18/03/2016,23:00:00,416.1,415.4,419.2,0,3.174,0,,,,0,0
18/03/2016,23:15:00,416.2,415.5,419.2,0,3.193,0,,,,0,0
18/03/2016,23:30:00,416.7,415.9,419.6,0,3.193,0,,,,0,0
18/03/2016,23:45:00,417,416.1,419.6,0,3.192,0,,,,0,0
19/03/2016,00:00:00,417.4,416.5,420.1,0,3.207,0,,,,0,0
19/03/2016,00:15:00,418.3,417.3,421,0,3.227,0,,,,0,0
19/03/2016,00:30:00,416.9,416.1,419.5,0,3.189,0,,,,0,0
19/03/2016,00:45:00,415.2,414.4,417.9,0,3.152,0,,,,0,0
19/03/2016,01:00:00,415.7,414.9,418.4,0,3.144,0,,,,0,0
19/03/2016,01:15:00,415.6,414.9,418.2,0,3.16,0,,,,0,0
19/03/2016,01:30:00,415.9,415.2,418.5,0,3.163,0,,,,0,0
19/03/2016,01:45:00,416.3,415.5,418.9,0,3.172,0,,,,0,0
19/03/2016,02:00:00,416.3,415.5,418.9,0,3.167,0,,,,0,0
19/03/2016,02:15:00,416.5,415.7,419.1,0,3.182,0,,,,0,0
19/03/2016,02:30:00,416.7,415.9,419.3,0,3.199,0,,,,0,0
19/03/2016,02:45:00,416.8,416.1,419.3,0,3.199,0,,,,0,0
19/03/2016,03:00:00,416.3,415.6,419,0,3.192,0,,,,0,0
19/03/2016,03:15:00,416.5,415.9,419.2,0,3.177,0,,,,0,0
19/03/2016,03:30:00,416.6,415.9,419.3,0,3.177,0,,,,0,0
19/03/2016,03:45:00,416.9,416.1,419.5,0,3.182,0,,,,0,0
19/03/2016,04:00:00,417,416.3,419.6,0,3.184,0,,,,0,0
19/03/2016,04:15:00,417.1,416.4,419.8,0,3.187,0,,,,0,0
19/03/2016,04:30:00,417.5,416.9,420.2,0,3.207,0,,,,0,0
19/03/2016,04:45:00,417.8,417.1,420.3,0,3.246,0,,,,0,0
19/03/2016,05:00:00,417.7,417.1,420.2,0,3.229,0,,,,0,0
19/03/2016,05:15:00,417.8,417,420.3,0,3.219,0,,,,0,0
19/03/2016,05:30:00,418,417.1,420.3,0,3.224,0,,,,0,0
19/03/2016,05:45:00,417.6,416.8,420,0,3.216,0,,,,0,0
19/03/2016,06:00:00,417.5,416.5,419.9,0,3.214,0,,,,0,0
19/03/2016,06:15:00,415.1,414.3,417.6,0,3.153,0,,,,0,0
19/03/2016,06:30:00,414.7,413.9,417.2,0,3.141,0,,,,0,0
19/03/2016,06:45:00,414.8,414.3,417.4,0,3.139,0,,,,0,0
19/03/2016,07:00:00,409.8,409.6,417.1,0,3.086,0,,,,0,0
19/03/2016,07:15:00,411.8,411.4,416.8,0.185,2.601,0.202,,,,74.55,74.55
19/03/2016,07:30:00,416.2,415.9,418.4,2.388,1.152,2.267,,,,1466,1466
19/03/2016,07:45:00,418.7,418.1,420.5,4.653,2.523,4.44,,,,3100,3100
19/03/2016,08:00:00,416.9,416.5,418.9,2.88,1.806,2.758,,,,1883,1883
19/03/2016,08:15:00,414.9,414.6,417.4,1.469,1.327,1.404,,,,883.2,883.2
19/03/2016,08:30:00,415.2,415.2,417.8,0.668,1.906,0.688,,,,313.7,313.7
19/03/2016,08:45:00,416.7,416.4,419.1,2.338,1.61,2.222,,,,1454,1454
19/03/2016,09:00:00,414.8,414.6,417.1,1.283,1.145,1.26,,,,680,680
19/03/2016,09:15:00,417.2,417,419.2,2.871,0.364,2.733,,,,1730,1730
19/03/2016,09:30:00,415.5,415.4,417.7,2.008,0.908,1.894,,,,1166,1166
19/03/2016,09:45:00,415.4,415.1,417.6,2.378,0.986,2.209,,,,1442,1442
19/03/2016,10:00:00,413.5,413.3,416.1,1.537,1.69,1.393,,,,911,911
19/03/2016,10:15:00,415.3,415.2,417.5,2.193,1.402,2.081,,,,1354,1354
19/03/2016,10:30:00,415.8,415.6,418,1.971,0.971,1.871,,,,1152,1152
19/03/2016,10:45:00,416.9,416.5,419,3.254,1.296,3.055,,,,2004,2004
19/03/2016,11:00:00,414.8,414.4,417.6,1.196,1.806,0.997,,,,635.5,635.5
19/03/2016,11:15:00,414.8,414.5,419,0.69,2.168,0.568,,,,327.7,327.7
19/03/2016,11:30:00,413.3,412.9,418,0.159,2.965,0.009,,,,2.113,2.113
19/03/2016,11:45:00,414.1,413.8,418.7,0.225,3.097,0,,,,0,0
19/03/2016,12:00:00,413.7,413.3,418.8,0.055,3.08,0.001,,,,0,0
19/03/2016,12:15:00,415.1,414.7,419,0.166,2.982,0.003,,,,0.646,0.646
19/03/2016,12:30:00,413.1,412.7,418.9,0.107,3.168,0,,,,0,0
19/03/2016,12:45:00,415.1,414.9,419.4,0.236,3.055,0,,,,0,0
19/03/2016,13:00:00,414.5,414.1,419.3,0.086,3.087,0,,,,0,0
19/03/2016,13:15:00,415.7,415.5,419.5,0.189,2.707,0.128,,,,53.71,53.71
19/03/2016,13:30:00,416.8,416.7,419.9,0.266,2.46,0.214,,,,94.57,94.57
19/03/2016,13:45:00,416.5,416.3,419.7,0.199,2.568,0.12,,,,46.59,46.59
19/03/2016,14:00:00,417.5,417.4,420.6,0.187,2.705,0.098,,,,34.29,34.29
19/03/2016,14:15:00,418.4,418.3,421.1,0.371,2.268,0.373,,,,154,154
19/03/2016,14:30:00,414.8,414.7,418.5,0.182,2.697,0.08,,,,22.51,22.51
19/03/2016,14:45:00,415.2,415.2,418.5,0.055,2.821,0,,,,0.055,0.055
19/03/2016,15:00:00,415.3,415.3,418.8,0.335,2.825,0.035,,,,15.48,15.48
19/03/2016,15:15:00,416.7,416.7,419.8,0.745,2.038,0.68,,,,348.5,348.5
19/03/2016,15:30:00,418.4,418.4,420.7,0.915,1.7,0.859,,,,459.5,459.5
19/03/2016,15:45:00,418.3,418.3,420.7,0.927,1.949,0.877,,,,496.6,496.6
19/03/2016,16:00:00,416.6,416.6,419.7,0.536,2.338,0.411,,,,249.6,249.6
19/03/2016,16:15:00,416.4,416.4,419.6,0.227,2.613,0.129,,,,46.69,46.69
19/03/2016,16:30:00,416.4,416.3,419.6,0.167,2.945,0,,,,0,0
19/03/2016,16:45:00,415,415,419.6,0.512,3.082,0,,,,0,0
19/03/2016,17:00:00,415.3,415.3,419.7,0.043,3.121,0,,,,0,0
19/03/2016,17:15:00,413.7,413.5,419.6,0.046,3.145,0,,,,0,0
19/03/2016,17:30:00,415.2,415.1,420.1,0.001,3.148,0,,,,0,0
19/03/2016,17:45:00,413.2,413.1,419.8,0,3.132,0,,,,0,0
19/03/2016,18:00:00,410.3,410.1,419.5,0.001,3.101,0,,,,0,0
19/03/2016,18:15:00,415.4,415.2,418.6,0,3.076,0,,,,0,0
19/03/2016,18:30:00,416,415.5,418.6,0,3.119,0,,,,0,0
19/03/2016,18:45:00,414.9,414.2,417.9,0,3.145,0,,,,0,0
19/03/2016,19:00:00,413.4,412.7,416.6,0,3.119,0,,,,0,0
19/03/2016,19:15:00,413.5,412.9,416.8,0,3.111,0,,,,0,0
19/03/2016,19:30:00,413.7,412.9,417,0,3.137,0,,,,0,0
19/03/2016,19:45:00,413.1,412.3,416.5,0,3.108,0,,,,0,0
19/03/2016,20:00:00,413.6,412.8,417.1,0,3.126,0,,,,0,0
19/03/2016,20:15:00,414.6,413.9,418,0,3.155,0,,,,0,0
19/03/2016,20:30:00,413.4,412.7,416.8,0,3.131,0,,,,0,0
19/03/2016,20:45:00,414.1,413.4,417.5,0,3.161,0,,,,0,0
19/03/2016,21:00:00,415.6,414.7,418.8,0,3.199,0,,,,0,0
19/03/2016,21:15:00,416.6,415.9,419.7,0,3.23,0,,,,0,0
19/03/2016,21:30:00,415.7,415.1,419,0,3.179,0,,,,0,0
19/03/2016,21:45:00,416.3,415.6,419.5,0,3.198,0,,,,0,0
19/03/2016,22:00:00,416.3,415.6,419.5,0,3.157,0,,,,0,0
19/03/2016,22:15:00,416.6,415.9,419.7,0,3.165,0,,,,0,0
19/03/2016,22:30:00,417.5,416.6,420.3,0,3.184,0,,,,0,0
19/03/2016,22:45:00,417.1,416.3,420.1,0,3.165,0,,,,0,0
19/03/2016,23:00:00,416.6,416,419.7,0,3.157,0,,,,0,0
19/03/2016,23:15:00,417.3,416.6,420.4,0,3.18,0,,,,0,0
19/03/2016,23:30:00,417.8,417.2,420.9,0,3.198,0,,,,0,0
19/03/2016,23:45:00,418,417.4,421.1,0,3.195,0,,,,0,0
20/03/2016,00:00:00,416.6,416,419.6,0,3.15,0,,,,0,0
20/03/2016,00:15:00,417.3,416.6,420.2,0,3.161,0,,,,0,0
20/03/2016,00:30:00,417.6,417,420.4,0,3.172,0,,,,0,0
20/03/2016,00:45:00,416.8,416.2,419.5,0,3.15,0,,,,0,0
20/03/2016,01:00:00,417.1,416.6,419.9,0,3.166,0,,,,0,0
20/03/2016,01:15:00,417.1,416.5,419.8,0,3.147,0,,,,0,0
20/03/2016,01:30:00,413.2,412.7,416.1,0,3.033,0,,,,0,0
20/03/2016,01:45:00,413.4,412.8,416.3,0,3.038,0,,,,0,0
20/03/2016,02:00:00,413.4,412.8,416.3,0,3.032,0,,,,0,0
20/03/2016,02:15:00,414,413.3,416.9,0,3.077,0,,,,0,0
20/03/2016,02:30:00,413.9,413.3,416.8,0,3.054,0,,,,0,0
20/03/2016,02:45:00,413.7,413.2,416.5,0,3.043,0,,,,0,0
20/03/2016,03:00:00,414.2,413.7,417.1,0,3.059,0,,,,0,0
20/03/2016,03:15:00,415.2,414.6,417.9,0,3.074,0,,,,0,0
20/03/2016,03:30:00,414.9,414.2,417.4,0,3.067,0,,,,0,0
20/03/2016,03:45:00,414.9,414.2,417.4,0,3.062,0,,,,0,0
20/03/2016,04:00:00,415.1,414.4,417.8,0,3.082,0,,,,0,0
20/03/2016,04:15:00,415.7,415.1,418.3,0,3.105,0,,,,0,0
20/03/2016,04:30:00,415.5,414.8,418,0,3.09,0,,,,0,0
20/03/2016,04:45:00,415.3,414.7,417.8,0,3.102,0,,,,0,0
20/03/2016,05:00:00,415.5,414.9,418,0,3.09,0,,,,0,0
20/03/2016,05:15:00,415.6,414.8,418,0,3.085,0,,,,0,0
20/03/2016,05:30:00,415.5,414.8,418,0,3.093,0,,,,0,0
20/03/2016,05:45:00,415.4,414.7,418,0,3.108,0,,,,0,0
20/03/2016,06:00:00,415.9,415.5,418.7,0,3.112,0,,,,0,0
20/03/2016,06:15:00,414.6,414.1,417.3,0,3.092,0,,,,0,0
20/03/2016,06:30:00,415.4,415,418,0,3.106,0,,,,0,0
20/03/2016,06:45:00,415,414.6,418.8,0,3.11,0,,,,0,0
20/03/2016,07:00:00,412.5,412.4,419.1,0,3.144,0,,,,0,0
20/03/2016,07:15:00,413.5,413.4,417.9,0.083,2.996,0,,,,0,0
20/03/2016,07:30:00,414.5,414.4,418.7,0.04,3.091,0,,,,0,0
20/03/2016,07:45:00,414,413.8,418.5,0,3.085,0,,,,0,0
20/03/2016,08:00:00,413.4,413.3,418,0.128,3.066,0,,,,0,0
20/03/2016,08:15:00,413,412.9,417,0.355,2.899,0.068,,,,23.62,23.62
20/03/2016,08:30:00,414.1,413.8,417.5,0.956,1.908,0.875,,,,551.1,551.1
20/03/2016,08:45:00,412.2,412.2,416.3,0,3.022,0,,,,0,0
20/03/2016,09:00:00,412.8,412.9,417,0.26,2.869,0.206,,,,140.7,140.7
20/03/2016,09:15:00,412.7,412.8,417.1,0.62,2.837,0.541,,,,380.1,380.1
20/03/2016,09:30:00,410,409.9,415.5,0,3.029,0,,,,0,0
20/03/2016,09:45:00,409,408.8,415.3,0,3.035,0,,,,0,0
20/03/2016,10:00:00,409.2,409,414.9,0.07,3.028,0,,,,0,0
20/03/2016,10:15:00,410.8,410.7,415.8,0.092,2.927,0.057,,,,20.8,20.8
20/03/2016,10:30:00,411.2,411.2,416.1,0.135,2.978,0.073,,,,44.05,44.05
20/03/2016,10:45:00,411.6,411.5,415.6,0,3.041,0,,,,0,0
20/03/2016,11:00:00,411.2,411,415.6,0,3.043,0,,,,0,0
20/03/2016,11:15:00,409.9,409.8,414.9,0,3.033,0,,,,0,0
20/03/2016,11:30:00,409.6,409.5,415.6,0,3.059,0,,,,0,0
20/03/2016,11:45:00,409.8,409.6,415.4,0.095,2.934,0.079,,,,42.77,42.77
20/03/2016,12:00:00,415.1,415,417.5,1.034,1.784,0.975,,,,619.9,619.9
20/03/2016,12:15:00,415.7,415.7,418.2,2.22,2.476,2.098,,,,1500,1500
20/03/2016,12:30:00,412.9,412.9,416.6,0.956,2.438,0.843,,,,589.1,589.1
20/03/2016,12:45:00,410.9,410.8,416,0.603,2.932,0.529,,,,374,374
20/03/2016,13:00:00,412.3,412.2,415.9,0.173,2.686,0.179,,,,78.27,78.27
20/03/2016,13:15:00,415.3,415,417.8,2.246,1.394,2.146,,,,1421,1421
20/03/2016,13:30:00,411.4,411.2,415.7,0.657,2.433,0.529,,,,336.7,336.7
20/03/2016,13:45:00,411.3,410.9,415.3,0.193,3.049,0.024,,,,13.4,13.4
20/03/2016,14:00:00,411.9,411.9,415.1,0,3.059,0,,,,0,0
20/03/2016,14:15:00,411.5,411.5,415.4,0,3.027,0,,,,0,0
20/03/2016,14:30:00,411.3,411.4,414.9,0.003,2.994,0,,,,0,0
20/03/2016,14:45:00,411.2,411.2,414.9,0.063,2.984,0,,,,0,0
20/03/2016,15:00:00,410.8,410.8,415.2,0.342,2.584,0.283,,,,171.9,171.9
20/03/2016,15:15:00,412.5,412.2,416.5,1.155,2.545,1.041,,,,732.1,732.1
20/03/2016,15:30:00,411.3,411.1,415.6,0.509,2.536,0.396,,,,266.3,266.3
20/03/2016,15:45:00,409.8,409.6,414.8,0.151,2.894,0.08,,,,50.92,50.92
20/03/2016,16:00:00,411.7,411.5,415.1,0.167,2.926,0.096,,,,63.89,63.89
20/03/2016,16:15:00,411.7,411.5,415.7,0.073,3.019,0.016,,,,7.32,7.32
20/03/2016,16:30:00,408.9,408.8,416.1,0.032,3.039,0,,,,0,0
20/03/2016,16:45:00,407.9,407.7,414.3,0.166,3.01,0,,,,0,0
20/03/2016,17:00:00,411.2,411.1,415.7,0.065,3.001,0,,,,0,0
20/03/2016,17:15:00,409.6,409.5,415.2,0,3.005,0,,,,0,0
20/03/2016,17:30:00,407.4,407.5,415.6,0,2.997,0,,,,0,0
20/03/2016,17:45:00,407.4,407.5,415.2,0,2.99,0,,,,0,0
20/03/2016,18:00:00,407,407.2,415.7,0,2.988,0,,,,0,0
20/03/2016,18:15:00,411,411.1,415.6,0,2.986,0,,,,0,0
20/03/2016,18:30:00,412.4,412.5,415.8,0,2.993,0,,,,0,0
20/03/2016,18:45:00,411.3,410.9,414.7,0,2.97,0,,,,0,0
20/03/2016,19:00:00,411.8,411.5,415.3,0,2.976,0,,,,0,0
20/03/2016,19:15:00,411.5,411.2,415,0,3.012,0,,,,0,0
20/03/2016,19:30:00,411.5,411.1,414.9,0,3.028,0,,,,0,0
20/03/2016,19:45:00,411.6,411.3,415.1,0,3.013,0,,,,0,0
20/03/2016,20:00:00,412.1,411.7,415.7,0,3.011,0,,,,0,0
20/03/2016,20:15:00,412.2,411.9,415.8,0,3.037,0,,,,0,0
20/03/2016,20:30:00,412.7,412.2,416.2,0,3.031,0,,,,0,0
20/03/2016,20:45:00,412.6,412.1,416.3,0,3.046,0,,,,0,0
20/03/2016,21:00:00,413.4,412.9,417,0,3.062,0,,,,0,0
20/03/2016,21:15:00,414.6,414.1,418.2,0,3.116,0,,,,0,0
20/03/2016,21:30:00,415.1,414.4,418.6,0,3.115,0,,,,0,0
20/03/2016,21:45:00,414.4,413.8,418.1,0,3.11,0,,,,0,0
20/03/2016,22:00:00,414.3,413.7,418,0,3.099,0,,,,0,0
20/03/2016,22:15:00,415.2,414.6,418.8,0,3.118,0,,,,0,0
20/03/2016,22:30:00,415.8,415.2,419.3,0,3.136,0,,,,0,0
20/03/2016,22:45:00,416.4,415.8,419.5,0,3.148,0,,,,0,0
20/03/2016,23:00:00,416.2,415.7,419.4,0,3.148,0,,,,0,0
20/03/2016,23:15:00,416.5,415.9,419.7,0,3.151,0,,,,0,0
20/03/2016,23:30:00,417,416.2,420,0,3.162,0,,,,0,0
20/03/2016,23:45:00,417.3,416.6,420.3,0,3.17,0,,,,0,0
21/03/2016,00:00:00,417.7,417,420.6,0,3.174,0,,,,0,0
21/03/2016,00:15:00,416.6,415.9,419.3,0,3.139,0,,,,0,0
21/03/2016,00:30:00,417.1,416.5,419.9,0,3.181,0,,,,0,0
21/03/2016,00:45:00,417,416.4,419.6,0,3.16,0,,,,0,0
21/03/2016,01:00:00,416.2,415.3,418.5,0,3.125,0,,,,0,0
21/03/2016,01:15:00,416.4,415.6,418.7,0,3.125,0,,,,0,0
21/03/2016,01:30:00,416.8,416,419.1,0,3.136,0,,,,0,0
21/03/2016,01:45:00,416.7,415.9,419.1,0,3.126,0,,,,0,0
21/03/2016,02:00:00,417,416.2,419.4,0,3.131,0,,,,0,0
21/03/2016,02:15:00,416.9,416.1,419.2,0,3.131,0,,,,0,0
21/03/2016,02:30:00,417.1,416.2,419.4,0,3.153,0,,,,0,0
21/03/2016,02:45:00,416.7,416,419.1,0,3.119,0,,,,0,0
21/03/2016,03:00:00,416.4,415.6,418.8,0,3.112,0,,,,0,0
21/03/2016,03:15:00,416.8,415.9,419.2,0,3.13,0,,,,0,0
21/03/2016,03:30:00,417.3,416.5,419.7,0,3.142,0,,,,0,0
21/03/2016,03:45:00,417.2,416.3,419.4,0,3.135,0,,,,0,0
21/03/2016,04:00:00,416.8,415.9,419,0,3.118,0,,,,0,0
21/03/2016,04:15:00,417.2,416.3,419.5,0,3.154,0,,,,0,0
21/03/2016,04:30:00,417.1,416.3,419.4,0,3.148,0,,,,0,0
21/03/2016,04:45:00,416.8,415.9,419,0,3.143,0,,,,0,0
21/03/2016,05:00:00,416.5,415.6,418.8,0,3.111,0,,,,0,0
21/03/2016,05:15:00,416.9,416,419.3,0,3.136,0,,,,0,0
21/03/2016,05:30:00,416.3,415.3,418.5,0,3.125,0,,,,0,0
21/03/2016,05:45:00,416.2,415.2,418.4,0,3.095,0,,,,0,0
21/03/2016,06:00:00,415.9,415,418.2,0,3.085,0,,,,0,0
21/03/2016,06:15:00,415.5,414.7,417.9,0,3.098,0,,,,0,0
21/03/2016,06:30:00,415.4,414.7,417.9,0,3.094,0,,,,0,0
21/03/2016,06:45:00,416,415.3,418.4,0,3.082,0,,,,0,0
21/03/2016,07:00:00,415.4,415.1,417.8,0.001,3.05,0,,,,0,0
21/03/2016,07:15:00,414,414,418.3,0.001,3.059,0,,,,0,0
21/03/2016,07:30:00,412.9,412.7,417.3,0.001,3.036,0,,,,0,0
21/03/2016,07:45:00,413.8,413.8,416.8,0,3.004,0,,,,0,0
21/03/2016,08:00:00,409.7,409.8,415.2,0,2.974,0,,,,0,0
21/03/2016,08:15:00,409.5,409.5,415.5,0,2.995,0,,,,0,0
21/03/2016,08:30:00,411.5,411.4,415.6,0.319,2.972,0,,,,0,0
21/03/2016,08:45:00,411.1,411,415.5,0.043,2.982,0,,,,0,0
21/03/2016,09:00:00,411.8,411.9,416.8,0,3.018,0,,,,0,0
21/03/2016,09:15:00,412.2,412.3,417.1,0.077,3.046,0,,,,0,0
21/03/2016,09:30:00,414.7,414.6,417.2,0.141,2.809,0,,,,0,0
21/03/2016,09:45:00,414.5,414.6,417,0,2.646,0,,,,0,0
21/03/2016,10:00:00,413.7,413.9,416.5,0.001,2.86,0.002,,,,0,0
21/03/2016,10:15:00,413.9,414,416.6,0.07,2.809,0.001,,,,0,0
21/03/2016,10:30:00,412.9,412.9,415.6,0.106,2.835,0,,,,0,0
21/03/2016,10:45:00,411.6,411.6,414.2,0.131,2.794,0,,,,0,0
21/03/2016,11:00:00,411.3,411.2,414.1,0.802,2.821,0,,,,129.9,129.9
21/03/2016,11:15:00,411.6,411.8,414.2,0.77,2.621,0,,,,133.8,133.8
21/03/2016,11:30:00,411.8,412.1,414.4,1.189,2.748,0,,,,252.6,252.6
21/03/2016,11:45:00,409.6,409.7,414.1,0.711,2.916,0,,,,90.96,90.96
21/03/2016,12:00:00,408.4,408.6,413.6,0.407,2.936,0,,,,45.09,45.09
21/03/2016,12:15:00,409.5,409,413.6,0.721,3.03,0,,,,58.33,58.33
21/03/2016,12:30:00,411.5,410.1,413.9,0.451,2.961,0,,,,54.79,54.79
21/03/2016,12:45:00,408.4,407.1,414,0.305,3.019,0,,,,29.79,29.79
21/03/2016,13:00:00,408.5,407.1,414.1,0.677,3.023,0,,,,94.89,94.89
21/03/2016,13:15:00,411.1,409.8,414.7,0.748,3.037,0,,,,107.1,107.1
21/03/2016,13:30:00,412.3,411,414.5,0.388,2.99,0.001,,,,47.46,47.46
21/03/2016,13:45:00,412.3,411,414.5,0.331,2.999,0.002,,,,40.29,40.29
21/03/2016,14:00:00,412.7,411.4,414.4,1.452,2.79,0.002,,,,243.3,243.3
21/03/2016,14:15:00,412.5,411.2,414.5,1.161,3.022,0.002,,,,95.71,95.71
21/03/2016,14:30:00,409.5,407.9,414.5,1.239,3.048,0,,,,143.2,143.2
21/03/2016,14:45:00,411.2,409.7,414,1.229,3.035,0,,,,141.6,141.6
21/03/2016,15:00:00,413,411.5,414.7,1.223,3.067,0,,,,144.4,144.4
21/03/2016,15:15:00,413.7,412.3,415.4,1.202,3.081,0,,,,144.5,144.5
21/03/2016,15:30:00,413.8,412.1,415.3,1.227,3.084,0,,,,147.6,147.6
21/03/2016,15:45:00,414,412.4,415.7,1.239,3.117,0,,,,157,157
21/03/2016,16:00:00,414.4,412.6,415.9,1.222,3.129,0,,,,154.3,154.3
21/03/2016,16:15:00,414.8,413,416.3,1.236,3.131,0,,,,153.7,153.7
21/03/2016,16:30:00,414.6,412.8,416,1.25,3.108,0,,,,154.6,154.6
21/03/2016,16:45:00,415,413.3,416.8,1.25,3.149,0,,,,160.6,160.6
21/03/2016,17:00:00,411.9,410.4,417,1.234,3.152,0,,,,149.7,149.7
21/03/2016,17:15:00,412.4,410.9,417.4,1.224,3.172,0,,,,147.9,147.9
21/03/2016,17:30:00,405.1,403.6,417.2,0.862,3.162,0,,,,80.59,80.59
21/03/2016,17:45:00,415.5,413.9,417.4,1.251,3.157,0,,,,153,153
21/03/2016,18:00:00,415.8,414.1,417.6,1.251,3.16,0,,,,150.7,150.7
21/03/2016,18:15:00,415.5,413.9,417.3,1.246,3.14,0,,,,152.2,152.2
21/03/2016,18:30:00,414.3,412.2,416,1.242,3.113,0,,,,160.1,160.1
21/03/2016,18:45:00,413.9,411.5,415.6,1.212,3.126,0,,,,168.8,168.8
21/03/2016,19:00:00,413.4,410.9,415.1,1.216,3.12,0,,,,171.1,171.1
21/03/2016,19:15:00,413.1,410.6,414.9,1.228,3.097,0,,,,168,168
21/03/2016,19:30:00,413.7,411.1,415.3,1.229,3.101,0,,,,162.3,162.3
21/03/2016,19:45:00,414,411.5,415.7,1.229,3.124,0,,,,165.6,165.6
21/03/2016,20:00:00,414.2,411.7,416,1.223,3.122,0,,,,155.8,155.8
21/03/2016,20:15:00,414.4,411.9,416.2,1.217,3.149,0,,,,165,165
21/03/2016,20:30:00,415.4,412.8,416.9,1.252,3.151,0,,,,166.3,166.3
21/03/2016,20:45:00,415.8,413.2,417.4,1.214,3.204,0,,,,169.9,169.9
21/03/2016,21:00:00,416.4,413.8,418,1.232,3.207,0,,,,168.4,168.4
21/03/2016,21:15:00,415.9,413.2,417.5,1.264,3.182,0,,,,176.3,176.3
21/03/2016,21:30:00,415.7,413,417.1,1.236,3.172,0,,,,168.3,168.3
21/03/2016,21:45:00,415.7,413.2,417.3,1.221,3.174,0,,,,162,162
21/03/2016,22:00:00,415.6,413.1,417.2,1.239,3.162,0,,,,161,161
21/03/2016,22:15:00,416,413.6,417.6,1.239,3.183,0,,,,169.5,169.5
21/03/2016,22:30:00,416,413.6,417.5,1.22,3.201,0,,,,170.6,170.6
21/03/2016,22:45:00,415.3,413,416.8,1.213,3.174,0,,,,164.1,164.1
21/03/2016,23:00:00,414.8,412.4,416.3,1.247,3.133,0,,,,168.5,168.5
21/03/2016,23:15:00,413.6,411.4,415.2,1.229,3.1,0,,,,162.2,162.2
21/03/2016,23:30:00,414.1,412,415.7,1.226,3.131,0,,,,168.6,168.6
21/03/2016,23:45:00,414.9,412.7,416.4,1.227,3.134,0,,,,162.9,162.9
22/03/2016,00:00:00,415,412.8,416.3,1.234,3.141,0,,,,163.4,163.4
22/03/2016,00:15:00,412.8,410.6,414.3,1.222,3.068,0,,,,162.3,162.3
22/03/2016,00:30:00,412,409.8,413.5,0.146,3.069,0,,,,10.69,10.69
22/03/2016,00:45:00,412.5,410.3,413.8,0,3.071,0,,,,0,0
22/03/2016,01:00:00,413,410.7,414.2,0,3.072,0,,,,0,0
22/03/2016,01:15:00,413.6,411.4,415,0,3.092,0,,,,0,0
22/03/2016,01:30:00,415,412.9,416.3,0,3.129,0,,,,0,0
22/03/2016,01:45:00,415.5,413.3,416.8,0,3.148,0,,,,0,0
22/03/2016,02:00:00,415.7,413.5,416.9,0,3.148,0,,,,0,0
22/03/2016,02:15:00,415.6,413.5,416.8,0,3.161,0,,,,0,0
22/03/2016,02:30:00,415.9,413.8,417.1,0,3.174,0,,,,0,0
22/03/2016,02:45:00,416,413.9,417.2,0,3.173,0,,,,0,0
22/03/2016,03:00:00,415.8,413.6,417.1,0,3.176,0,,,,0,0
22/03/2016,03:15:00,416,413.9,417.2,0,3.168,0,,,,0,0
22/03/2016,03:30:00,416.2,414.1,417.5,0,3.166,0,,,,0,0
22/03/2016,03:45:00,416,414,417.4,0,3.169,0,,,,0,0
22/03/2016,04:00:00,416.1,413.9,417.4,0,3.193,0,,,,0,0
22/03/2016,04:15:00,416.2,414.1,417.4,0,3.176,0,,,,0,0
22/03/2016,04:30:00,415.3,413.3,416.6,0,3.168,0,,,,0,0
22/03/2016,04:45:00,415.6,413.5,416.9,0,3.164,0,,,,0,0
22/03/2016,05:00:00,415,412.9,416.4,0,3.152,0,,,,0,0
22/03/2016,05:15:00,414.2,412.1,415.6,0,3.113,0,,,,0,0
22/03/2016,05:30:00,414.1,411.8,415.4,0,3.108,0,,,,0,0
22/03/2016,05:45:00,413.8,411.4,415,0,3.086,0,,,,0,0
22/03/2016,06:00:00,413.7,411.3,415,0,3.114,0,,,,0,0
22/03/2016,06:15:00,413.7,411.6,415.1,0,3.106,0,,,,0,0
22/03/2016,06:30:00,415.4,413.5,416.8,0,3.152,0,,,,0,0
22/03/2016,06:45:00,416.9,415,418.1,0,3.18,0,,,,0,0
22/03/2016,07:00:00,415.1,413.7,416.9,0,3.136,0,,,,0,0
22/03/2016,07:15:00,412.1,410.7,416,0,3.088,0,,,,0,0
22/03/2016,07:30:00,408.2,406.8,415.9,0,3.068,0,,,,0,0
22/03/2016,07:45:00,409.1,407.8,415,0,3.041,0,,,,0,0
22/03/2016,08:00:00,410.5,409.2,414.6,0,3.05,0,,,,0,0
22/03/2016,08:15:00,412.8,411.7,416.1,0.085,3.031,0.001,,,,0,0
22/03/2016,08:30:00,413.9,412.7,416,0,3.101,0,,,,0,0
22/03/2016,08:45:00,414.2,412.8,415.6,0,3.064,0,,,,0,0
22/03/2016,09:00:00,413.9,412.4,415.3,0,3.068,0,,,,0,0
22/03/2016,09:15:00,412.9,411.6,415.7,0.264,2.636,0.269,,,,111.3,111.3
22/03/2016,09:30:00,412.4,411.5,415.2,0.602,2.121,0.575,,,,251.1,251.1
22/03/2016,09:45:00,411.8,411.2,414.7,0,2.951,0,,,,0,0
22/03/2016,10:00:00,412,411.7,415,0.118,2.675,0.062,,,,12.74,12.74
22/03/2016,10:15:00,410.8,410.5,414.4,0,2.96,0,,,,0,0
22/03/2016,10:30:00,413.7,413.4,416.5,0.038,2.721,0.016,,,,2.606,2.606
22/03/2016,10:45:00,416.2,415.4,417.6,1.218,1.269,1.167,,,,667,667
22/03/2016,11:00:00,412.6,412,415.3,0.227,2.78,0.076,,,,46.35,46.35
22/03/2016,11:15:00,415.4,414.6,416.7,1.049,1.81,1.012,,,,608.7,608.7
22/03/2016,11:30:00,418.4,416.8,419,3.098,1.539,2.905,,,,1967,1967
22/03/2016,11:45:00,416.3,415,417.7,2.189,1.867,2.004,,,,1403,1403
22/03/2016,12:00:00,416.6,415.2,417.5,2.28,1.525,2.062,,,,1415,1415
22/03/2016,12:15:00,413.5,412.2,415.6,1.22,1.823,0.983,,,,710.8,710.8
22/03/2016,12:30:00,412.4,410.9,415,0.962,2.351,0.786,,,,568.2,568.2
22/03/2016,12:45:00,409,407.9,413.5,0.024,3.039,0,,,,0,0
22/03/2016,13:00:00,411.6,410.4,413.7,0.32,2.798,0.225,,,,152.6,152.6
22/03/2016,13:15:00,413.6,412.5,416.4,0.547,2.692,0.429,,,,301.1,301.1
22/03/2016,13:30:00,415.4,413.9,416.7,1.326,2.035,1.131,,,,796.3,796.3
22/03/2016,13:45:00,411.8,410.9,414.6,0.193,2.871,0.081,,,,38.05,38.05
22/03/2016,14:00:00,417.9,416.3,419.1,3.51,1.972,3.199,,,,2312,2312
22/03/2016,14:15:00,414.9,413.4,416.6,2.843,2.441,1.677,,,,1532,1532
22/03/2016,14:30:00,412.1,410.9,415,1.339,2.69,0.253,,,,348,348
22/03/2016,14:45:00,414,412.8,416,1.772,2.435,0.505,,,,631.1,631.1
22/03/2016,15:00:00,412.6,411.6,415.6,1.242,3.005,0.07,,,,299.3,299.3
22/03/2016,15:15:00,412.6,411.4,414.9,1.225,3.05,0,,,,260.8,260.8
22/03/2016,15:30:00,413.1,411.8,414.8,1.284,2.981,0,,,,257.8,257.8
22/03/2016,15:45:00,414.6,413.2,416.3,2.398,2.392,1.035,,,,986.1,986.1
22/03/2016,16:00:00,413.1,411.8,415.8,1.426,2.87,0.117,,,,332.8,332.8
22/03/2016,16:15:00,418.7,416.8,419.6,4.103,0.947,2.63,,,,2145,2145
22/03/2016,16:30:00,416.2,414.6,417.5,2.406,1.508,1.096,,,,1046,1046
22/03/2016,16:45:00,416.1,414.5,418.1,1.817,1.887,0.785,,,,821.4,821.4
22/03/2016,17:00:00,415.2,413.6,418,1.421,2.154,0.785,,,,628.7,628.7
22/03/2016,17:15:00,419.2,417.1,419.9,2.928,0.533,1.817,,,,1377,1377
22/03/2016,17:30:00,419.8,417.8,420.5,1.966,1.212,1.658,,,,954.6,954.6
22/03/2016,17:45:00,419.4,417.7,420.3,0.925,1.973,0.89,,,,337.6,337.6
22/03/2016,18:00:00,418.3,417.1,419.7,0.085,2.819,0.011,,,,3.058,3.058
22/03/2016,18:15:00,415.9,414.4,419.6,1.465,3.207,0,,,,214.8,214.8
22/03/2016,18:30:00,417.8,416.3,419.7,1.473,3.198,0,,,,204.8,204.8
22/03/2016,18:45:00,417.4,415.6,418.9,1.452,3.2,0,,,,210.7,210.7
22/03/2016,19:00:00,414.8,412.6,416.2,1.465,3.097,0,,,,211.4,211.4
22/03/2016,19:15:00,413.5,411.5,415.2,1.408,3.116,0,,,,221.7,221.7
22/03/2016,19:30:00,413.9,411.9,415.7,1.364,3.156,0,,,,234.1,234.1
22/03/2016,19:45:00,414,412.1,416,1.364,3.154,0,,,,213,213
22/03/2016,20:00:00,414.9,412.9,417,1.377,3.162,0,,,,204.2,204.2
22/03/2016,20:15:00,415.1,413,417,1.385,3.187,0,,,,216,216
22/03/2016,20:30:00,415.8,413.5,417.6,1.396,3.203,0,,,,219.3,219.3
22/03/2016,20:45:00,416,413.7,418,1.386,3.218,0,,,,219.9,219.9
22/03/2016,21:00:00,416.8,414.5,418.4,1.395,3.225,0,,,,225.1,225.1
22/03/2016,21:15:00,417.4,415.4,419.2,0.947,3.24,0,,,,124.4,124.4
22/03/2016,21:30:00,415.6,413.5,417.3,0.852,3.177,0,,,,112.4,112.4
22/03/2016,21:45:00,413.7,411.9,415.7,0,3.113,0,,,,0,0
22/03/2016,22:00:00,414,412.1,415.8,0,3.109,0,,,,0,0
22/03/2016,22:15:00,414.5,412.6,416.3,0,3.122,0,,,,0,0
22/03/2016,22:30:00,414.1,412.3,415.7,0,3.114,0,,,,0,0
22/03/2016,22:45:00,414.2,412.4,415.7,0.273,3.115,0,,,,38.51,38.51
22/03/2016,23:00:00,414.2,412.4,415.5,0.609,3.107,0,,,,108.2,108.2
22/03/2016,23:15:00,414.7,413,416.2,1.101,3.126,0,,,,249.5,249.5
22/03/2016,23:30:00,414.7,413.1,416.4,1.157,3.112,0,,,,221.3,221.3
22/03/2016,23:45:00,414.9,413.2,416.5,1.227,3.138,0,,,,261.4,261.4
23/03/2016,00:00:00,413.2,411.6,414.9,1.228,3.073,0,,,,255.2,255.2
23/03/2016,00:15:00,413.9,412.4,415.7,1.285,3.117,0,,,,242.1,242.1
23/03/2016,00:30:00,414.7,413.2,416.5,1.27,3.13,0,,,,233.9,233.9
23/03/2016,00:45:00,413.5,412.2,415.3,1.243,3.089,0,,,,238.2,238.2
23/03/2016,01:00:00,413.4,412.1,415.1,1.285,3.08,0,,,,239.6,239.6
23/03/2016,01:15:00,413.7,412.4,415.6,1.336,3.105,0,,,,234.4,234.4
23/03/2016,01:30:00,413.6,412.3,415.5,1.321,3.081,0,,,,211.8,211.8
23/03/2016,01:45:00,414.3,413,416.2,1.169,3.086,0,,,,242.1,242.1
23/03/2016,02:00:00,414.4,413.1,416.4,1.13,3.08,0,,,,232.5,232.5
23/03/2016,02:15:00,414,412.9,416,1.179,3.083,0,,,,215,215
23/03/2016,02:30:00,413.9,412.8,415.9,1.257,3.084,0,,,,191.3,191.3
23/03/2016,02:45:00,414.8,413.6,416.8,1.248,3.095,0,,,,199.5,199.5
23/03/2016,03:00:00,414.3,412.9,416.2,1.24,3.103,0,,,,209.6,209.6
23/03/2016,03:15:00,414.4,413.1,416.3,1.266,3.089,0,,,,189.2,189.2
23/03/2016,03:30:00,414.4,413.1,416.4,1.278,3.1,0,,,,192.6,192.6
23/03/2016,03:45:00,415,413.6,416.8,1.308,3.098,0,,,,173.7,173.7
23/03/2016,04:00:00,414.9,413.6,416.8,0.097,3.111,0,,,,6.74,6.74
23/03/2016,04:15:00,414.5,413.2,416.4,0,3.098,0,,,,0,0
23/03/2016,04:30:00,414.1,412.9,416.1,0,3.106,0,,,,0,0
23/03/2016,04:45:00,414.2,412.9,416.1,0,3.094,0,,,,0,0
23/03/2016,05:00:00,413.2,411.7,415.3,0,3.066,0,,,,0,0
23/03/2016,05:15:00,412,410.6,414.1,0,3.028,0,,,,0,0
23/03/2016,05:30:00,412.2,411,414.5,0,3.034,0,,,,0,0
23/03/2016,05:45:00,412.2,410.9,414.6,0,3.029,0,,,,0,0
23/03/2016,06:00:00,414,412.7,416.3,0,3.092,0,,,,0,0
23/03/2016,06:15:00,414,413,416.5,0,3.105,0,,,,0,0
23/03/2016,06:30:00,416.3,415.4,418.6,0,3.154,0,,,,0,0
23/03/2016,06:45:00,411.4,410.8,417.7,0,3.117,0,,,,0,0
23/03/2016,07:00:00,406.4,405.9,416.3,0,3.091,0,,,,0,0
23/03/2016,07:15:00,412.9,412.2,416.9,0.277,2.551,0.301,,,,60.4,60.4
23/03/2016,07:30:00,415.7,414.7,417.5,1.22,1.535,1.125,,,,629.4,629.4
23/03/2016,07:45:00,419,417.8,420.5,3.718,1.772,3.481,,,,2420,2420
23/03/2016,08:00:00,416.9,415.5,418.4,2.312,1.962,2.152,,,,1491,1491
23/03/2016,08:15:00,422.4,420.6,423,5.734,3.413,5.342,,,,3848,3848
23/03/2016,08:30:00,421.6,419.7,422.1,6.577,3.628,5.513,,,,4192,4192
23/03/2016,08:45:00,421.8,419.7,422.3,7.349,4.016,5.854,,,,4512,4512
23/03/2016,09:00:00,420,418.1,420.5,5.643,3.651,5.179,,,,3748,3748
23/03/2016,09:15:00,413.3,411.5,414.3,0.742,2.421,0.482,,,,387.4,387.4
23/03/2016,09:30:00,419,416.8,419.4,5.479,3.112,4.717,,,,3573,3573
23/03/2016,09:45:00,421.5,419.2,422,6.89,4.075,5.942,,,,4548,4548
23/03/2016,10:00:00,421.1,418.9,421.5,5.974,3.218,5.13,,,,3915,3915
23/03/2016,10:15:00,423,420.9,423.4,5.921,3.374,5.359,,,,3896,3896
23/03/2016,10:30:00,422.6,420.3,422.7,7.373,3.756,5.694,,,,4445,4445
23/03/2016,10:45:00,421.8,419.5,422.2,7.574,4.112,5.989,,,,4658,4658
23/03/2016,11:00:00,416.4,414.3,417.6,3.503,2.677,3.015,,,,2080,2080
23/03/2016,11:15:00,417.9,415.7,418.8,3.796,2.938,3.526,,,,2575,2575
23/03/2016,11:30:00,419.8,417.5,420.6,4.015,2.531,3.722,,,,2670,2670
23/03/2016,11:45:00,418.2,416,419.6,3.616,3.123,3.37,,,,2465,2465
23/03/2016,12:00:00,420.6,418.4,421.2,4.707,3.277,4.402,,,,3225,3225
23/03/2016,12:15:00,415.4,413.5,417.3,1.643,2.725,1.476,,,,1080,1080
23/03/2016,12:30:00,421.3,419.1,421.7,4.941,2.985,4.642,,,,3297,3297
23/03/2016,12:45:00,420.1,418,420.8,3.976,2.661,3.686,,,,2657,2657
23/03/2016,13:00:00,414.5,412.4,416.1,0.064,3.159,0.042,,,,29.3,29.3
23/03/2016,13:15:00,418.1,416,419.4,2.548,2.756,2.308,,,,1715,1715
23/03/2016,13:30:00,414.3,412.4,416.1,0.042,3.176,0.008,,,,3.829,3.829
23/03/2016,13:45:00,415.2,413.3,416.7,0.055,3.217,0.012,,,,7.498,7.498
23/03/2016,14:00:00,414.4,412.4,415,0,3.16,0,,,,0,0
23/03/2016,14:15:00,412.7,410.9,414.7,0.116,2.993,0.062,,,,39.79,39.79
23/03/2016,14:30:00,413.8,412,414.7,0.171,2.918,0.112,,,,71.5,71.5
23/03/2016,14:45:00,413.5,411.7,414.3,0,3.051,0,,,,0,0
23/03/2016,15:00:00,414.5,412.7,415.2,0,3.064,0,,,,0,0
23/03/2016,15:15:00,413.6,412,415.3,0,3.058,0,,,,0,0
23/03/2016,15:30:00,415.1,413.3,415.7,0,3.083,0,,,,0,0
23/03/2016,15:45:00,410.8,409.1,416.3,0,3.109,0,,,,0,0
23/03/2016,16:00:00,407.1,405.3,416.5,0,3.142,0,,,,0,0
23/03/2016,16:15:00,412.1,410.4,416.9,0,3.129,0,,,,0,0
23/03/2016,16:30:00,413.5,411.6,417.3,0,3.113,0,,,,0,0
23/03/2016,16:45:00,416.9,415.6,420,0.769,2.184,0.672,,,,402.1,402.1
23/03/2016,17:00:00,414.2,413,416.6,1.348,1.354,1.219,,,,757.4,757.4
23/03/2016,17:15:00,412,411,415.8,0.563,2.354,0.456,,,,266.2,266.2
23/03/2016,17:30:00,409.6,408.7,415.5,0,3.041,0,,,,0,0
23/03/2016,17:45:00,408.4,407.6,416.2,0,3.076,0,,,,0,0
23/03/2016,18:00:00,414.2,413.4,416.4,0,3.08,0,,,,0,0
23/03/2016,18:15:00,414.2,413.2,416.7,0,3.083,0,,,,0,0
23/03/2016,18:30:00,413.7,412.7,416.2,0,3.04,0,,,,0,0
23/03/2016,18:45:00,412.5,411.1,415,0,3.044,0,,,,0,0
23/03/2016,19:00:00,411.2,409.5,413.7,0,2.98,0,,,,0,0
23/03/2016,19:15:00,411.7,410,414.2,0,3.005,0,,,,0,0
23/03/2016,19:30:00,411.6,410,414.2,0,3.001,0,,,,0,0
23/03/2016,19:45:00,412.3,410.6,414.8,0,3.051,0,,,,0,0
23/03/2016,20:00:00,413.1,411.5,415.9,0,3.09,0,,,,0,0
23/03/2016,20:15:00,413.6,412,416.5,0,3.141,0,,,,0,0
23/03/2016,20:30:00,413.8,412.4,416.9,0,3.163,0,,,,0,0
23/03/2016,20:45:00,414.2,412.7,417.2,0,3.169,0,,,,0,0
23/03/2016,21:00:00,414.6,413.3,417.8,0,3.173,0,,,,0,0
23/03/2016,21:15:00,415.3,413.9,418.4,0,3.184,0,,,,0,0
23/03/2016,21:30:00,415.9,414.5,419.1,0,3.199,0,,,,0,0
23/03/2016,21:45:00,415.7,414.4,418.7,0,3.205,0,,,,0,0
23/03/2016,22:00:00,415.6,414.1,418.5,0,3.174,0,,,,0,0
23/03/2016,22:15:00,413.6,412.2,416.5,0,3.092,0,,,,0,0
23/03/2016,22:30:00,414.1,412.8,416.7,0,3.093,0,,,,0,0
23/03/2016,22:45:00,414.8,413.4,417.5,0,3.12,0,,,,0,0
23/03/2016,23:00:00,414.4,412.9,416.8,0,3.092,0,,,,0,0
23/03/2016,23:15:00,414.8,413.4,417.2,0,3.096,0,,,,0,0
23/03/2016,23:30:00,415,413.6,417.3,0,3.113,0,,,,0,0
23/03/2016,23:45:00,415.8,414.4,418.1,0,3.152,0,,,,0,0
24/03/2016,00:00:00,414.6,413.2,416.9,0,3.083,0,,,,0,0
24/03/2016,00:15:00,413.3,412,415.4,0,3.049,0,,,,0,0
24/03/2016,00:30:00,413.3,412,415.4,0,3.048,0,,,,0,0
24/03/2016,00:45:00,413.7,412.3,415.9,0,3.076,0,,,,0,0
24/03/2016,01:00:00,413.8,412.4,416.1,0,3.074,0,,,,0,0
24/03/2016,01:15:00,413.9,412.6,416.2,0,3.074,0,,,,0,0
24/03/2016,01:30:00,413.6,412.2,415.9,0,3.079,0,,,,0,0
24/03/2016,01:45:00,413.9,412.5,416.1,0,3.092,0,,,,0,0
24/03/2016,02:00:00,413.8,412.4,416.1,0,3.059,0,,,,0,0
24/03/2016,02:15:00,413.2,411.9,415.7,0,3.053,0,,,,0,0
24/03/2016,02:30:00,412.8,411.5,415.3,0,3.023,0,,,,0,0
24/03/2016,02:45:00,412.9,411.6,415.5,0,3.054,0,,,,0,0
24/03/2016,03:00:00,413.6,412.2,416,0,3.073,0,,,,0,0
24/03/2016,03:15:00,413.5,412.2,415.9,0,3.088,0,,,,0,0
24/03/2016,03:30:00,413.5,412.3,416,0,3.071,0,,,,0,0
24/03/2016,03:45:00,413.3,412.2,415.9,0,3.045,0,,,,0,0
24/03/2016,04:00:00,413.7,412.4,416.2,0,3.064,0,,,,0,0
24/03/2016,04:15:00,413.3,412,415.7,0,3.04,0,,,,0,0
24/03/2016,04:30:00,413.5,412.1,415.9,0,3.063,0,,,,0,0
24/03/2016,04:45:00,413.4,412.1,415.9,0,3.056,0,,,,0,0
24/03/2016,05:00:00,413.1,411.8,415.7,0,3.049,0,,,,0,0
24/03/2016,05:15:00,412.4,411.2,414.9,0,3.021,0,,,,0,0
24/03/2016,05:30:00,412.5,411.2,415,0,3.072,0,,,,0,0
24/03/2016,05:45:00,412.9,411.5,415.4,0.214,3.086,0,,,,15.11,15.11
24/03/2016,06:00:00,412.6,411.4,415.2,1.217,3.089,0,,,,144.5,144.5
24/03/2016,06:15:00,412.8,411.6,415.4,1.25,3.077,0,,,,144,144
24/03/2016,06:30:00,414.6,413.5,417.2,1.274,3.126,0,,,,151.4,151.4
24/03/2016,06:45:00,410.6,409.7,417.3,1.293,3.108,0,,,,148.7,148.7
24/03/2016,07:00:00,410.8,410,416.1,1.297,3.066,0.001,,,,151.4,151.4
24/03/2016,07:15:00,414.9,413.9,417.1,2.055,2.082,0.551,,,,579.4,579.4
24/03/2016,07:30:00,417.2,416,419.4,4.123,1.316,2.679,,,,2123,2123
24/03/2016,07:45:00,420.3,418.9,422.1,6.219,2.764,4.689,,,,3619,3619
24/03/2016,08:00:00,419.5,418.2,421.6,6.423,3.253,4.846,,,,3833,3833
24/03/2016,08:15:00,423.6,422.1,425.5,7.443,3.888,5.821,,,,4524,4524
24/03/2016,08:30:00,423.4,421.9,425.2,7.752,4.283,6.17,,,,4888,4888
24/03/2016,08:45:00,424.3,422.7,425.9,7.636,4.359,6.258,,,,4951,4951
24/03/2016,09:00:00,423.1,421.5,424.7,7.283,4.431,6.312,,,,4854,4854
24/03/2016,09:15:00,422.7,421,424.2,7.058,4.636,6.482,,,,4811,4811
24/03/2016,09:30:00,422.5,421,424,6.923,4.588,6.446,,,,4736,4736
24/03/2016,09:45:00,422.5,420.9,424.1,7.181,4.86,6.694,,,,4921,4921
24/03/2016,10:00:00,422.4,420.7,424,7.508,4.942,6.758,,,,5097,5097
24/03/2016,10:15:00,421.4,419.6,422.9,7.35,5.014,6.822,,,,4993,4993
24/03/2016,10:30:00,421.1,419.4,422.6,7.122,4.938,6.746,,,,4863,4863
24/03/2016,10:45:00,422.5,420.8,423.9,7.064,4.847,6.697,,,,4838,4838
24/03/2016,11:00:00,422.3,420.6,423.8,7.123,4.902,6.756,,,,4884,4884
24/03/2016,11:15:00,422,420.3,423.4,7.138,4.911,6.769,,,,4894,4894
24/03/2016,11:30:00,421.8,420.2,423.2,7.224,5.024,6.863,,,,4963,4963
24/03/2016,11:45:00,421.3,419.6,422.8,7.267,5.047,6.894,,,,4987,4987
24/03/2016,12:00:00,419.3,417.6,421,6.117,4.54,5.792,,,,4313,4313
24/03/2016,12:15:00,412.9,411.5,415.8,2.611,3.231,2.446,,,,1791,1791
24/03/2016,12:30:00,410.1,408.6,413.4,1.034,2.886,0.828,,,,654.7,654.7
24/03/2016,12:45:00,408.8,407.4,412,0,3.099,0,,,,0,0
24/03/2016,13:00:00,409.1,407.7,413.4,0.656,3.274,0.559,,,,426.3,426.3
24/03/2016,13:15:00,415.5,414.2,419.2,1.895,3.429,1.675,,,,1334,1334
24/03/2016,13:30:00,414.8,413.4,417.2,0.182,3.24,0.133,,,,95.87,95.87
24/03/2016,13:45:00,414.3,413,417.2,0.304,3.305,0.256,,,,190.3,190.3
24/03/2016,14:00:00,414.9,413.5,418.6,1.29,3.241,1.192,,,,872,872
24/03/2016,14:15:00,413.7,412.2,416.8,0.226,3.104,0.174,,,,123.2,123.2
24/03/2016,14:30:00,415.3,414,417.9,1.198,2.919,1.058,,,,775.2,775.2
24/03/2016,14:45:00,419.5,417.9,422,3.764,3.404,3.525,,,,2588,2588
24/03/2016,15:00:00,423.8,421.9,425,6.215,4.429,5.853,,,,4334,4334
24/03/2016,15:15:00,422.9,421.2,424.8,6.009,4.49,5.667,,,,4199,4199
24/03/2016,15:30:00,425.1,423.4,426.6,7.094,4.78,6.724,,,,4859,4859
24/03/2016,15:45:00,423.3,421.5,425,6.032,3.827,5.692,,,,4060,4060
24/03/2016,16:00:00,414.5,413.1,417.5,0.517,2.636,0.415,,,,252,252
24/03/2016,16:15:00,417.4,415.9,419.4,1.658,2.805,1.508,,,,1087,1087
24/03/2016,16:30:00,416.4,414.9,418.9,1.313,2.231,1.074,,,,787.5,787.5
24/03/2016,16:45:00,414.3,412.9,418.8,1.175,2.021,1.025,,,,710,710
24/03/2016,17:00:00,420.3,418.4,421.8,2.982,0.001,2.774,,,,1807,1807
24/03/2016,17:15:00,415.8,414.2,419.3,1.283,1.8,1.075,,,,735.7,735.7
24/03/2016,17:30:00,419.6,417.9,421.2,2.347,0.113,2.174,,,,1342,1342
24/03/2016,17:45:00,416.9,415.3,418.6,1.668,1.139,1.556,,,,816.2,816.2
24/03/2016,18:00:00,414.8,413.2,417,0.312,2.466,0.26,,,,104.6,104.6
24/03/2016,18:15:00,409.1,407.6,416.5,0.059,3.14,0.003,,,,0,0
24/03/2016,18:30:00,413.3,411.7,416.4,0,3.144,0,,,,0,0
24/03/2016,18:45:00,413.4,411.5,415.7,0,3.115,0,,,,0,0
24/03/2016,19:00:00,412,409.7,414.5,0,3.097,0,,,,0,0
24/03/2016,19:15:00,412.1,409.8,414.7,0,3.13,0,,,,0,0
24/03/2016,19:30:00,412.6,410.2,415.2,0,3.164,0,,,,0,0
24/03/2016,19:45:00,412.8,410.4,415.5,0,3.167,0,,,,0,0
24/03/2016,20:00:00,413.3,411,416.2,0,3.258,0,,,,0,0
24/03/2016,20:15:00,414,411.6,416.9,0,3.263,0,,,,0,0
24/03/2016,20:30:00,414,411.5,416.9,0,3.275,0,,,,0,0
24/03/2016,20:45:00,414.4,412,417.3,0,3.268,0,,,,0,0
24/03/2016,21:00:00,415.2,412.7,418,0,3.312,0,,,,0,0
24/03/2016,21:15:00,415.6,413.2,418.4,0,3.316,0,,,,0,0
24/03/2016,21:30:00,413.7,411.3,416.5,0,3.25,0,,,,0,0
24/03/2016,21:45:00,413,410.6,415.8,0,3.22,0,,,,0,0
24/03/2016,22:00:00,413.2,410.7,415.9,0,3.221,0,,,,0,0
24/03/2016,22:15:00,413.4,410.9,416,0,3.218,0,,,,0,0
24/03/2016,22:30:00,414.2,411.7,416.5,0,3.246,0,,,,0,0
24/03/2016,22:45:00,414.2,411.8,416.6,0,3.233,0,,,,0,0
24/03/2016,23:00:00,415.1,412.8,417.4,0,3.256,0,,,,0,0
24/03/2016,23:15:00,415.3,413.1,417.4,0,3.268,0,,,,0,0
24/03/2016,23:30:00,415.1,412.9,417.1,0,3.244,0,,,,0,0
24/03/2016,23:45:00,415.6,413.2,417.6,0,3.2,0,,,,0,0
25/03/2016,00:00:00,414.1,411.7,416.1,0,3.167,0,,,,0,0
25/03/2016,00:15:00,414.1,411.7,416.2,0,3.159,0,,,,0,0
25/03/2016,00:30:00,414.5,412.2,416.4,0,3.182,0,,,,0,0
25/03/2016,00:45:00,415.6,413.3,417.4,0,3.204,0,,,,0,0
25/03/2016,01:00:00,415.6,413.4,417.5,0,3.219,0,,,,0,0
25/03/2016,01:15:00,415.1,412.9,416.9,0,3.207,0,,,,0,0
25/03/2016,01:30:00,413.6,411.1,415.2,0,3.145,0,,,,0,0
25/03/2016,01:45:00,413.6,411,415.2,0,3.139,0,,,,0,0
25/03/2016,02:00:00,414,411.5,415.7,0.883,3.155,0,,,,107.8,107.8
25/03/2016,02:15:00,414.8,412.2,416.3,1.02,3.174,0,,,,136.9,136.9
25/03/2016,02:30:00,414.4,411.8,416,0,3.159,0,,,,0,0
25/03/2016,02:45:00,414.5,412,416.3,0,3.173,0,,,,0,0
25/03/2016,03:00:00,414.8,412.5,416.6,0,3.207,0,,,,0,0
25/03/2016,03:15:00,414.8,412.5,416.5,0,3.194,0,,,,0,0
25/03/2016,03:30:00,415.1,412.5,416.6,0,3.18,0,,,,0,0
25/03/2016,03:45:00,415.2,412.6,416.7,0,3.178,0,,,,0,0
25/03/2016,04:00:00,414.7,412.3,416.4,0,3.186,0,,,,0,0
25/03/2016,04:15:00,414.8,412.3,416.4,0,3.165,0,,,,0,0
25/03/2016,04:30:00,414.7,412.1,416.2,0,3.171,0,,,,0,0
25/03/2016,04:45:00,414.9,412.4,416.4,0,3.181,0,,,,0,0
25/03/2016,05:00:00,414.8,412.4,416.2,0,3.207,0,,,,0,0
25/03/2016,05:15:00,414.9,412.3,416.2,0,3.172,0,,,,0,0
25/03/2016,05:30:00,415.3,412.5,416.6,0,3.18,0,,,,0,0
25/03/2016,05:45:00,415.1,412.5,416.5,0,3.182,0,,,,0,0
25/03/2016,06:00:00,415.4,412.7,416.7,0,3.201,0,,,,0,0
25/03/2016,06:15:00,415.8,413.2,417.2,0,3.208,0,,,,0,0
25/03/2016,06:30:00,417.7,415.4,419.1,0,3.246,0,,,,0,0
25/03/2016,06:45:00,410.2,408.1,417.1,0,3.203,0,,,,0,0
25/03/2016,07:00:00,414.6,412.4,417,0.003,3.168,0,,,,0,0
25/03/2016,07:15:00,417.2,414.8,418.2,0.784,2.011,0.766,,,,339.3,339.3
25/03/2016,07:30:00,419.7,417.2,420.7,3.185,0.744,3.005,,,,1963,1963
25/03/2016,07:45:00,420.8,418.5,421.9,4.985,2.731,4.727,,,,3292,3292
25/03/2016,08:00:00,421,418.4,421.9,5.579,3.388,5.304,,,,3727,3727
25/03/2016,08:15:00,420.8,418,421.7,5.863,3.68,5.561,,,,3927,3927
25/03/2016,08:30:00,421,418.5,422,6.108,3.921,5.795,,,,4115,4115
25/03/2016,08:45:00,420.5,417.9,421.5,6.203,3.994,5.872,,,,4178,4178
25/03/2016,09:00:00,421,418.3,421.9,6.455,4.267,6.116,,,,4362,4362
25/03/2016,09:15:00,423.9,421.2,425,6.563,4.29,6.212,,,,4464,4464
25/03/2016,09:30:00,423.9,421.1,425.1,6.727,4.418,6.345,,,,4579,4579
25/03/2016,09:45:00,423.8,421,424.8,7.166,4.546,6.47,,,,4775,4775
25/03/2016,10:00:00,424.3,421.3,425.2,7.119,4.789,6.708,,,,4861,4861
25/03/2016,10:15:00,423.6,420.8,424.5,7.221,4.752,6.649,,,,4868,4868
25/03/2016,10:30:00,423.6,420.9,424.6,7.31,5.031,6.91,,,,5016,5016
25/03/2016,10:45:00,423.7,420.8,424.7,7.346,5.046,6.932,,,,5036,5036
25/03/2016,11:00:00,425.3,422.3,426.1,7.832,5.537,7.404,,,,5409,5409
25/03/2016,11:15:00,426.4,423.5,427.5,7.974,5.513,7.44,,,,5502,5502
25/03/2016,11:30:00,426.2,423.3,427.3,7.815,5.415,7.361,,,,5401,5401
25/03/2016,11:45:00,423.9,421,424.8,6.12,3.644,5.743,,,,4146,4146
25/03/2016,12:00:00,425.8,422.9,426.7,7.671,5.228,7.207,,,,5287,5287
25/03/2016,12:15:00,424.6,421.8,425.5,7.308,4.874,6.871,,,,5019,5019
25/03/2016,12:30:00,425.2,422.4,426.2,6.924,4.448,6.505,,,,4745,4745
25/03/2016,12:45:00,423.7,420.8,424.5,6.008,3.56,5.635,,,,4071,4071
25/03/2016,13:00:00,425.7,422.8,426.5,7.229,4.725,6.786,,,,4961,4961
25/03/2016,13:15:00,425.5,422.7,426.3,7.036,4.554,6.617,,,,4825,4825
25/03/2016,13:30:00,425.1,422.3,425.8,6.938,4.444,6.518,,,,4747,4747
25/03/2016,13:45:00,424.7,422,425.4,6.462,3.971,6.076,,,,4408,4408
25/03/2016,14:00:00,425.6,422.8,426.3,7.152,4.668,6.73,,,,4916,4916
25/03/2016,14:15:00,425.8,423,426.5,7.258,4.769,6.821,,,,4980,4980
25/03/2016,14:30:00,425.5,422.7,426.3,7.249,4.763,6.813,,,,4975,4975
25/03/2016,14:45:00,424.1,421.3,424.9,6.387,3.93,5.993,,,,4342,4342
25/03/2016,15:00:00,421.1,418.5,422.9,4.97,3.73,4.631,,,,3463,3463
25/03/2016,15:15:00,425.2,422.4,426,6.822,4.322,6.411,,,,4660,4660
25/03/2016,15:30:00,425.8,422.9,426.2,6.58,4.194,6.208,,,,4501,4501
25/03/2016,15:45:00,425,422.3,425.6,6.061,3.573,5.719,,,,4107,4107
25/03/2016,16:00:00,422.1,419.5,422.6,4.035,1.518,3.797,,,,2612,2612
25/03/2016,16:15:00,419.9,417.3,420.6,3.48,0.857,3.264,,,,2194,2194
25/03/2016,16:30:00,417.9,415,418.6,2.396,0.753,2.224,,,,1414,1414
25/03/2016,16:45:00,418.3,415.6,419.2,2.424,0.5,2.238,,,,1448,1448
25/03/2016,17:00:00,416.3,413.8,417.5,0.91,1.939,0.882,,,,381.3,381.3
25/03/2016,17:15:00,415.5,412.9,416.7,0.104,2.563,0.113,,,,19.72,19.72
25/03/2016,17:30:00,416,413.4,417.3,0.286,2.562,0.278,,,,102.1,102.1
25/03/2016,17:45:00,415.9,413.2,417.1,0.485,2.289,0.469,,,,154.8,154.8
25/03/2016,18:00:00,415.7,413.2,417,0,2.8,0,,,,0,0
25/03/2016,18:15:00,413.1,410.4,416.7,0.056,3.186,0,,,,0,0
25/03/2016,18:30:00,415.8,413.1,417.4,0,3.261,0,,,,0,0
25/03/2016,18:45:00,415.1,412,416.3,0,3.217,0,,,,0,0
25/03/2016,19:00:00,413.5,410,414.6,0,3.171,0,,,,0,0
25/03/2016,19:15:00,414.1,410.6,415.2,0,3.191,0,,,,0,0
25/03/2016,19:30:00,414.1,410.6,415.3,0,3.203,0,,,,0,0
25/03/2016,19:45:00,414.3,410.6,415.5,0,3.238,0,,,,0,0
25/03/2016,20:00:00,414.4,410.8,415.6,0,3.229,0,,,,0,0
25/03/2016,20:15:00,414.5,410.9,415.8,0,3.24,0,,,,0,0
25/03/2016,20:30:00,414.7,411,416,0,3.26,0,,,,0,0
25/03/2016,20:45:00,415.1,411.4,416.4,0,3.282,0,,,,0,0
25/03/2016,21:00:00,415.3,411.7,416.7,0,3.282,0,,,,0,0
25/03/2016,21:15:00,416.1,412.6,417.4,0,3.298,0,,,,0,0
25/03/2016,21:30:00,417.2,413.7,418.6,0,3.341,0,,,,0,0
25/03/2016,21:45:00,415.5,412,416.8,0,3.279,0,,,,0,0
25/03/2016,22:00:00,414.5,411.1,415.8,0,3.228,0,,,,0,0
25/03/2016,22:15:00,414.6,411.2,415.9,0,3.23,0,,,,0,0
25/03/2016,22:30:00,415.2,411.6,416.2,0,3.234,0,,,,0,0
25/03/2016,22:45:00,415.9,412.6,416.9,0,3.238,0,,,,0,0
25/03/2016,23:00:00,416.3,413,417.3,0,3.246,0,,,,0,0
25/03/2016,23:15:00,416.8,413.4,417.8,0,3.238,0,,,,0,0
25/03/2016,23:30:00,417.4,414,418.3,0,3.273,0,,,,0,0
25/03/2016,23:45:00,417.5,414.3,418.5,0,3.281,0,,,,0,0
26/03/2016,00:00:00,417.3,414.1,418.2,0,3.268,0,,,,0,0
26/03/2016,00:15:00,413.6,410.4,414.5,0,3.16,0,,,,0,0
26/03/2016,00:30:00,413.4,410.4,414.5,0,3.168,0,,,,0,0
26/03/2016,00:45:00,413.4,410.4,414.5,0,3.16,0,,,,0,0
26/03/2016,01:00:00,413.6,410.5,414.5,0,3.143,0,,,,0,0
26/03/2016,01:15:00,413.4,410.2,414.4,0,3.154,0,,,,0,0
26/03/2016,01:30:00,413.6,410.4,414.6,0,3.164,0,,,,0,0
26/03/2016,01:45:00,413.7,410.7,414.8,0,3.165,0,,,,0,0
26/03/2016,02:00:00,413.1,410,414.2,0,3.153,0,,,,0,0
26/03/2016,02:15:00,413.4,410.3,414.5,0,3.162,0,,,,0,0
26/03/2016,02:30:00,413.2,410.2,414.4,0,3.145,0,,,,0,0
26/03/2016,02:45:00,413.3,410.2,414.4,0,3.134,0,,,,0,0
26/03/2016,03:00:00,413.2,410,414.2,0,3.138,0,,,,0,0
26/03/2016,03:15:00,413.5,410.3,414.5,0,3.145,0,,,,0,0
26/03/2016,03:30:00,413,410,414.2,0,3.162,0,,,,0,0
26/03/2016,03:45:00,413.5,410.3,414.6,0,3.156,0,,,,0,0
26/03/2016,04:00:00,413.8,410.7,414.9,0,3.179,0,,,,0,0
26/03/2016,04:15:00,412.9,409.8,414.1,0,3.151,0,,,,0,0
26/03/2016,04:30:00,413.3,410.2,414.5,0,3.162,0,,,,0,0
26/03/2016,04:45:00,413,409.8,414.1,0,3.13,0,,,,0,0
26/03/2016,05:00:00,412.8,409.7,413.9,0,3.116,0,,,,0,0
26/03/2016,05:15:00,412.2,409.2,413.4,0,3.117,0,,,,0,0
26/03/2016,05:30:00,412.4,409.5,413.6,0,3.119,0,,,,0,0
26/03/2016,05:45:00,412,409,413.2,0,3.105,0,,,,0,0
26/03/2016,06:00:00,413,410,414.1,0,3.14,0,,,,0,0
26/03/2016,06:15:00,413.8,410.9,415.1,0,3.163,0,,,,0,0
26/03/2016,06:30:00,415,412.3,416.3,0,3.187,0,,,,0,0
26/03/2016,06:45:00,415,412.3,416.1,0,3.187,0,,,,0,0
26/03/2016,07:00:00,413.6,411.2,415.7,0,3.164,0,,,,0,0
26/03/2016,07:15:00,413.2,410.8,417.7,0,3.231,0,,,,0,0
26/03/2016,07:30:00,411.2,408.9,416.9,0,3.199,0,,,,0,0
26/03/2016,07:45:00,414.2,411.9,416.7,0.208,3,0.121,,,,71.52,71.52
26/03/2016,08:00:00,413.9,411.6,416.1,0,3.188,0,,,,0,0
26/03/2016,08:15:00,414.3,411.9,416.4,0.149,2.986,0.058,,,,27.85,27.85
26/03/2016,08:30:00,416.1,413.6,418.1,1.512,2.422,1.338,,,,956.4,956.4
26/03/2016,08:45:00,412,409.5,415.9,0.028,3.205,0,,,,0,0
26/03/2016,09:00:00,412.6,410,415,0.047,3.181,0,,,,0,0
26/03/2016,09:15:00,414,411.6,415,0,3.148,0,,,,0,0
26/03/2016,09:30:00,410.7,408.5,413.9,0.029,3.121,0,,,,0,0
26/03/2016,09:45:00,412.9,410.6,414,0,3.121,0,,,,0,0
26/03/2016,10:00:00,414.6,412.3,416.7,0.131,3.14,0.038,,,,13.76,13.76
26/03/2016,10:15:00,415.6,413.1,417.5,0,3.236,0,,,,0,0
26/03/2016,10:30:00,414.5,412.1,416.7,0.137,3.025,0.095,,,,53.02,53.02
26/03/2016,10:45:00,415.4,412.9,417.4,0.051,3.175,0.018,,,,6.189,6.189
26/03/2016,11:00:00,415.9,413.4,418.9,0.245,3.174,0.172,,,,114.9,114.9
26/03/2016,11:15:00,415.4,413,418.8,0.096,3.242,0.009,,,,0.682,0.682
26/03/2016,11:30:00,416.6,414.3,419.9,1.02,3.313,0.961,,,,688.6,688.6
26/03/2016,11:45:00,419.9,417.7,421.5,2.225,1.937,2.064,,,,1450,1450
26/03/2016,12:00:00,419.5,417.1,421.7,2.64,2.111,2.446,,,,1725,1725
26/03/2016,12:15:00,421.5,419,422.5,3.086,1.859,2.91,,,,2019,2019
26/03/2016,12:30:00,422.5,419.9,423.5,4.023,3.45,3.789,,,,2795,2795
26/03/2016,12:45:00,419.7,417,420.4,1.85,1.536,1.687,,,,1122,1122
26/03/2016,13:00:00,416.7,414,419.2,0.82,2.842,0.729,,,,491.1,491.1
26/03/2016,13:15:00,416.6,413.8,418.1,0.157,3.16,0.031,,,,0.565,0.565
26/03/2016,13:30:00,416.5,413.7,417.8,0.247,2.908,0.156,,,,62.21,62.21
26/03/2016,13:45:00,413,410.2,417.3,0.086,3.226,0,,,,0,0
26/03/2016,14:00:00,422.7,419.9,423.2,4.355,3.058,4.079,,,,2894,2894
26/03/2016,14:15:00,423.1,420.3,423.5,4.544,2.084,4.236,,,,2944,2944
26/03/2016,14:30:00,425.2,422.3,425.6,6.384,4.037,5.999,,,,4311,4311
26/03/2016,14:45:00,424.4,421.6,424.7,5.492,3.153,5.152,,,,3654,3654
26/03/2016,15:00:00,423.3,420.6,423.7,4.843,3.261,4.534,,,,3229,3229
26/03/2016,15:15:00,421.9,419.1,422.3,5.028,3.525,4.728,,,,3379,3379
26/03/2016,15:30:00,413.7,411,415.3,0.048,3.117,0.01,,,,2.883,2.883
26/03/2016,15:45:00,414.9,412.3,415.5,0,3.154,0,,,,0,0
26/03/2016,16:00:00,415.2,412.3,417.4,1.332,2.628,1.169,,,,841.2,841.2
26/03/2016,16:15:00,415.6,413.2,416.7,0.351,2.643,0.267,,,,106.7,106.7
26/03/2016,16:30:00,414.9,412.3,417.2,0.643,2.44,0.542,,,,311.3,311.3
26/03/2016,16:45:00,419.7,417,420.3,3.43,0.685,3.162,,,,2126,2126
26/03/2016,17:00:00,419.3,416.6,419.8,2.967,0.04,2.727,,,,1785,1785
26/03/2016,17:15:00,418.5,415.7,419.2,2.196,0.632,2.017,,,,1251,1251
26/03/2016,17:30:00,414.8,412.1,416.9,0.187,3.005,0.142,,,,70.4,70.4
26/03/2016,17:45:00,416.1,413.4,416.8,0.245,2.686,0.19,,,,58.28,58.28
26/03/2016,18:00:00,412.8,410.1,416.7,0.152,3.232,0,,,,0,0
26/03/2016,18:15:00,413.6,410.8,416.6,0,3.21,0,,,,0,0
26/03/2016,18:30:00,414.2,411.5,415.6,0,3.188,0,,,,0,0
26/03/2016,18:45:00,413.3,410,414.1,0,3.164,0,,,,0,0
26/03/2016,19:00:00,413.3,409.8,414.2,0,3.181,0,,,,0,0
26/03/2016,19:15:00,413.5,409.8,414.4,0,3.185,0,,,,0,0
26/03/2016,19:30:00,414,410.3,414.8,0,3.187,0,,,,0,0
26/03/2016,19:45:00,414.3,410.5,415.1,0,3.188,0,,,,0,0
26/03/2016,20:00:00,414.8,411.1,415.6,0,3.233,0,,,,0,0
26/03/2016,20:15:00,415,411.3,415.9,0,3.255,0,,,,0,0
26/03/2016,20:30:00,415.2,411.5,416.2,0,3.235,0,,,,0,0
26/03/2016,20:45:00,415.7,411.8,416.5,0,3.256,0.001,,,,0,0
26/03/2016,21:00:00,416.2,412.4,417.1,0,3.264,0,,,,0,0
26/03/2016,21:15:00,414.3,410.6,415.3,0,3.223,0,,,,0,0
26/03/2016,21:30:00,415.1,411.3,415.9,0,3.222,0,,,,0,0
26/03/2016,21:45:00,415.4,411.5,416.3,0,3.235,0,,,,0,0
26/03/2016,22:00:00,415.2,411.4,416,0,3.225,0,,,,0,0
26/03/2016,22:15:00,414,410.5,414.9,0,3.196,0,,,,0,0
26/03/2016,22:30:00,414.1,410.6,415,0,3.194,0,,,,0,0
26/03/2016,22:45:00,414,410.4,414.8,0,3.181,0,,,,0,0
26/03/2016,23:00:00,414.1,410.5,414.9,0,3.189,0,,,,0,0
26/03/2016,23:15:00,413.9,410.4,414.9,0,3.181,0,,,,0,0
26/03/2016,23:30:00,414.8,411.4,415.7,0,3.205,0,,,,0,0
26/03/2016,23:45:00,414.2,410.9,415.2,0,3.203,0,,,,0,0
27/03/2016,00:00:00,414.4,411,415.2,0,3.213,0,,,,0,0
27/03/2016,00:15:00,415.6,412.3,416.4,0,3.237,0,,,,0,0
27/03/2016,00:30:00,415.9,412.7,416.7,0,3.222,0,,,,0,0
27/03/2016,00:45:00,415.6,412.2,416.3,0,3.233,0,,,,0,0
27/03/2016,01:00:00,416.1,412.8,416.9,0,3.244,0,,,,0,0
27/03/2016,01:15:00,415.5,412.3,416.3,0,3.228,0,,,,0,0
27/03/2016,01:30:00,415,411.7,415.8,0,3.209,0,,,,0,0
27/03/2016,01:45:00,415.2,411.9,416,0,3.238,0,,,,0,0
27/03/2016,02:00:00,415.6,412.4,416.4,0,3.238,0,,,,0,0
27/03/2016,02:15:00,416.2,413,417.1,0,3.246,0,,,,0,0
27/03/2016,02:30:00,416,412.9,416.8,0,3.237,0,,,,0,0
27/03/2016,02:45:00,416.4,413.2,417.2,0,3.255,0,,,,0,0
27/03/2016,03:00:00,416.2,413,417.1,0,3.26,0,,,,0,0
27/03/2016,03:15:00,416.5,413.4,417.4,0,3.252,0,,,,0,0
27/03/2016,03:30:00,415.4,412.3,416.4,0,3.226,0,,,,0,0
27/03/2016,03:45:00,415.2,412.1,416.2,0,3.222,0,,,,0,0
27/03/2016,04:00:00,415.4,412.2,416.3,0,3.23,0,,,,0,0
27/03/2016,04:15:00,415.3,412.1,416.1,0,3.213,0,,,,0,0
27/03/2016,04:30:00,415.3,412.1,416.3,0,3.224,0,,,,0,0
27/03/2016,04:45:00,415.3,412.3,416.3,0,3.233,0,,,,0,0
27/03/2016,05:00:00,415,411.8,416,0,3.223,0,,,,0,0
27/03/2016,05:15:00,414.9,411.7,415.9,0,3.216,0,,,,0,0
27/03/2016,05:30:00,414.7,411.5,415.7,0,3.209,0,,,,0,0
27/03/2016,05:45:00,414.7,411.5,415.7,0,3.211,0,,,,0,0
27/03/2016,06:00:00,414.6,411.4,415.5,0,3.193,0,,,,0,0
27/03/2016,06:15:00,414.9,411.8,415.9,0,3.202,0,,,,0,0
27/03/2016,06:30:00,415.1,412.3,416.6,0,3.225,0,,,,0,0
27/03/2016,06:45:00,412.1,409.7,416.4,0.003,3.226,0,,,,0,0
27/03/2016,07:00:00,413.4,410.9,416.8,0.203,2.925,0.114,,,,45.61,45.61
27/03/2016,07:15:00,420.7,417.9,421.6,2.696,0.463,2.475,,,,1584,1584
27/03/2016,07:30:00,422.1,419.4,422.9,3.993,1.822,3.738,,,,2601,2601
27/03/2016,07:45:00,422.5,419.8,423.4,5.027,2.617,4.706,,,,3322,3322
27/03/2016,08:00:00,423.5,420.8,424.5,5.64,3.527,5.282,,,,3793,3793
27/03/2016,08:15:00,421.4,418.7,422.5,4.539,3.607,4.233,,,,3207,3207
27/03/2016,08:30:00,424,421.2,424.8,6.72,4.352,6.317,,,,4563,4563
27/03/2016,08:45:00,424.5,421.5,425.3,6.856,4.567,6.444,,,,4667,4667
27/03/2016,09:00:00,418.2,415.4,419.6,3.147,3.3,2.924,,,,2178,2178
27/03/2016,09:15:00,422.2,419.3,423.6,4.754,3.917,4.443,,,,3316,3316
27/03/2016,09:30:00,427.2,424.3,428,7.454,5.06,7.028,,,,5134,5134
27/03/2016,09:45:00,426.9,423.8,427.6,7.409,4.996,6.971,,,,5090,5090
27/03/2016,10:00:00,426.2,423,427,7.589,5.183,7.133,,,,5213,5213
27/03/2016,10:15:00,425.8,422.8,426.5,7.617,5.224,7.165,,,,5236,5236
27/03/2016,10:30:00,425.7,422.4,426.2,7.735,5.366,7.29,,,,5328,5328
27/03/2016,10:45:00,426.1,423,426.9,7.633,5.243,7.2,,,,5265,5265
27/03/2016,11:00:00,426.9,423.9,427.6,7.764,5.379,7.344,,,,5385,5385
27/03/2016,11:15:00,426.9,423.9,427.4,7.672,5.258,7.245,,,,5310,5310
27/03/2016,11:30:00,425.1,422,425.9,6.883,4.655,6.486,,,,4755,4755
27/03/2016,11:45:00,425.5,422.5,426.3,6.716,4.248,6.315,,,,4602,4602
27/03/2016,12:00:00,418.8,416,420.8,2.876,3.055,2.665,,,,1982,1982
27/03/2016,12:15:00,415.3,412.7,416.6,0,3.233,0,,,,0,0
27/03/2016,12:30:00,416.8,414.1,418.1,0,3.29,0,,,,0,0
27/03/2016,12:45:00,416.6,414.2,418.3,0,3.296,0,,,,0,0
27/03/2016,13:00:00,416.4,414,417.7,0,3.268,0,,,,0,0
27/03/2016,13:15:00,415.9,413.5,417.7,0,3.24,0,,,,0,0
27/03/2016,13:30:00,413.9,411.4,417.7,0.124,3.191,0.045,,,,26.39,26.39
27/03/2016,13:45:00,415.7,413,418.8,0.963,2.815,0.801,,,,594.5,594.5
27/03/2016,14:00:00,416.8,414,419.1,1.369,3.012,1.205,,,,913,913
27/03/2016,14:15:00,417.8,415,419.5,1.245,2.793,0.959,,,,802.7,802.7
27/03/2016,14:30:00,414.6,411.9,418.5,0.387,3.21,0.213,,,,166.3,166.3
27/03/2016,14:45:00,414.2,411.4,418.6,0.525,3.009,0.427,,,,296.6,296.6
27/03/2016,15:00:00,418.8,416.1,420.9,2.444,3.073,2.191,,,,1731,1731
27/03/2016,15:15:00,414.9,412.1,417.8,0.032,3.283,0.001,,,,0.247,0.247
27/03/2016,15:30:00,415.1,412.4,417.6,0.809,3.305,0,,,,165.5,165.5
27/03/2016,15:45:00,417,414.3,419,1.238,3.345,0,,,,248.1,248.1
27/03/2016,16:00:00,417.4,414.8,418.8,0.064,3.329,0,,,,6.973,6.973
27/03/2016,16:15:00,415.9,413.2,418.6,0.346,3.329,0,,,,45.92,45.92
27/03/2016,16:30:00,417.4,414.8,419,0.416,3.332,0,,,,74.18,74.18
27/03/2016,16:45:00,415.6,413.1,419,0.03,3.356,0,,,,0,0
27/03/2016,17:00:00,414.5,412.1,419.1,0,3.333,0,,,,0,0
27/03/2016,17:15:00,415.1,412.6,419.1,0,3.333,0,,,,0,0
27/03/2016,17:30:00,416.4,413.9,419.6,0,3.358,0,,,,0,0
27/03/2016,17:45:00,415.1,412.6,419.7,0,3.377,0,,,,0,0
27/03/2016,18:00:00,418.2,415.4,419.4,0.971,3.356,0,,,,167,167
27/03/2016,18:15:00,416.2,413.5,417.4,0.508,3.285,0,,,,74.27,74.27
27/03/2016,18:30:00,415.4,412.3,416.4,0.22,3.266,0,,,,27.41,27.41
27/03/2016,18:45:00,414.6,411.1,415.7,1.268,3.242,0,,,,251.1,251.1
27/03/2016,19:00:00,412.6,408.9,413.6,1.295,3.167,0,,,,244.4,244.4
27/03/2016,19:15:00,412.3,408.5,413.2,1.283,3.158,0,,,,239.9,239.9
27/03/2016,19:30:00,412.9,409.2,414,1.268,3.194,0,,,,243.3,243.3
27/03/2016,19:45:00,412.9,409.2,413.9,1.275,3.184,0,,,,245.4,245.4
27/03/2016,20:00:00,413,409.3,413.9,0.176,3.172,0,,,,20.22,20.22
27/03/2016,20:15:00,413.9,410.4,414.9,0,3.188,0,,,,0,0
27/03/2016,20:30:00,414.3,410.6,415.3,0,3.204,0,,,,0,0
27/03/2016,20:45:00,414.5,410.6,415.3,0,3.207,0,,,,0,0
27/03/2016,21:00:00,414.8,411,415.6,0,3.212,0,,,,0,0
27/03/2016,21:15:00,416,412.3,416.9,0,3.256,0,,,,0,0
27/03/2016,21:30:00,417,413.3,417.8,0,3.288,0,,,,0,0
27/03/2016,21:45:00,416.9,413.4,417.7,0,3.277,0,,,,0,0
27/03/2016,22:00:00,417.3,413.7,418.1,0,3.306,0,,,,0,0
27/03/2016,22:15:00,415.6,412.3,416.5,0,3.244,0,,,,0,0
27/03/2016,22:30:00,414,410.6,414.8,0,3.188,0,,,,0,0
27/03/2016,22:45:00,414.2,410.7,415,0,3.181,0,,,,0,0
27/03/2016,23:00:00,415.4,412.2,416.2,0,3.258,0,,,,0,0
27/03/2016,23:15:00,415.1,412,416,0,3.219,0,,,,0,0
27/03/2016,23:30:00,413.4,410.3,414.4,0,3.195,0,,,,0,0
27/03/2016,23:45:00,413.8,410.6,414.7,0,3.179,0,,,,0,0
28/03/2016,00:00:00,414.4,411.3,415.3,0,3.196,0,,,,0,0
28/03/2016,00:15:00,414,410.8,415,0.413,3.184,0,,,,50.75,50.75
28/03/2016,00:30:00,414,411.1,415.1,1.225,3.174,0,,,,257.2,257.2
28/03/2016,00:45:00,414.6,411.7,415.6,0.854,3.18,0,,,,167.1,167.1
28/03/2016,01:00:00,414.6,411.7,415.7,0,3.176,0,,,,0.04,0.04
28/03/2016,01:15:00,414.6,411.7,415.7,0,3.209,0,,,,0,0
28/03/2016,01:30:00,414.5,411.6,415.5,0,3.18,0,,,,0,0
28/03/2016,01:45:00,414.3,411.3,415.4,0,3.175,0,,,,0,0
28/03/2016,02:00:00,414.7,411.6,415.7,0,3.177,0,,,,0,0
28/03/2016,02:15:00,415.1,412.2,416.2,0,3.21,0,,,,0,0
28/03/2016,02:30:00,415.3,412.1,416.2,0,3.212,0,,,,0,0
28/03/2016,02:45:00,415.5,412.6,416.5,0,3.211,0,,,,0,0
28/03/2016,03:00:00,415.4,412.6,416.5,0,3.219,0,,,,0,0
28/03/2016,03:15:00,415.5,412.6,416.5,0,3.222,0,,,,0,0
28/03/2016,03:30:00,415.5,412.6,416.6,0,3.221,0,,,,0,0
28/03/2016,03:45:00,415.3,412.4,416.3,0,3.197,0,,,,0,0
28/03/2016,04:00:00,415.1,412.2,416.3,0,3.202,0,,,,0,0
28/03/2016,04:15:00,415.1,412.1,416.1,0,3.202,0,,,,0,0
28/03/2016,04:30:00,414.9,412.1,416,0,3.197,0,,,,0,0
28/03/2016,04:45:00,414.7,411.9,415.8,0,3.201,0,,,,0,0
28/03/2016,05:00:00,414,411.2,415.1,0,3.173,0,,,,0,0
28/03/2016,05:15:00,413.3,410.6,414.5,0,3.141,0,,,,0,0
28/03/2016,05:30:00,413,410.3,414.1,0,3.135,0,,,,0,0
28/03/2016,05:45:00,412.3,409.5,413.5,0,3.115,0,,,,0,0
28/03/2016,06:00:00,411.8,409.5,413.2,0,3.058,0,,,,0,0
28/03/2016,06:15:00,413.4,411.2,415,0,3.146,0,,,,0,0
28/03/2016,06:30:00,413.2,411.3,415,0,3.134,0,,,,0,0
28/03/2016,06:45:00,413,411.5,415.1,0,3.093,0,,,,0,0
28/03/2016,07:00:00,411.9,410.6,415.9,0,3.125,0,,,,0,0
28/03/2016,07:15:00,412.1,411.2,415.4,0.001,3.054,0,,,,0,0
28/03/2016,07:30:00,409.2,408.4,414.2,0.05,2.97,0,,,,0,0
28/03/2016,07:45:00,409.9,409.1,413.5,0.051,2.921,0,,,,0,0
28/03/2016,08:00:00,408.1,407.1,412,0.003,2.918,0,,,,0,0
28/03/2016,08:15:00,411.3,410.6,414,0.001,2.958,0,,,,0,0
28/03/2016,08:30:00,410.2,409.8,414.8,0.07,2.983,0,,,,0,0
28/03/2016,08:45:00,412.3,412.1,415,0.442,2.708,0.262,,,,181.8,181.8
28/03/2016,09:00:00,409.7,409.3,414.5,0.278,2.893,0.13,,,,87.44,87.44
28/03/2016,09:15:00,413.1,412,416.9,2.755,2.887,2.567,,,,1831,1831
28/03/2016,09:30:00,417.4,416.3,419.3,4.949,3.098,4.783,,,,3279,3279
28/03/2016,09:45:00,413.8,412.5,416.1,3.397,2.877,3.197,,,,2252,2252
28/03/2016,10:00:00,411,409.3,413.4,0.939,2.387,0.82,,,,534.3,534.3
28/03/2016,10:15:00,409.2,407.6,412.8,0.722,2.799,0.46,,,,357.6,357.6
28/03/2016,10:30:00,407.8,406.4,412.2,0.318,3.036,0.153,,,,108.8,108.8
28/03/2016,10:45:00,416.2,415.3,418.6,5.402,3.735,5.321,,,,3688,3688
28/03/2016,11:00:00,417.1,416.1,419.3,5.922,4.045,5.775,,,,4047,4047
28/03/2016,11:15:00,419,417.8,420.9,6.031,4.017,5.832,,,,4115,4115
28/03/2016,11:30:00,418.3,417.5,420.3,5.84,4.034,5.763,,,,4008,4008
28/03/2016,11:45:00,414.2,413.4,416.4,3.535,3.376,3.345,,,,2695,2695
28/03/2016,12:00:00,416.2,415.2,418,4.645,3.146,4.551,,,,3149,3149
28/03/2016,12:15:00,417.1,416.3,419.2,5.201,3.467,5.086,,,,3517,3517
28/03/2016,12:30:00,410.8,409.9,414.1,1.712,2.732,1.165,,,,1381,1381
28/03/2016,12:45:00,410,409.1,413.4,0.701,2.692,0.202,,,,166.5,166.5
28/03/2016,13:00:00,410.9,410,413.8,0.266,3.071,0,,,,0,0
28/03/2016,13:15:00,410.8,410,413.5,0.223,3.087,0,,,,0,0
28/03/2016,13:30:00,409.3,408.2,413.3,0.144,3.124,0,,,,0,0
28/03/2016,13:45:00,412,410.9,414.1,0.082,3.155,0,,,,0,0
28/03/2016,14:00:00,412.2,411.1,414.1,0.045,3.11,0,,,,0,0
28/03/2016,14:15:00,412.2,411,413.9,0.049,3.12,0,,,,0,0
28/03/2016,14:30:00,409.7,408.4,414.4,0.253,3.11,0.04,,,,29.97,29.97
28/03/2016,14:45:00,411,409.7,415.1,0.105,3.168,0,,,,0,0
28/03/2016,15:00:00,411.1,409.5,414.9,0.007,3.144,0,,,,0,0
28/03/2016,15:15:00,418.2,416.4,420.1,3.717,3.077,3.502,,,,2554,2554
28/03/2016,15:30:00,422.8,420.9,424.2,6.69,4.442,6.375,,,,4578,4578
28/03/2016,15:45:00,422.5,420.6,423.8,6.578,4.314,6.265,,,,4496,4496
28/03/2016,16:00:00,419.8,417.9,421,5.779,3.513,5.494,,,,3894,3894
28/03/2016,16:15:00,418.1,416,419.4,4.606,2.315,4.334,,,,3025,3025
28/03/2016,16:30:00,410.6,408.7,413.7,0.087,3.168,0.014,,,,4.735,4.735
28/03/2016,16:45:00,411.3,409.2,414.6,0.437,2.811,0.283,,,,189.4,189.4
28/03/2016,17:00:00,415.1,412.9,417.2,1.851,0.789,1.663,,,,1043,1043
28/03/2016,17:15:00,416.4,414.3,417.6,2.134,0.311,1.932,,,,1191,1191
28/03/2016,17:30:00,416,414,417.3,1.693,1.292,1.522,,,,877.8,877.8
28/03/2016,17:45:00,415.3,413.5,417.2,0.976,2.051,0.772,,,,398.9,398.9
28/03/2016,18:00:00,413.3,411.8,416.6,0.318,2.642,0.235,,,,72.56,72.56
28/03/2016,18:15:00,407.2,405.8,413.8,0,3.225,0,,,,0,0
28/03/2016,18:30:00,412.2,410.6,415.4,0,3.223,0,,,,0,0
28/03/2016,18:45:00,413.4,411.3,415.3,0,3.231,0,,,,0,0
28/03/2016,19:00:00,411.7,409.5,413.6,0,3.085,0,,,,0,0
28/03/2016,19:15:00,411.8,409.7,413.9,0,3.069,0,,,,0,0
28/03/2016,19:30:00,411.9,410.1,414.2,0,3.052,0,,,,0,0
28/03/2016,19:45:00,412.7,410.9,414.9,0,3.057,0,,,,0,0
28/03/2016,20:00:00,414,412.2,416.2,0.001,3.124,0,,,,0,0
28/03/2016,20:15:00,414.8,413,417.2,0.001,3.156,0,,,,0,0
28/03/2016,20:30:00,415.4,413.7,417.9,0,3.205,0,,,,0,0
28/03/2016,20:45:00,416.3,414.3,418.8,0,3.272,0,,,,0,0
28/03/2016,21:00:00,417,415,419.4,0,3.304,0,,,,0,0
28/03/2016,21:15:00,413,411.2,415.7,0,3.163,0,,,,0,0
28/03/2016,21:30:00,412.7,410.9,415.3,0,3.146,0,,,,0,0
28/03/2016,21:45:00,413.1,411.4,415.7,0,3.106,0,,,,0,0
28/03/2016,22:00:00,413.4,411.6,415.7,0,3.072,0,,,,0,0
28/03/2016,22:15:00,413.6,411.8,415.8,0,3.054,0,,,,0,0
28/03/2016,22:30:00,412.6,410.7,414.8,0,3.03,0,,,,0,0
28/03/2016,22:45:00,413.1,411.3,415.4,0,3.059,0,,,,0,0
28/03/2016,23:00:00,414,412.2,416.2,0,3.096,0,,,,0,0
28/03/2016,23:15:00,414.8,413,416.9,0,3.136,0,,,,0,0
28/03/2016,23:30:00,415,413.4,417.2,0,3.138,0,,,,0,0
28/03/2016,23:45:00,415.4,413.8,417.6,0,3.139,0,,,,0,0
29/03/2016,00:00:00,413.8,412.2,416,0,3.077,0,,,,0,0
29/03/2016,00:15:00,411.9,410.3,414.1,0,3.018,0,,,,0,0
29/03/2016,00:30:00,411.5,410.1,413.8,0,3.008,0,,,,0,0
29/03/2016,00:45:00,411.2,409.6,413.4,0,2.999,0,,,,0,0
29/03/2016,01:00:00,411.5,410.2,413.8,0,3.012,0,,,,0,0
29/03/2016,01:15:00,411.8,410.6,414.1,0,3.025,0,,,,0,0
29/03/2016,01:30:00,412.1,410.7,414.3,0,3.013,0,,,,0,0
29/03/2016,01:45:00,412.5,411.3,414.7,0,3.046,0,,,,0,0
29/03/2016,02:00:00,412.5,411.2,414.8,0,3.042,0,,,,0,0
29/03/2016,02:15:00,412.2,410.7,414.2,0,3.025,0,,,,0,0
29/03/2016,02:30:00,412.4,410.9,414.5,0.001,3.004,0,,,,0,0
29/03/2016,02:45:00,412,410.6,414.3,0,3.021,0,,,,0,0
29/03/2016,03:00:00,411.2,410,413.7,0,3.001,0,,,,0,0
29/03/2016,03:15:00,411.3,410,413.7,0,2.988,0,,,,0,0
29/03/2016,03:30:00,411.2,410,413.6,0,3.005,0,,,,0,0
29/03/2016,03:45:00,411.5,410.3,413.8,0,3.014,0,,,,0,0
29/03/2016,04:00:00,411.2,409.8,413.5,0,3.002,0,,,,0,0
29/03/2016,04:15:00,411.5,410.1,413.8,0,2.999,0,,,,0,0
29/03/2016,04:30:00,411.5,410.2,413.8,0,3.02,0,,,,0,0
29/03/2016,04:45:00,410.9,409.6,413.2,0,2.984,0,,,,0,0
29/03/2016,05:00:00,410,408.7,412.3,0,2.972,0,,,,0,0
29/03/2016,05:15:00,411,409.5,413.1,0,2.995,0,,,,0,0
29/03/2016,05:30:00,410.8,409.6,413.1,0,3.001,0,,,,0,0
29/03/2016,05:45:00,410.1,408.9,412.6,0,2.962,0,,,,0,0
29/03/2016,06:00:00,412,410.6,414.4,0,3.026,0,,,,0,0
29/03/2016,06:15:00,414.9,413.4,417.3,0,3.196,0,,,,0,0
29/03/2016,06:30:00,413.1,412,416.9,0.001,3.142,0,,,,0,0
29/03/2016,06:45:00,411.1,410.6,416.5,0.046,3.026,0,,,,0,0
29/03/2016,07:00:00,414.6,413.6,416.7,0.751,1.722,0.702,,,,336.1,336.1
29/03/2016,07:15:00,416.7,416,419,4.881,1.778,3.761,,,,2564,2564
29/03/2016,07:30:00,419.1,418.3,421.3,6.321,3.02,4.869,,,,3701,3701
29/03/2016,07:45:00,422.3,422,424.2,6.878,3.511,5.385,,,,4093,4093
29/03/2016,08:00:00,421.3,421.1,423.3,7.307,3.902,5.763,,,,4410,4410
29/03/2016,08:15:00,421.4,420.9,423,7.564,4.161,6,,,,4594,4594
29/03/2016,08:30:00,422.6,421.7,424,7.763,4.375,6.225,,,,4835,4835
29/03/2016,08:45:00,421.9,420.8,423.5,8.07,4.644,6.463,,,,4981,4981
29/03/2016,09:00:00,421.7,420.4,423.2,7.974,4.803,6.64,,,,5135,5135
29/03/2016,09:15:00,420.9,419.3,422.4,8.072,4.818,6.676,,,,5211,5211
29/03/2016,09:30:00,420.4,419.1,422.1,7.28,5.019,6.826,,,,4991,4991
29/03/2016,09:45:00,420.1,418.4,421.3,7.65,4.954,6.766,,,,4975,4975
29/03/2016,10:00:00,419.2,417.7,420.6,7.693,5.048,6.82,,,,5005,5005
29/03/2016,10:15:00,418.2,416.5,419.7,7.08,4.962,6.738,,,,4824,4824
29/03/2016,10:30:00,417.3,415.7,418.8,6.999,4.885,6.665,,,,4766,4766
29/03/2016,10:45:00,416.6,415.3,418.1,6.977,4.953,6.674,,,,4758,4758
29/03/2016,11:00:00,419.8,418.7,421.5,7.237,4.769,6.584,,,,4933,4933
29/03/2016,11:15:00,419.8,418.9,421.3,7.3,5.302,7.039,,,,5043,5043
29/03/2016,11:30:00,421.2,420.1,422.6,7.713,5.691,7.457,,,,5363,5363
29/03/2016,11:45:00,421.9,419.9,423.4,7.738,5.525,7.384,,,,5349,5349
29/03/2016,12:00:00,420.3,418.2,422.8,7.428,5.258,7.116,,,,5138,5138
29/03/2016,12:15:00,419.7,417.8,422.3,6.875,4.73,6.624,,,,4745,4745
29/03/2016,12:30:00,419.3,418.1,421.2,6.449,4.299,6.227,,,,4434,4434
29/03/2016,12:45:00,419.7,418.9,421.3,6.345,4.228,6.157,,,,4367,4367
29/03/2016,13:00:00,418.7,417.6,420.1,5.685,3.665,5.427,,,,3912,3912
29/03/2016,13:15:00,417.9,416.6,419.3,5.234,3.339,5.046,,,,3600,3600
29/03/2016,13:30:00,420.3,418.7,421.5,6.642,4.569,6.449,,,,4555,4555
29/03/2016,13:45:00,420.3,418.8,421.6,6.461,4.332,6.255,,,,4419,4419
29/03/2016,14:00:00,420.2,418.7,421.7,6.374,4.301,6.205,,,,4378,4378
29/03/2016,14:15:00,419.2,417.7,420.6,5.519,3.401,5.379,,,,3756,3756
29/03/2016,14:30:00,413.7,412.7,415.4,3.116,1.222,3.03,,,,1964,1964
29/03/2016,14:45:00,414.7,413.5,416.7,3.627,1.5,3.537,,,,2352,2352
29/03/2016,15:00:00,415.6,414.4,417.5,4.161,2.038,4.056,,,,2761,2761
29/03/2016,15:15:00,412.1,411.2,414.3,1.446,1.105,1.44,,,,798.5,798.5
29/03/2016,15:30:00,413.7,413,415.9,2.533,1.246,2.514,,,,1560,1560
29/03/2016,15:45:00,415.3,414.4,417.5,3.566,1.587,3.482,,,,2331,2331
29/03/2016,16:00:00,417.3,415.7,419,4.734,2.413,4.527,,,,3158,3158
29/03/2016,16:15:00,415.8,414.2,417.6,3.644,1.417,3.492,,,,2351,2351
29/03/2016,16:30:00,415.7,414.2,417.6,3.638,1.375,3.482,,,,2359,2359
29/03/2016,16:45:00,414.9,413.3,416.8,2.847,0.057,2.695,,,,1763,1763
29/03/2016,17:00:00,414.7,413.3,416.6,2.06,0.228,1.979,,,,1185,1185
29/03/2016,17:15:00,414.4,413,416.2,1.72,1.225,1.631,,,,908.2,908.2
29/03/2016,17:30:00,414,412.4,415.4,0.937,2.043,0.803,,,,342.1,342.1
29/03/2016,17:45:00,414,412.2,416,0.001,2.842,0.001,,,,0,0
29/03/2016,18:00:00,412.5,410.8,416.5,0.153,3.217,0.004,,,,0,0
29/03/2016,18:15:00,409.7,408.2,415.3,0.001,3.244,0,,,,0,0
29/03/2016,18:30:00,411.6,409.9,414.4,0,3.238,0,,,,0,0
29/03/2016,18:45:00,412.4,410.1,414.4,0,3.223,0,,,,0,0
29/03/2016,19:00:00,411,408.7,413.1,0,3.179,0,,,,0,0
29/03/2016,19:15:00,410.5,408.1,412.9,0,3.157,0,,,,0,0
29/03/2016,19:30:00,411.4,408.7,413.6,0,3.152,0,,,,0,0
29/03/2016,19:45:00,412.2,409.9,414.9,0,3.205,0,,,,0,0
29/03/2016,20:00:00,413.5,411.1,416.2,0,3.283,0,,,,0,0
29/03/2016,20:15:00,412,409.7,415,0,3.217,0,,,,0,0
29/03/2016,20:30:00,413.1,410.8,415.8,0,3.257,0,,,,0,0
29/03/2016,20:45:00,414.2,411.8,417,0,3.268,0,,,,0,0
29/03/2016,21:00:00,415.2,413,417.9,0,3.251,0,,,,0,0
29/03/2016,21:15:00,413.5,411.1,416,0,3.177,0,,,,0,0
29/03/2016,21:30:00,410.6,408.5,413.2,0,3.089,0,,,,0,0
29/03/2016,21:45:00,410.9,409,413.5,0,3.021,0,,,,0,0
29/03/2016,22:00:00,411.8,409.9,414.2,0,3.023,0,,,,0,0
29/03/2016,22:15:00,411.5,409.6,413.8,0,2.978,0,,,,0,0
29/03/2016,22:30:00,411.3,409.3,413.5,0,3.004,0,,,,0,0
29/03/2016,22:45:00,412.2,410.3,414.4,0,3.029,0,,,,0,0
29/03/2016,23:00:00,411.7,409.9,414.1,0,3.002,0,,,,0,0
29/03/2016,23:15:00,411.5,409.7,413.8,0,2.991,0,,,,0,0
29/03/2016,23:30:00,412.3,410.7,414.7,0,3.006,0,,,,0,0
29/03/2016,23:45:00,412.2,410.6,414.8,0.001,3.003,0,,,,0,0
30/03/2016,00:00:00,411.9,410.3,414.3,0,2.986,0,,,,0,0
30/03/2016,00:15:00,411.4,410,413.8,0.002,2.964,0,,,,0,0
30/03/2016,00:30:00,411.7,410.2,414.1,0.001,2.971,0,,,,0,0
30/03/2016,00:45:00,411.8,410.5,414.5,0,2.979,0,,,,0,0
30/03/2016,01:00:00,412.3,411.1,414.9,0,3.025,0,,,,0,0
30/03/2016,01:15:00,412.8,411.6,415.3,0,3.019,0,,,,0,0
30/03/2016,01:30:00,412.4,411.2,414.8,0,2.996,0,,,,0,0
30/03/2016,01:45:00,412.6,411.4,415.1,0.044,2.999,0,,,,2.957,2.957
30/03/2016,02:00:00,412.9,411.7,415.5,1.088,3.004,0,,,,102.5,102.5
30/03/2016,02:15:00,412.9,411.8,415.6,1.169,3.017,0,,,,137,137
30/03/2016,02:30:00,413.1,412.1,415.9,1.087,3.014,0,,,,130.1,130.1
30/03/2016,02:45:00,413.2,412.1,415.8,0.43,3.044,0,,,,35.27,35.27
30/03/2016,03:00:00,413.8,412.7,416.4,0.201,3.049,0,,,,17.24,17.24
30/03/2016,03:15:00,413.3,412.2,416.1,0.908,3.052,0,,,,131.9,131.9
30/03/2016,03:30:00,413,412,415.9,0.482,3.023,0,,,,47.99,47.99
30/03/2016,03:45:00,413.2,412.2,416.1,1.076,3.034,0,,,,85.67,85.67
30/03/2016,04:00:00,413.3,412.1,415.9,0.366,3.022,0,,,,15.86,15.86
30/03/2016,04:15:00,413.1,411.9,415.7,0.008,3.015,0,,,,0,0
30/03/2016,04:30:00,412.8,411.6,415.5,0.003,3.026,0,,,,0,0
30/03/2016,04:45:00,412.9,411.8,415.7,0.006,3.02,0,,,,0,0
30/03/2016,05:00:00,412.3,411.3,415,0.002,3.003,0,,,,0,0
30/03/2016,05:15:00,411.7,410.7,414.5,0.003,2.975,0,,,,0,0
30/03/2016,05:30:00,411.5,410.4,414.6,0,3.039,0,,,,0,0
30/03/2016,05:45:00,411.5,410.4,414.3,0.006,3.006,0,,,,0,0
30/03/2016,06:00:00,410.8,409.6,413.6,0,3.009,0,,,,0,0
30/03/2016,06:15:00,411.1,409.8,413.8,0,3.033,0,,,,0,0
30/03/2016,06:30:00,411.4,410.2,414.6,1.08,3.081,0,,,,101.4,101.4
30/03/2016,06:45:00,409.8,409.2,414.4,1.159,3.055,0,,,,92.74,92.74
30/03/2016,07:00:00,407.7,406.9,413.2,1.213,2.974,0,,,,111.1,111.1
30/03/2016,07:15:00,412.6,411.7,414.9,1.886,2.139,0.178,,,,408.4,408.4
30/03/2016,07:30:00,412.2,411.2,414.6,1.955,2.057,0.397,,,,530.3,530.3
30/03/2016,07:45:00,415.7,414.2,417.5,4.062,0.712,2.633,,,,2019,2019
30/03/2016,08:00:00,412.6,411.8,414.5,1.939,2.172,0.106,,,,407.1,407.1
30/03/2016,08:15:00,413,412.5,414.9,2.382,1.149,1.383,,,,955,955
30/03/2016,08:30:00,414,413.9,415.9,3.079,0.011,2.074,,,,1437,1437
30/03/2016,08:45:00,412,411.6,414.1,2.454,1.407,1.058,,,,810.1,810.1
30/03/2016,09:00:00,415.1,414.5,417.1,3.379,0.856,2.027,,,,1528,1528
30/03/2016,09:15:00,414.5,413.9,416.5,4.115,1.169,2.799,,,,2123,2123
30/03/2016,09:30:00,417.7,416.9,419.7,6.987,4.111,5.824,,,,4613,4613
30/03/2016,09:45:00,418,417.2,420,6.079,4.208,5.926,,,,4148,4148
30/03/2016,10:00:00,417.9,416.5,419.7,6.249,4.146,5.968,,,,4232,4232
30/03/2016,10:15:00,418.4,417.4,420.3,5.163,3.152,4.977,,,,3452,3452
30/03/2016,10:30:00,417.2,416.5,419.4,3.864,1.947,3.767,,,,2530,2530
30/03/2016,10:45:00,416.2,415.4,418.6,3.881,2.268,3.801,,,,2573,2573
30/03/2016,11:00:00,414.6,413.7,416.7,2.943,1.117,2.859,,,,1832,1832
30/03/2016,11:15:00,414.3,413.5,416.6,2.763,1.615,2.733,,,,1783,1783
30/03/2016,11:30:00,412,411.6,414.5,1.608,1.24,1.277,,,,761.2,761.2
30/03/2016,11:45:00,417.8,417.5,420.4,6.962,4.361,6.043,,,,4631,4631
30/03/2016,12:00:00,417.6,417.1,419.9,7.556,4.408,6.123,,,,4633,4633
30/03/2016,12:15:00,417.5,416.6,419.6,7.158,4.15,5.915,,,,4355,4355
30/03/2016,12:30:00,415.6,413.9,417.6,4.834,2.741,4.462,,,,3205,3205
30/03/2016,12:45:00,415.9,414.3,418,5.329,3.024,4.93,,,,3577,3577
30/03/2016,13:00:00,418,415.8,419.6,6.295,3.97,5.879,,,,4274,4274
30/03/2016,13:15:00,416.5,414.6,418.3,5.328,3.054,5.019,,,,3564,3564
30/03/2016,13:30:00,417.6,415.7,419.5,5.907,3.692,5.609,,,,3992,3992
30/03/2016,13:45:00,417.2,415.7,419.2,5.095,3.018,4.944,,,,3442,3442
30/03/2016,14:00:00,416,414.8,418,4.283,2.177,4.167,,,,2840,2840
30/03/2016,14:15:00,417.3,416,419.4,4.835,2.7,4.672,,,,3249,3249
30/03/2016,14:30:00,411.9,410.6,414.2,0.677,2.161,0.55,,,,295.3,295.3
30/03/2016,14:45:00,413,411.8,415.2,1.014,1.86,0.965,,,,583.4,583.4
30/03/2016,15:00:00,414.4,413.3,416.5,1.934,1.225,1.711,,,,1132,1132
30/03/2016,15:15:00,412.4,411,414.3,2.15,1.922,1.792,,,,1348,1348
30/03/2016,15:30:00,414.3,412.6,416.4,4.012,1.466,3.37,,,,2529,2529
30/03/2016,15:45:00,414,412.3,415.9,3.607,1.162,3.02,,,,2234,2234
30/03/2016,16:00:00,411.6,409.9,413.5,1.965,1.627,0.959,,,,988.7,988.7
30/03/2016,16:15:00,411.3,409.5,413.5,1.927,1.909,0.701,,,,898.6,898.6
30/03/2016,16:30:00,411.7,410.1,414.3,2.625,1.117,1.441,,,,1288,1288
30/03/2016,16:45:00,410.3,408.7,413,1.345,2.791,0.002,,,,355.7,355.7
30/03/2016,17:00:00,410.1,408.7,413.3,0.79,3.123,0.003,,,,118.8,118.8
30/03/2016,17:15:00,407.8,406.6,413.6,0.03,3.179,0,,,,2.535,2.535
30/03/2016,17:30:00,409.8,408.7,413.8,0.368,3.184,0,,,,22.77,22.77
30/03/2016,17:45:00,409,407.9,413.8,0.433,3.127,0,,,,48.32,48.32
30/03/2016,18:00:00,409,407.8,413,0.595,3.116,0,,,,72.81,72.81
30/03/2016,18:15:00,409.3,408,413.6,0.093,3.173,0,,,,6.961,6.961
30/03/2016,18:30:00,410.6,409.2,413.9,0.764,3.222,0,,,,95.44,95.44
30/03/2016,18:45:00,410.5,408.3,412.9,1.225,3.264,0,,,,229.1,229.1
30/03/2016,19:00:00,408.2,406.3,410.8,1.228,3.1,0,,,,184.6,184.6
30/03/2016,19:15:00,408.3,406.8,411.5,0.233,3.015,0,,,,17.21,17.21
30/03/2016,19:30:00,408.7,407,411.8,0.005,3.051,0,,,,0,0
30/03/2016,19:45:00,409.9,408,413.1,0.003,3.127,0,,,,0,0
30/03/2016,20:00:00,411.6,409.7,414.6,0.008,3.17,0,,,,0,0
30/03/2016,20:15:00,410.5,408.7,413.7,0.001,3.137,0,,,,0,0
30/03/2016,20:30:00,412,409.9,414.7,0,3.148,0,,,,0,0
30/03/2016,20:45:00,412.8,410.8,416,0,3.248,0,,,,0,0
30/03/2016,21:00:00,413.9,412.1,417.1,0,3.263,0,,,,0,0
30/03/2016,21:15:00,411.3,409.2,414.2,0,3.142,0,,,,0,0
30/03/2016,21:30:00,410.8,409.2,413.9,0,3.078,0,,,,0,0
30/03/2016,21:45:00,410.4,408.8,413.4,0.002,2.982,0,,,,0,0
30/03/2016,22:00:00,410.3,408.5,413.3,0.001,3.003,0,,,,0,0
30/03/2016,22:15:00,410.8,409,413.8,0.001,3.021,0,,,,0,0
30/03/2016,22:30:00,411.5,409.5,414.1,0,3.029,0,,,,0,0
30/03/2016,22:45:00,411.7,409.9,414.3,0.001,3.011,0,,,,0,0
30/03/2016,23:00:00,411.9,410.2,414.5,0,3.064,0,,,,0,0
30/03/2016,23:15:00,412.8,411.2,415.3,0,3.074,0,,,,0,0
30/03/2016,23:30:00,413,411.4,415.6,0,3.076,0,,,,0,0
30/03/2016,23:45:00,413.4,411.8,416.1,0.003,3.056,0,,,,0,0
31/03/2016,00:00:00,411.9,410.4,414.8,0.001,3.016,0,,,,0,0
31/03/2016,00:15:00,412.1,410.7,414.9,0.001,3.033,0,,,,0,0
31/03/2016,00:30:00,412.6,411.2,415.3,0.001,3.036,0,,,,0,0
31/03/2016,00:45:00,411.4,410.1,414.3,0.001,3,0,,,,0,0
31/03/2016,01:00:00,410.8,409.4,413.5,0.001,2.995,0,,,,0,0
31/03/2016,01:15:00,411.6,410.3,414.4,0.001,3.031,0,,,,0,0
31/03/2016,01:30:00,412.1,410.8,414.8,0.003,3.02,0,,,,0,0
31/03/2016,01:45:00,411.5,410.1,414.3,0,3.003,0,,,,0,0
31/03/2016,02:00:00,411.6,410.4,414.4,0.002,3.002,0,,,,0,0
31/03/2016,02:15:00,411.6,410.5,414.6,0.004,3.024,0,,,,0,0
31/03/2016,02:30:00,411.5,410.3,414.4,0.003,3.002,0,,,,0,0
31/03/2016,02:45:00,412.1,411,415,0.004,3.021,0,,,,0,0
31/03/2016,03:00:00,411.8,410.7,414.7,0.003,3.019,0,,,,0,0
31/03/2016,03:15:00,412,411,414.9,0.002,3.036,0,,,,0,0
31/03/2016,03:30:00,412.2,410.9,414.9,0.003,3.026,0,,,,0,0
31/03/2016,03:45:00,411.8,410.7,414.7,0.002,3.018,0,,,,0,0
31/03/2016,04:00:00,411.6,410.6,414.5,0.006,3.017,0,,,,0,0
31/03/2016,04:15:00,412,411,414.9,0.007,3.022,0,,,,0,0
31/03/2016,04:30:00,412,410.9,415,0.004,3.024,0,,,,0,0
31/03/2016,04:45:00,411.3,410.1,414.4,0.007,2.992,0,,,,0,0
31/03/2016,05:00:00,410.8,409.7,413.8,0.004,2.991,0,,,,0,0
31/03/2016,05:15:00,411.6,410.6,414.5,0.005,3.013,0,,,,0,0
31/03/2016,05:30:00,411.6,410.7,414.5,0.011,3.028,0,,,,0,0
31/03/2016,05:45:00,411.5,410.6,414.6,0.019,3.017,0,,,,0,0
31/03/2016,06:00:00,411.9,411,415,0.044,3.039,0,,,,0,0
31/03/2016,06:15:00,413.2,412.2,416.2,0.013,3.109,0,,,,0,0
31/03/2016,06:30:00,409.5,408.5,416.1,0.013,3.133,0,,,,0,0
31/03/2016,06:45:00,412.2,411.7,416.3,0.023,2.919,0,,,,0,0
31/03/2016,07:00:00,413.5,412.6,416,1.005,1.232,1.066,,,,546.5,546.5
31/03/2016,07:15:00,415.9,414.8,418.1,3.757,1.68,3.642,,,,2411,2411
31/03/2016,07:30:00,415.8,414.6,418,4.648,2.613,4.476,,,,3044,3044
31/03/2016,07:45:00,415.8,414.9,417.8,5.157,3.255,5.003,,,,3407,3407
31/03/2016,08:00:00,417.5,417.5,419.8,5.352,3.574,5.281,,,,3594,3594
31/03/2016,08:15:00,417.6,417.3,420.2,5.78,3.896,5.636,,,,3904,3904
31/03/2016,08:30:00,417.9,417.4,420.5,5.995,4.137,5.858,,,,4087,4087
31/03/2016,08:45:00,418.4,417.5,420.9,6.127,4.109,5.899,,,,4163,4163
31/03/2016,09:00:00,418.4,417.6,420.7,6.276,4.314,6.07,,,,4269,4269
31/03/2016,09:15:00,416.5,415.8,419.2,5.928,4.146,5.772,,,,4060,4060
31/03/2016,09:30:00,410.7,409.9,412.9,1.694,1.87,1.608,,,,1044,1044
31/03/2016,09:45:00,411.6,409.9,413.2,2.385,2.153,2.171,,,,1520,1520
31/03/2016,10:00:00,413.1,411.5,414.6,4.335,3.133,4.075,,,,2858,2858
31/03/2016,10:15:00,415.6,414.1,417.1,6.649,4.51,6.288,,,,4444,4444
31/03/2016,10:30:00,415.8,414.1,417.2,6.719,4.359,6.165,,,,4421,4421
31/03/2016,10:45:00,417.2,415.1,418.7,6.913,3.922,5.809,,,,4420,4420
31/03/2016,11:00:00,417.4,415.5,419.1,7.722,4.374,6.17,,,,4781,4781
31/03/2016,11:15:00,416.7,415,418.5,7.86,4.534,6.289,,,,4857,4857
31/03/2016,11:30:00,415.9,414.6,417.8,7.64,4.355,6.104,,,,4729,4729
31/03/2016,11:45:00,414.5,413.7,416.1,6.011,3.259,5.087,,,,3750,3750
31/03/2016,12:00:00,415.1,413.9,416.8,6.869,3.722,5.511,,,,4280,4280
31/03/2016,12:15:00,416.3,414.9,418,7.101,4.13,5.947,,,,4591,4591
31/03/2016,12:30:00,415.8,414.1,417.3,7.018,3.855,5.713,,,,4302,4302
31/03/2016,12:45:00,415.4,413.6,417,6.401,3.658,5.517,,,,4101,4101
31/03/2016,13:00:00,415.3,413.4,416.8,6.599,3.428,5.306,,,,4131,4131
31/03/2016,13:15:00,415.5,413.9,417.2,6.46,3.235,5.143,,,,4046,4046
31/03/2016,13:30:00,416,414.4,417.7,6.876,3.466,5.347,,,,4154,4154
31/03/2016,13:45:00,416.1,414.5,417.8,6.565,3.534,5.409,,,,4185,4185
31/03/2016,14:00:00,415.6,414.5,417.6,6.317,3.333,5.2,,,,3989,3989
31/03/2016,14:15:00,415.5,414.3,417.5,6.335,3.101,4.995,,,,3914,3914
31/03/2016,14:30:00,414.9,413.5,416.9,6.339,2.93,4.845,,,,3793,3793
31/03/2016,14:45:00,413.4,412,415.8,5.175,2.837,3.805,,,,3070,3070
31/03/2016,15:00:00,415.5,413.9,417.3,6.176,2.638,4.666,,,,3728,3728
31/03/2016,15:15:00,415.4,413.8,417.2,6.224,2.755,4.724,,,,3806,3806
31/03/2016,15:30:00,416.8,415,418.4,6.584,3.022,5.058,,,,4036,4036
31/03/2016,15:45:00,417.4,415.7,419,6.527,3.048,5.086,,,,4001,4001
31/03/2016,16:00:00,416.6,414.9,418.4,5.535,2.61,4.676,,,,3513,3513
31/03/2016,16:15:00,416.2,414.4,418.1,4.26,1.802,3.907,,,,2791,2791
31/03/2016,16:30:00,415,413.4,417,3.278,0.71,3.046,,,,2094,2094
31/03/2016,16:45:00,413.5,411.8,415.3,1.584,1.292,1.35,,,,920.9,920.9
31/03/2016,17:00:00,413.5,411.7,415.5,1.456,1.682,1.259,,,,785,785
31/03/2016,17:15:00,412.6,410.8,414.4,2.681,1.288,1.576,,,,1273,1273
31/03/2016,17:30:00,411.1,409.4,413.3,1.106,1.866,0.934,,,,442.9,442.9
31/03/2016,17:45:00,411.2,409.9,413.6,1.082,2.193,0.01,,,,212,212
31/03/2016,18:00:00,411,410,413.9,0.233,2.779,0,,,,3.547,3.547
31/03/2016,18:15:00,409.1,408.3,413.4,1.174,3.113,0,,,,102.6,102.6
31/03/2016,18:30:00,409.3,408.3,413.2,1.128,3.157,0,,,,132.5,132.5
31/03/2016,18:45:00,410,408.3,412.8,0.122,3.171,0,,,,11.37,11.37
31/03/2016,19:00:00,408.5,406.6,411.5,0.795,3.124,0,,,,68.14,68.14
31/03/2016,19:15:00,408.5,407,411.7,0.002,3.153,0,,,,0.242,0.242
31/03/2016,19:30:00,408.7,407.3,412.3,0.065,3.178,0,,,,4.307,4.307
31/03/2016,19:45:00,409.7,408.4,413.1,0.05,3.195,0,,,,3.106,3.106
31/03/2016,20:00:00,411.1,409.6,414.2,0.098,3.163,0,,,,5.086,5.086
31/03/2016,20:15:00,412.5,410.8,415.5,1.12,3.115,0,,,,86.14,86.14
31/03/2016,20:30:00,413,411.6,416.3,1.083,3.156,0,,,,85.1,85.1
31/03/2016,20:45:00,413.4,412,416.5,0.695,3.136,0,,,,36.83,36.83
31/03/2016,21:00:00,412.7,411,415.7,1.03,3.098,0,,,,76.46,76.46
31/03/2016,21:15:00,413.1,411.5,416.1,0.186,3.139,0,,,,9.538,9.538
31/03/2016,21:30:00,413.3,411.8,416.3,0,3.165,0,,,,0,0
31/03/2016,21:45:00,414,412.4,416.8,0,3.171,0,,,,0,0
31/03/2016,22:00:00,410.6,408.7,413.2,0,3.021,0,,,,0,0
31/03/2016,22:15:00,410.4,408.5,412.9,0,3.023,0,,,,0.028,0.028
31/03/2016,22:30:00,410.9,409.1,413.3,0.321,3.01,0,,,,23.54,23.54
31/03/2016,22:45:00,412.1,410.5,414.6,0.263,3.038,0,,,,23.04,23.04
31/03/2016,23:00:00,411.4,409.8,413.8,0.216,3.006,0,,,,17.83,17.83
31/03/2016,23:15:00,411.6,410,414.1,0.253,3.018,0,,,,20.51,20.51
31/03/2016,23:30:00,412.4,410.9,414.9,0.012,3.042,0,,,,0.906,0.906
31/03/2016,23:45:00,412.8,411.5,415.5,0.391,3.078,0,,,,31,31
,,,,,,,,,,,,
,,,,,,,,,,,,
,MXIMO,418.4,417.5,420.4,7.56,4.41,6.12,0,0,0,"4,633.00","4,633.00"
,MNIMO,407.7,406.3,410.8,0,0.01,0,0,0,0,0,0
,PROMEDIO,412.83,411.54,415.48,1.73,2.76,1.27,#DIV/0!,#DIV/0!,#DIV/0!,951.74,951.74
