Feha de la Medda,Hora de la Medda,FASE AB,FASE BC,FASE AC,FASE A,FASE B,FASE  C,NEUTRO,POTENA ATVA AB [W],POTENA ATVA B [W],POTENA ATVA  [W],,,GENERACION [kWh]
30/06/2014,14:09:14,405.95,5.71,403.98,0,0,0,,,,,0,0,0
30/06/2014,14:14:14,405.85,5.65,403.9,0,0,0,,,,,0,0,0
30/06/2014,14:19:14,406.38,5.69,404.42,0,0,0,,,,,0,0,0
30/06/2014,14:24:14,405.88,5.74,403.86,0,0,0,,,,,0,0,0
30/06/2014,14:29:14,406.27,5.74,404.2,0,0,0,,,,,0,0,0
30/06/2014,14:34:14,406.77,5.76,404.62,0,0,0,,,,,0,0,0
30/06/2014,14:39:14,407.22,5.83,405.07,0,0,0,,,,,0,0,0
30/06/2014,14:44:14,407.15,5.83,404.99,0,0,0,,,,,0,0,0
30/06/2014,14:49:14,406.9,5.86,404.66,0,0,0,,,,,0,0,0
30/06/2014,14:54:14,406.25,5.92,403.95,0,0,0,,,,,0,0,0
30/06/2014,14:59:14,407.58,6.06,405.16,0,0,0,,,,,0,0,0
30/06/2014,15:04:14,406.5,6.01,404.08,0,0,0,,,,,0,0,0
30/06/2014,15:09:14,406.3,6.08,403.85,0,0,0,,,,,0,0,0
30/06/2014,15:14:14,406.66,6.06,404.17,0,0,0,,,,,0,0,0
30/06/2014,15:19:14,407.34,6.16,404.75,0,0,0,,,,,0,0,0
30/06/2014,15:24:14,407.01,6.27,404.34,0,0,0,,,,,0,0,0
30/06/2014,15:29:14,407.09,6.11,404.52,0,0,0,,,,,0,0,0
30/06/2014,15:34:14,407.73,6.07,405.23,0,0,0,,,,,0,0,0
30/06/2014,15:39:14,407.49,45.1,401.58,2.2,1.35,11.94,,,,,466.06,0.46606,0.04
30/06/2014,15:44:14,408.08,63.76,400.5,0,1.17,3.23,,,,,87.08,0.08708,0.05
30/06/2014,15:49:14,405.78,83.31,396.04,0,1.4,4.26,,,,,164.16,0.16416,0.06
30/06/2014,15:54:14,406.14,91.7,394.41,3.23,1.49,7.05,,,,,430.1,0.4301,0.1
30/06/2014,15:59:14,406.63,91.68,397.04,3.19,5.6,19.97,,,,,1334.55,1.33455,0.21
30/06/2014,16:04:14,406.07,390.46,400.77,0,0,0,,,,,0,0,0.21
30/06/2014,16:09:14,406.11,377.06,395.86,0,0,0,,,,,0,0,0.21
30/06/2014,16:14:14,405.68,382.3,398.68,0,0,0,,,,,0,0,0.21
30/06/2014,16:19:14,406.28,384.82,398.96,0,0,0,,,,,0,0,0.21
30/06/2014,16:24:14,406.05,5.71,404.05,0,0,0,,,,,0,0,0.21
30/06/2014,16:29:14,406.25,5.7,404.23,0,0,0,,,,,0,0,0.21
30/06/2014,16:34:14,406.84,5.76,404.83,0,0,0,,,,,0,0,0.21
30/06/2014,16:39:14,406.94,5.73,404.94,0,0,0,,,,,0,0,0.21
30/06/2014,16:44:14,405.79,5.7,403.8,0,0,0,,,,,0,0,0.21
30/06/2014,16:49:14,406.51,5.67,404.51,0,0,0,,,,,0,0,0.21
30/06/2014,16:54:14,406.94,5.73,404.93,0,0,0,,,,,0,0,0.21
30/06/2014,16:59:14,407.14,5.72,405.05,0,0,0,,,,,0,0,0.21
30/06/2014,17:04:14,407.61,5.8,405.44,0,0,0,,,,,0,0,0.21
30/06/2014,17:09:14,407.02,5.74,404.98,0,0,0,,,,,0,0,0.21
30/06/2014,17:14:14,407.03,5.76,404.96,0,0,0,,,,,0,0,0.21
30/06/2014,17:19:14,407.01,5.73,405.02,0,0,0,,,,,0,0,0.21
30/06/2014,17:24:14,406.25,5.7,404.29,0,0,0,,,,,0,0,0.21
30/06/2014,17:29:14,406.1,5.68,404.15,0,0,0,,,,,0,0,0.21
30/06/2014,17:34:14,406.95,5.72,404.98,0,0,0,,,,,0,0,0.21
30/06/2014,17:39:14,406.96,5.71,405,0,0,0,,,,,0,0,0.21
30/06/2014,17:44:14,407.74,5.71,405.72,0,0,0,,,,,0,0,0.21
30/06/2014,17:49:14,406.67,5.75,404.56,0,0,0,,,,,0,0,0.21
30/06/2014,17:54:14,407.48,5.87,405.28,0,0,0,,,,,0,0,0.21
30/06/2014,17:59:14,407.32,5.94,405.03,0,0,0,,,,,0,0,0.21
30/06/2014,18:04:14,405.83,5.91,403.55,0,0,0,,,,,0,0,0.21
30/06/2014,18:09:14,405.49,5.91,403.21,0,0,0,,,,,0,0,0.21
30/06/2014,18:14:14,404.92,5.76,402.82,0,0,0,,,,,0,0,0.21
30/06/2014,18:19:14,406.6,5.77,404.49,0,0,0,,,,,0,0,0.21
30/06/2014,18:24:14,405.56,5.8,403.36,0,0,0,,,,,0,0,0.21
30/06/2014,18:29:14,405.51,5.75,403.45,0,0,0,,,,,0,0,0.21
30/06/2014,18:34:14,405.85,5.73,403.87,0,0,0,,,,,0,0,0.21
30/06/2014,18:39:14,406.12,5.71,404.11,0,0,0,,,,,0,0,0.21
30/06/2014,18:44:14,405.74,5.69,403.73,0,0,0,,,,,0,0,0.21
30/06/2014,18:49:14,406.92,5.75,404.88,0,0,0,,,,,0,0,0.21
30/06/2014,18:54:14,407.68,5.71,405.71,0,0,0,,,,,0,0,0.21
30/06/2014,18:59:14,407.68,5.73,405.68,0,0,0,,,,,0,0,0.21
30/06/2014,19:04:14,407.27,5.74,405.25,0,0,0,,,,,0,0,0.21
30/06/2014,19:09:14,407.02,19.19,403.95,0,0,0,,,,,0,0,0.21
30/06/2014,19:14:14,405.8,94.64,393.96,1.24,10.03,19.83,,,,,1071.06,1.07106,0.3
30/06/2014,19:19:14,407.37,130.16,386.64,4.55,9.58,6.82,,,,,109.22,0.10922,0.31
30/06/2014,19:24:14,407.72,133.67,391.41,4.79,4.56,18.19,,,,,872.27,0.87227,0.38
30/06/2014,19:29:14,407.11,154.87,389.27,3.74,9.8,30.64,,,,,1260.37,1.26037,0.48
30/06/2014,19:34:14,408.5,168.96,385.51,5.71,4.15,26.49,,,,,1987.98,1.98798,0.65
30/06/2014,19:39:14,407.78,156.65,384.74,4.33,7.81,24.43,,,,,1602.6,1.6026,0.78
30/06/2014,19:44:14,408.32,168.38,382.66,3.25,5.1,40.32,,,,,2771.87,2.77187,1.01
30/06/2014,19:49:14,406.09,196.53,376.08,2.89,2.96,20.4,,,,,1440.82,1.44082,1.13
30/06/2014,19:54:14,405.71,145.81,379.82,3.39,4.86,17.03,,,,,614.31,0.61431,1.18
30/06/2014,19:59:14,405.25,190.36,373.98,2.52,6.32,20.68,,,,,1418.58,1.41858,1.3
30/06/2014,20:04:14,405.23,141.25,383.23,4.35,4.07,13.8,,,,,1016.91,1.01691,1.39
30/06/2014,20:09:14,405.21,109.36,389.68,2.62,8.53,24.46,,,,,1820.21,1.82021,1.54
30/06/2014,20:14:14,404.54,96.61,386.53,2.04,2.8,4.38,,,,,191.41,0.19141,1.55
30/06/2014,20:19:14,404.42,100.72,379.28,3.57,1.8,3.62,,,,,33.02,0.03302,1.56
30/06/2014,20:24:14,403.84,144.07,381.84,3.31,2.16,8.61,,,,,625.34,0.62534,1.61
30/06/2014,20:29:14,402.77,136.11,375.93,3.04,2.79,10.98,,,,,497.34,0.49734,1.65
30/06/2014,20:34:14,403.14,199.47,378.26,3.43,6.89,26.39,,,,,1491.66,1.49166,1.78
30/06/2014,20:39:14,402.46,158.15,372.69,4.22,4.45,6.6,,,,,158.64,0.15864,1.79
30/06/2014,20:44:14,403.29,157.81,378.99,2.55,4.6,5.41,,,,,309.05,0.30905,1.81
30/06/2014,20:49:14,403.74,134.13,379.71,5.99,5.01,16.83,,,,,457.82,0.45782,1.85
30/06/2014,20:54:14,403.99,150.73,371.61,4.36,1.97,4,,,,,59.97,0.05997,1.86
30/06/2014,20:59:14,403.94,148.56,373.98,3.72,2.01,4.96,,,,,183.15,0.18315,1.87
30/06/2014,21:04:14,404.29,159.9,371.69,2.48,3.39,4.49,,,,,342.92,0.34292,1.9
30/06/2014,21:09:14,405.03,177.96,373.5,4.34,3.96,11.32,,,,,502.31,0.50231,1.94
30/06/2014,21:14:14,405.73,175.06,368.23,4.63,2.49,5.1,,,,,233.93,0.23393,1.96
30/06/2014,21:19:14,405.94,193.7,365.2,4.11,7.17,12.07,,,,,871.45,0.87145,2.04
30/06/2014,21:24:14,406.79,189.01,362.78,3.56,4.43,8.96,,,,,608.02,0.60802,2.09
30/06/2014,21:29:14,407.52,182.71,369.78,2.83,4,11.87,,,,,1011.62,1.01162,2.17
30/06/2014,21:34:14,407.35,375.66,397.09,0,0,0,,,,,0,0,2.17
30/06/2014,21:39:14,407.83,380.03,410.82,0,0,0,,,,,0,0,2.17
30/06/2014,21:44:14,407.2,371.48,399.81,0,0,0,,,,,0,0,2.17
30/06/2014,21:49:14,408.08,363.64,400.19,0,0,0,,,,,0,0,2.17
30/06/2014,21:54:14,408.61,347.71,411.54,0,0,0,,,,,0,0,2.17
30/06/2014,21:59:14,406.15,145.06,363.58,0,0,0,,,,,0,0,2.17
30/06/2014,22:04:14,405.78,140.41,366.47,0,0,0,,,,,0,0,2.17
30/06/2014,22:09:14,405.4,339.72,389.97,0,0,0,,,,,0,0,2.17
30/06/2014,22:14:14,406.19,341.82,393.29,0,0,0,,,,,0,0,2.17
30/06/2014,22:19:14,406.06,330.56,407.46,0,0,0,,,,,0,0,2.17
30/06/2014,22:24:14,406.52,343.44,398.08,0,0,0,,,,,0,0,2.17
30/06/2014,22:29:14,406.29,328.1,394.6,0,0,0,,,,,0,0,2.17
30/06/2014,22:34:14,407.01,144.09,366.51,0,0,0,,,,,0,0,2.17
30/06/2014,22:39:14,407.2,332.65,408.8,0,0,0,,,,,0,0,2.17
30/06/2014,22:44:14,406.85,326.32,406.14,0,0,0,,,,,0,0,2.17
30/06/2014,22:49:14,406.4,324.09,420.69,0,0,0,,,,,0,0,2.17
30/06/2014,22:54:14,405.84,319.34,404.14,0,0,0,,,,,0,0,2.17
30/06/2014,22:59:14,408.23,316.98,413.39,0,0,0,,,,,0,0,2.17
30/06/2014,23:04:14,407.56,133.21,369,0,0,0,,,,,0,0,2.17
30/06/2014,23:09:14,407.77,318.2,410.43,0,0,0,,,,,0,0,2.17
30/06/2014,23:14:14,407.42,308.05,394.39,0,0,0,,,,,0,0,2.17
30/06/2014,23:19:14,408.49,322.74,404.57,0,0,0,,,,,0,0,2.17
30/06/2014,23:24:14,408.35,240.41,406.33,0,0,0,,,,,0,0,2.17
30/06/2014,23:29:14,406.97,236.61,403.67,0,0,0,,,,,0,0,2.17
30/06/2014,23:34:14,407.21,308.46,420.93,0,0,0,,,,,0,0,2.17
30/06/2014,23:39:14,407.3,306.83,414.06,0,0,0,,,,,0,0,2.17
30/06/2014,23:44:14,407.61,127.66,368.54,0,0,0,,,,,0,0,2.17
30/06/2014,23:49:14,408.43,332.74,410.53,0,0,0,,,,,0,0,2.17
30/06/2014,23:54:14,408.26,135.87,369.94,0,0,0,,,,,0,0,2.17
30/06/2014,23:59:14,408.48,340.37,390.26,0,0,0,,,,,0,0,2.17
01/07/2014,00:04:14,408.9,311.38,423.55,0,0,0,,,,,0,0,2.17
01/07/2014,00:09:14,409.21,300.99,427.82,0,0,0,,,,,0,0,2.17
01/07/2014,00:14:14,409.19,305.06,423.81,0,0,0,,,,,0,0,2.17
01/07/2014,00:19:14,409.85,138.57,372.44,0,0,0,,,,,0,0,2.17
01/07/2014,00:24:14,409.55,312.38,398.93,0,0,0,,,,,0,0,2.17
01/07/2014,00:29:14,408.75,300.82,424.76,0,0,0,,,,,0,0,2.17
01/07/2014,00:34:14,407.33,296.1,429.16,0,0,0,,,,,0,0,2.17
01/07/2014,00:39:14,407.77,284.59,429.17,0,0,0,,,,,0,0,2.17
01/07/2014,00:44:14,407.85,328.99,394.83,0,0,0,,,,,0,0,2.17
01/07/2014,00:49:14,407.65,306.99,423.26,0,0,0,,,,,0,0,2.17
01/07/2014,00:54:14,408.93,301.67,419.66,0,0,0,,,,,0,0,2.17
01/07/2014,00:59:14,408.35,310.26,426.41,0,0,0,,,,,0,0,2.17
01/07/2014,01:04:14,407.87,324.2,408.48,0,0,0,,,,,0,0,2.17
01/07/2014,01:09:14,408.17,307.65,407.49,0,0,0,,,,,0,0,2.17
01/07/2014,01:14:14,408.48,306.6,412.78,0,0,0,,,,,0,0,2.17
01/07/2014,01:19:14,408.57,313.82,396.61,0,0,0,,,,,0,0,2.17
01/07/2014,01:24:14,408.52,150.72,385.64,0,0,0,,,,,0,0,2.17
01/07/2014,01:29:14,408.09,230.43,401.73,0,0,0,,,,,0,0,2.17
01/07/2014,01:34:14,409.3,236.67,392.45,0,0,0,,,,,0,0,2.17
01/07/2014,01:39:14,409,111.25,374.98,0,0,0,,,,,0,0,2.17
01/07/2014,01:44:14,408.97,337.02,392.75,0,0,0,,,,,0,0,2.17
01/07/2014,01:49:14,409.33,217.24,409.56,0,0,0,,,,,0,0,2.17
01/07/2014,01:54:14,409.06,313.06,416.2,0,0,0,,,,,0,0,2.17
01/07/2014,01:59:14,409.19,321.58,394.22,0,0,0,,,,,0,0,2.17
01/07/2014,02:04:14,409.53,316.99,406.98,0,0,0,,,,,0,0,2.17
01/07/2014,02:09:14,408.79,326.58,410.2,0,0,0,,,,,0,0,2.17
01/07/2014,02:14:14,408.91,144.39,370.74,0,0,0,,,,,0,0,2.17
01/07/2014,02:19:14,409.9,221.16,410.56,0,0,0,,,,,0,0,2.17
01/07/2014,02:24:14,410.53,268.73,421.26,0,0,0,,,,,0,0,2.17
01/07/2014,02:29:14,410.18,331.95,397.5,0,0,0,,,,,0,0,2.17
01/07/2014,02:34:14,409.79,328.29,405.65,0,0,0,,,,,0,0,2.17
01/07/2014,02:39:14,409.55,316.52,392.44,0,0,0,,,,,0,0,2.17
01/07/2014,02:44:14,409.69,130.23,375.64,0,0,0,,,,,0,0,2.17
01/07/2014,02:49:14,409.56,313.66,386.48,0,0,0,,,,,0,0,2.17
01/07/2014,02:54:14,409.27,299.47,391.02,0,0,0,,,,,0,0,2.17
01/07/2014,02:59:14,410.54,329.94,395,0,0,0,,,,,0,0,2.17
01/07/2014,03:04:14,409.74,176.04,387.52,0,0,0,,,,,0,0,2.17
01/07/2014,03:09:14,410.35,317.12,386.95,0,0,0,,,,,0,0,2.17
01/07/2014,03:14:14,410.62,298.26,386.15,0,0,0,,,,,0,0,2.17
01/07/2014,03:19:14,409.87,321.95,390.28,0,0,0,,,,,0,0,2.17
01/07/2014,03:24:14,410.86,139.28,379.68,0,0,0,,,,,0,0,2.17
01/07/2014,03:29:14,410.19,130.14,375.18,0,0,0,,,,,0,0,2.17
01/07/2014,03:34:14,409.8,298.29,405.48,0,0,0,,,,,0,0,2.17
01/07/2014,03:39:14,410.14,312.49,392.37,0,0,0,,,,,0,0,2.17
01/07/2014,03:44:14,409.77,312.88,390.21,0,0,0,,,,,0,0,2.17
01/07/2014,03:49:14,409.84,299.77,384.01,0,0,0,,,,,0,0,2.17
01/07/2014,03:54:14,410.4,313.54,392.91,0,0,0,,,,,0,0,2.17
01/07/2014,03:59:14,410.28,332.57,393.94,0,0,0,,,,,0,0,2.17
01/07/2014,04:04:14,410.13,328.91,404.91,0,0,0,,,,,0,0,2.17
01/07/2014,04:09:14,409.86,335.2,404.62,0,0,0,,,,,0,0,2.17
01/07/2014,04:14:14,409.79,201.66,415.05,0,0,0,,,,,0,0,2.17
01/07/2014,04:19:14,410.13,308.17,401.21,0,0,0,,,,,0,0,2.17
01/07/2014,04:24:14,409.76,317.32,400.48,0,0,0,,,,,0,0,2.17
01/07/2014,04:29:14,410.06,326.97,391.09,0,0,0,,,,,0,0,2.17
01/07/2014,04:34:14,409.67,319.21,403.11,0,0,0,,,,,0,0,2.17
01/07/2014,04:39:14,409.43,304.56,395.7,0,0,0,,,,,0,0,2.17
01/07/2014,04:44:14,409.68,133.7,372.42,0,0,0,,,,,0,0,2.17
01/07/2014,04:49:14,409.36,324.99,405.87,0,0,0,,,,,0,0,2.17
01/07/2014,04:54:14,408.75,321.72,384.51,0,0,0,,,,,0,0,2.17
01/07/2014,04:59:14,409.22,327.25,412.98,0,0,0,,,,,0,0,2.17
01/07/2014,05:04:14,408.71,318.23,396.67,0,0,0,,,,,0,0,2.17
01/07/2014,05:09:14,408.86,320.11,395.67,0,0,0,,,,,0,0,2.17
01/07/2014,05:14:14,408.1,321.62,397.11,0,0,0,,,,,0,0,2.17
01/07/2014,05:19:14,408.33,318.66,391.24,0,0,0,,,,,0,0,2.17
01/07/2014,05:24:14,408.17,328.87,389.79,0,0,0,,,,,0,0,2.17
01/07/2014,05:29:14,407.84,249.22,413.17,0,0,0,,,,,0,0,2.17
01/07/2014,05:34:14,407.05,280.88,382.85,0,0,0,,,,,0,0,2.17
01/07/2014,05:39:14,407.01,301.92,384.22,0,0,0,,,,,0,0,2.17
01/07/2014,05:44:14,407.35,330.44,390.69,0,0,0,,,,,0,0,2.17
01/07/2014,05:49:14,406.57,285.3,384.31,0,0,0,,,,,0,0,2.17
01/07/2014,05:54:14,406.15,279.42,383.24,0,0,0,,,,,0,0,2.17
01/07/2014,05:59:14,405.41,304.97,414,0,0,0,,,,,0,0,2.17
01/07/2014,06:04:14,405.73,297.23,388.72,0,0,0,,,,,0,0,2.17
01/07/2014,06:09:14,406.06,340.55,393.52,0,0,0,,,,,0,0,2.17
01/07/2014,06:14:14,405.63,303.19,393.42,0,0,0,,,,,0,0,2.17
01/07/2014,06:19:14,405.95,289.4,382.68,0,0,0,,,,,0,0,2.17
01/07/2014,06:24:14,408.08,294.92,387.33,0,0,0,,,,,0,0,2.17
01/07/2014,06:29:14,406.9,268.25,421.05,0,0,0,,,,,0,0,2.17
01/07/2014,06:34:14,407.56,285.01,414.62,0,0,0,,,,,0,0,2.17
01/07/2014,06:39:14,407.46,265.4,418.65,0,0,0,,,,,0,0,2.17
01/07/2014,06:44:14,406.47,296.92,409.61,0,0,0,,,,,0,0,2.17
01/07/2014,06:49:14,407.06,266.64,425.12,0,0,0,,,,,0,0,2.17
01/07/2014,06:54:14,407.34,321.55,391.9,0,0,0,,,,,0,0,2.17
01/07/2014,06:59:14,406.64,308.45,389.64,0,0,0,,,,,0,0,2.17
01/07/2014,07:04:14,406.51,312.02,392.04,0,0,0,,,,,0,0,2.17
01/07/2014,07:09:14,406.11,182.08,388.54,0,0,0,,,,,0,0,2.17
01/07/2014,07:14:14,406.9,226.72,396.5,0,0,0,,,,,0,0,2.17
01/07/2014,07:19:14,407.19,221.07,397.39,0,0,0,,,,,0,0,2.17
01/07/2014,07:24:14,406.87,335.13,390.25,0,0,0,,,,,0,0,2.17
01/07/2014,07:29:14,405.84,298.95,378.14,0,0,0,,,,,0,0,2.17
01/07/2014,07:34:14,406.31,324.85,381.89,0,0,0,,,,,0,0,2.17
01/07/2014,07:39:14,405.48,308.8,378.49,0,0,0,,,,,0,0,2.17
01/07/2014,07:44:14,407.82,295.01,386.56,0,0,0,,,,,0,0,2.17
01/07/2014,07:49:14,409.14,308.31,381.74,0,0,0,,,,,0,0,2.17
01/07/2014,07:54:14,409.11,318.48,382.3,0,0,0,,,,,0,0,2.17
01/07/2014,07:59:14,407.38,307.3,386.93,0,0,0,,,,,0,0,2.17
01/07/2014,08:04:14,405.97,309.23,399.79,0,0,0,,,,,0,0,2.17
01/07/2014,08:09:14,406.18,305,386.97,0,0,0,,,,,0,0,2.17
01/07/2014,08:14:14,405.02,320.46,388.5,0,0,0,,,,,0,0,2.17
01/07/2014,08:19:14,405.98,338.63,389.72,0,0,0,,,,,0,0,2.17
01/07/2014,08:24:14,407.49,327.05,390.36,0,0,1.25,,,,,370.62,0.37062,2.2
01/07/2014,08:29:14,406.97,317.14,394.33,0,0,1.13,,,,,320.35,0.32035,2.23
01/07/2014,08:34:14,407,324.4,391.5,0,0,1.2,,,,,351.55,0.35155,2.26
01/07/2014,08:39:14,405.28,164.41,380.99,0,0,0,,,,,0,0,2.26
01/07/2014,08:44:14,406.08,296.71,390.16,0,0,1.1,,,,,294.72,0.29472,2.28
01/07/2014,08:49:14,407.57,318.17,402.2,2.13,2.05,2.5,,,,,1450.1,1.4501,2.4
01/07/2014,08:54:14,404.41,305.11,392.85,0,0,1.27,,,,,356.55,0.35655,2.43
01/07/2014,08:59:14,407.86,292.49,389.03,2.33,2.25,2.7,,,,,1522.57,1.52257,2.56
01/07/2014,09:04:14,411.06,329.16,403.14,5.79,5.78,6.05,,,,,3847.82,3.84782,2.88
01/07/2014,09:09:14,411.12,330.25,394.67,6.25,6.3,6.56,,,,,4164.82,4.16482,3.23
01/07/2014,09:14:14,411.63,323.35,397.76,6.86,6.89,7.15,,,,,4521.14,4.52114,3.6
01/07/2014,09:19:14,413.29,326.24,393.61,6.4,6.41,6.69,,,,,4238.21,4.23821,3.96
01/07/2014,09:24:14,413.28,341.17,393.4,6.06,6.07,6.35,,,,,4091.76,4.09176,4.3
01/07/2014,09:29:14,409.94,338.5,391.39,4.23,4.24,4.55,,,,,2867.96,2.86796,4.54
01/07/2014,09:34:14,411.77,337.69,393.01,5.56,5.52,5.86,,,,,3734.96,3.73496,4.85
01/07/2014,09:39:14,406.14,334.14,387.54,1.1,1.02,1.51,,,,,799.71,0.79971,4.91
01/07/2014,09:44:14,410.7,339.59,393.91,6.19,6.12,6.49,,,,,4142.33,4.14233,5.26
01/07/2014,09:49:14,404.89,330.98,388.91,0,0,0,,,,,0,0,5.26
01/07/2014,09:54:14,404.14,330.03,385.96,0,0,0,,,,,0,0,5.26
01/07/2014,09:59:14,404.21,330.47,387.15,0,0,0,,,,,0,0,5.26
01/07/2014,10:04:14,404.47,329.17,387.8,0,0,0,,,,,0,0,5.26
01/07/2014,10:09:14,403.18,327.7,387.12,0,0,0,,,,,0,0,5.26
01/07/2014,10:14:14,403.16,331.63,384.2,0,0,0,,,,,0,0,5.26
01/07/2014,10:19:14,405.38,330.41,388.19,0,0,0,,,,,0,0,5.26
01/07/2014,10:24:14,405.88,328.95,388.96,0,0,0,,,,,0,0,5.26
01/07/2014,10:29:14,406.16,328.56,389.23,0,0,0,,,,,0,0,5.26
01/07/2014,10:34:14,404.16,326.9,387.07,0,0,0,,,,,0,0,5.26
01/07/2014,10:39:14,407.15,329.61,389.46,1.72,1.66,2.14,,,,,1208.82,1.20882,5.36
01/07/2014,10:44:14,405.12,328.31,387.42,1.08,1.03,1.46,,,,,761.59,0.76159,5.42
01/07/2014,10:49:14,403.41,325.8,385.73,0,0,0,,,,,0,0,5.42
01/07/2014,10:54:14,403.09,324.6,385.37,0,0,0,,,,,0,0,5.42
01/07/2014,10:59:14,403.97,324.48,390.63,0,0,0,,,,,0,0,5.42
01/07/2014,11:04:14,405.51,328.42,388.35,0,0,0,,,,,0,0,5.42
01/07/2014,11:09:14,408.12,331.2,391.4,2.54,2.49,2.95,,,,,1744.06,1.74406,5.57
01/07/2014,11:14:14,405,325.83,388.12,0,0,0,,,,,0,0,5.57
01/07/2014,11:19:14,404.63,327.35,385.78,0,0,0,,,,,0,0,5.57
01/07/2014,11:24:14,404.39,327.89,388.62,0,0,0,,,,,0,0,5.57
01/07/2014,11:29:14,404.46,326.09,387.65,0,0,0,,,,,0,0,5.57
01/07/2014,11:34:14,405.03,326.4,386.12,0,0,0,,,,,0,0,5.57
01/07/2014,11:39:14,405.26,326.69,387.4,0,0,0,,,,,0,0,5.57
01/07/2014,11:44:14,404.28,325.32,387.32,0,0,0,,,,,0,0,5.57
01/07/2014,11:49:14,404.39,324.98,387.24,0,0,0,,,,,0,0,5.57
01/07/2014,11:54:14,403.69,321.01,383.05,0,0,0,,,,,0,0,5.57
01/07/2014,11:59:14,404.51,321.37,385.81,0,0,0,,,,,0,0,5.57
01/07/2014,12:04:14,404.96,323,387.67,0,0,0,,,,,0,0,5.57
01/07/2014,12:09:14,404.72,321.65,385.66,0,0,0,,,,,0,0,5.57
01/07/2014,12:14:14,404.2,324.63,382.16,0,0,0,,,,,0,0,5.57
01/07/2014,12:19:14,404.46,323.97,383.09,0,0,0,,,,,0,0,5.57
01/07/2014,12:24:14,404.57,319.94,385.23,0,0,0,,,,,0,0,5.57
01/07/2014,12:29:14,404.69,322.22,385.83,0,0,0,,,,,0,0,5.57
01/07/2014,12:34:14,405.35,322.08,386.73,0,0,0,,,,,0,0,5.57
01/07/2014,12:39:14,405,321.11,385.1,0,0,0,,,,,0,0,5.57
01/07/2014,12:44:14,404.81,321.47,385.63,0,0,0,,,,,0,0,5.57
01/07/2014,12:49:14,404.29,321.98,385.59,0,0,0,,,,,0,0,5.57
01/07/2014,12:54:14,405.34,327.9,386.62,0,0,0,,,,,0,0,5.57
01/07/2014,12:59:14,405.7,320.3,388.91,0,0,0,,,,,0,0,5.57
01/07/2014,13:04:14,404.59,318.13,390.42,0,0,0,,,,,0,0,5.57
01/07/2014,13:09:14,406,320.24,387.24,0,0,0,,,,,0,0,5.57
01/07/2014,13:14:14,406.82,320.32,391.08,0,0,0,,,,,0,0,5.57
01/07/2014,13:19:14,406.55,321.35,389.42,0,0,0,,,,,0,0,5.57
01/07/2014,13:24:14,406.78,321.09,388.65,0,0,0,,,,,0,0,5.57
01/07/2014,13:29:14,407.14,320.36,390.62,0,0,0,,,,,0,0,5.57
01/07/2014,13:34:14,406.39,317.01,395.54,0,0,0,,,,,0,0,5.57
01/07/2014,13:39:14,406.29,286,383.02,0,0,0,,,,,0,0,5.57
01/07/2014,13:44:14,406.81,321.98,395.95,0,0,0,,,,,0,0,5.57
01/07/2014,13:49:14,405.79,318.77,384.3,0,0,0,,,,,0,0,5.57
01/07/2014,13:54:14,405.33,310.38,391.1,0,0,0,,,,,0,0,5.57
01/07/2014,13:59:14,405.08,314.25,382.2,0,0,0,,,,,0,0,5.57
01/07/2014,14:04:14,406.11,314.76,383.04,0,0,0,,,,,0,0,5.57
01/07/2014,14:09:14,405.04,312.78,381.37,0,0,0,,,,,0,0,5.57
01/07/2014,14:14:14,404.85,318.85,383.33,0,0,0,,,,,0,0,5.57
01/07/2014,14:19:14,405.32,311.44,382.04,0,0,0,,,,,0,0,5.57
01/07/2014,14:24:14,405.61,310.13,381.97,0,0,0,,,,,0,0,5.57
01/07/2014,14:29:14,405.54,309.37,381.62,0,0,0,,,,,0,0,5.57
01/07/2014,14:34:14,405.35,309.36,382.57,0,0,0,,,,,0,0,5.57
01/07/2014,14:39:14,405.76,310.01,381.74,0,0,0,,,,,0,0,5.57
01/07/2014,14:44:14,405.49,311.02,381.73,0,0,0,,,,,0,0,5.57
01/07/2014,14:49:14,405.8,357.14,393.39,0,0,0,,,,,0,0,5.57
01/07/2014,14:54:14,406.01,344.11,385.26,0,0,0,,,,,0,0,5.57
01/07/2014,14:59:14,406.29,339.9,384.39,0,0,0,,,,,0,0,5.57
01/07/2014,15:04:14,405.29,337.01,383.82,0,0,0,,,,,0,0,5.57
01/07/2014,15:09:14,405.99,334.05,383.88,0,0,0,,,,,0,0,5.57
01/07/2014,15:14:14,405.73,324.49,384.61,0,0,0,,,,,0,0,5.57
01/07/2014,15:19:14,405.79,362.56,390.36,0,0,0,,,,,0,0,5.57
01/07/2014,15:24:14,406.21,361.16,390.02,0,0,0,,,,,0,0,5.57
01/07/2014,15:29:14,406.41,359.93,390.59,0,0,0,,,,,0,0,5.57
01/07/2014,15:34:14,406.14,354.71,392.89,0,0,0,,,,,0,0,5.57
01/07/2014,15:39:14,406.29,346.24,391.39,0,0,0,,,,,0,0,5.57
01/07/2014,15:44:14,406.03,342.63,391.61,0,0,0,,,,,0,0,5.57
01/07/2014,15:49:14,405.91,330.54,385.67,0,0,0,,,,,0,0,5.57
01/07/2014,15:54:14,406.26,357.16,390.97,0,0,0,,,,,0,0,5.57
01/07/2014,15:59:14,407.51,300.31,397.46,0,0,0,,,,,0,0,5.57
01/07/2014,16:04:14,406.97,348.32,390.76,0,0,0,,,,,0,0,5.57
01/07/2014,16:09:14,406.53,335.09,389.17,0,0,0,,,,,0,0,5.57
01/07/2014,16:14:14,406.67,319.3,386.86,0,0,0,,,,,0,0,5.57
01/07/2014,16:19:14,406.85,323.39,391.09,0,0,0,,,,,0,0,5.57
01/07/2014,16:24:14,406.92,325.89,400.58,0,0,0,,,,,0,0,5.57
01/07/2014,16:29:14,407.2,340.72,390.13,0,0,0,,,,,0,0,5.57
01/07/2014,16:34:14,406.67,326.22,385.65,0,0,0,,,,,0,0,5.57
01/07/2014,16:39:14,405.84,312.16,390.3,0,0,0,,,,,0,0,5.57
01/07/2014,16:44:14,407.37,325.97,385.25,0,0,0,,,,,0,0,5.57
01/07/2014,16:49:14,406.24,310.43,398.96,0,0,0,,,,,0,0,5.57
01/07/2014,16:54:14,407.25,327.74,387.52,0,0,0,,,,,0,0,5.57
01/07/2014,16:59:14,411.93,316.57,396.98,3.83,3.83,4.16,,,,,2547.35,2.54735,5.78
01/07/2014,17:04:14,408.02,300.42,395.1,0,0,0,,,,,0,0,5.78
01/07/2014,17:09:14,407.62,289.26,389.45,0,0,0,,,,,0,0,5.78
01/07/2014,17:14:14,407.87,289.43,395,0,0,0,,,,,0,0,5.78
01/07/2014,17:19:14,407.71,320.25,400.13,0,0,0,,,,,0,0,5.78
01/07/2014,17:24:14,407.42,312.72,385.14,0,0,0,,,,,0,0,5.78
01/07/2014,17:29:14,408.07,311.83,385.5,0,0,0,,,,,0,0,5.78
01/07/2014,17:34:14,408.99,331.03,388.36,0,0,0,,,,,0,0,5.78
01/07/2014,17:39:14,408.79,341.37,389.97,0,0,0,,,,,0,0,5.78
01/07/2014,17:44:14,409.95,316.71,396.6,0,0,1.28,,,,,363.32,0.36332,5.81
01/07/2014,17:49:14,409.4,309.06,386.62,0,0,0,,,,,0,0,5.81
01/07/2014,17:54:14,409.65,313.4,386.59,1.89,1.82,2.31,,,,,1297.11,1.29711,5.92
01/07/2014,17:59:14,409.37,316.77,387.79,2.04,1.98,2.46,,,,,1402.16,1.40216,6.04
01/07/2014,18:04:14,408.73,333.83,386.47,1.28,1.24,1.7,,,,,933.25,0.93325,6.11
01/07/2014,18:09:14,407.67,300.83,404.68,0,0,0,,,,,0,0,6.11
01/07/2014,18:14:14,407.34,327.9,406.14,0,0,0,,,,,0,0,6.11
01/07/2014,18:19:14,407.38,328.47,387.18,0,0,0,,,,,0,0,6.11
01/07/2014,18:24:14,409.18,325.88,385.28,0,0,0,,,,,0,0,6.11
01/07/2014,18:29:14,408.39,328.4,398.77,0,0,0,,,,,0,0,6.11
01/07/2014,18:34:14,408.26,308.18,406.77,0,0,0,,,,,0,0,6.11
01/07/2014,18:39:14,408.91,331.35,388.19,0,0,0,,,,,0,0,6.11
01/07/2014,18:44:14,409.33,323.06,387.01,0,0,0,,,,,0,0,6.11
01/07/2014,18:49:14,409.51,313.74,392.71,0,0,0,,,,,0,0,6.11
01/07/2014,18:54:14,409.55,319.6,401.81,0,0,0,,,,,0,0,6.11
01/07/2014,18:59:14,409.64,322.63,403.32,0,0,0,,,,,0,0,6.11
01/07/2014,19:04:14,409.29,330.83,395.26,0,0,0,,,,,0,0,6.11
01/07/2014,19:09:14,409.64,308.42,387.57,0,0,0,,,,,0,0,6.11
01/07/2014,19:14:14,409.13,323.96,401.08,0,0,0,,,,,0,0,6.11
01/07/2014,19:19:14,408.67,314,386.22,0,0,0,,,,,0,0,6.11
01/07/2014,19:24:14,407.74,318.01,386.67,0,0,0,,,,,0,0,6.11
01/07/2014,19:29:14,408.46,310.12,384.93,0,0,0,,,,,0,0,6.11
01/07/2014,19:34:14,407.52,301.31,384.4,0,0,0,,,,,0,0,6.11
01/07/2014,19:39:14,406.98,303.69,380.34,0,0,0,,,,,0,0,6.11
01/07/2014,19:44:14,408.01,306.29,382.47,0,0,0,,,,,0,0,6.11
01/07/2014,19:49:14,406.69,309.85,385.72,0,0,0,,,,,0,0,6.11
01/07/2014,19:54:14,406.48,311.43,385.62,0,0,0,,,,,0,0,6.11
01/07/2014,19:59:14,406.42,311.83,386.5,0,0,0,,,,,0,0,6.11
01/07/2014,20:04:14,405.75,306.03,385.9,0,0,0,,,,,0,0,6.11
01/07/2014,20:09:14,405.83,309.05,384.67,0,0,0,,,,,0,0,6.11
01/07/2014,20:14:14,405.04,309.57,385.43,0,0,0,,,,,0,0,6.11
01/07/2014,20:19:14,402.81,297.96,383.36,0,0,0,,,,,0,0,6.11
01/07/2014,20:24:14,401.17,306.11,381.12,0,0,0,,,,,0,0,6.11
01/07/2014,20:29:14,402.2,297.48,380.73,0,0,0,,,,,0,0,6.11
01/07/2014,20:34:14,402.34,310.63,386.59,0,0,0,,,,,0,0,6.11
01/07/2014,20:39:14,402.38,315.99,384.2,0,0,0,,,,,0,0,6.11
01/07/2014,20:44:14,402.35,315.4,382.98,0,0,0,,,,,0,0,6.11
01/07/2014,20:49:14,402.6,325.78,385.84,0,0,0,,,,,0,0,6.11
01/07/2014,20:54:14,403.16,313.7,386.22,0,0,0,,,,,0,0,6.11
01/07/2014,20:59:14,403.39,316.23,384.94,0,0,0,,,,,0,0,6.11
01/07/2014,21:04:14,404.16,330.99,384.89,0,0,0,,,,,0,0,6.11
01/07/2014,21:09:14,404.05,331.2,384.49,0,0,0,,,,,0,0,6.11
01/07/2014,21:14:14,404.06,331.57,384.55,0,0,0,,,,,0,0,6.11
01/07/2014,21:19:14,405.17,332.46,385.32,0,0,0,,,,,0,0,6.11
01/07/2014,21:24:14,406.21,332.79,386.25,0,0,0,,,,,0,0,6.11
01/07/2014,21:29:14,404.77,283.27,386.37,0,0,0,,,,,0,0,6.11
01/07/2014,21:34:14,406.34,329.49,390.36,0,0,0,,,,,0,0,6.11
01/07/2014,21:39:14,406.56,328.59,389.7,0,0,0,,,,,0,0,6.11
01/07/2014,21:44:14,406.31,328.02,389.81,0,0,0,,,,,0,0,6.11
01/07/2014,21:49:14,407.26,338.56,389.21,0,0,0,,,,,0,0,6.11
01/07/2014,21:54:14,407.81,320.26,398.56,0,0,0,,,,,0,0,6.11
01/07/2014,21:59:14,407.71,334.69,391.34,0,0,0,,,,,0,0,6.11
01/07/2014,22:04:14,405.77,310.19,394.55,0,0,0,,,,,0,0,6.11
01/07/2014,22:09:14,406.34,337.82,390.15,0,0,0,,,,,0,0,6.11
01/07/2014,22:14:14,407.38,350.21,394.11,0,0,0,,,,,0,0,6.11
01/07/2014,22:19:14,406.81,356.56,392.39,0,0,0,,,,,0,0,6.11
01/07/2014,22:24:14,406.91,348.21,393.88,0,0,0,,,,,0,0,6.11
01/07/2014,22:29:14,406.74,347.71,395.31,0,0,0,,,,,0,0,6.11
01/07/2014,22:34:14,407.28,346.68,394.7,0,0,0,,,,,0,0,6.11
01/07/2014,22:39:14,407.56,342.16,391.31,0,0,0,,,,,0,0,6.11
01/07/2014,22:44:14,406.73,341.86,391.47,0,0,0,,,,,0,0,6.11
01/07/2014,22:49:14,407.93,355.79,393.27,0,0,0,,,,,0,0,6.11
01/07/2014,22:54:14,407.98,337.65,391.91,0,0,0,,,,,0,0,6.11
01/07/2014,22:59:14,408.17,333.81,395.06,0,0,0,,,,,0,0,6.11
01/07/2014,23:04:14,408.07,353.47,393.68,0,0,0,,,,,0,0,6.11
01/07/2014,23:09:14,409.16,355.25,393.76,0,0,0,,,,,0,0,6.11
01/07/2014,23:14:14,409.27,344.48,392.78,0,0,0,,,,,0,0,6.11
01/07/2014,23:19:14,407.53,342.63,390.72,0,0,0,,,,,0,0,6.11
01/07/2014,23:24:14,407.56,343.82,391.76,0,0,0,,,,,0,0,6.11
01/07/2014,23:29:14,407.4,339.74,390.22,0,0,0,,,,,0,0,6.11
01/07/2014,23:34:14,407.84,339.55,391.41,0,0,0,,,,,0,0,6.11
01/07/2014,23:39:14,406.11,343.16,400.63,0,0,0,,,,,0,0,6.11
01/07/2014,23:44:14,406.85,342.97,399.27,0,0,0,,,,,0,0,6.11
01/07/2014,23:49:14,407.21,337.82,395.74,0,0,0,,,,,0,0,6.11
01/07/2014,23:54:14,407.24,348.81,392.31,0,0,0,,,,,0,0,6.11
01/07/2014,23:59:14,407.91,351.8,392.46,0,0,0,,,,,0,0,6.11
02/07/2014,00:04:14,407.17,353.36,394.59,0,0,0,,,,,0,0,6.11
02/07/2014,00:09:14,408.58,355.36,393.81,0,0,0,,,,,0,0,6.11
02/07/2014,00:14:14,408.14,355.73,393.74,0,0,0,,,,,0,0,6.11
02/07/2014,00:19:14,408.5,353.89,395.19,0,0,0,,,,,0,0,6.11
02/07/2014,00:24:14,408.34,355.26,394.1,0,0,0,,,,,0,0,6.11
02/07/2014,00:29:14,408.71,357.67,395.2,0,0,0,,,,,0,0,6.11
02/07/2014,00:34:14,408.13,353.92,393.36,0,0,0,,,,,0,0,6.11
02/07/2014,00:39:14,408.92,352.85,392.56,0,0,0,,,,,0,0,6.11
02/07/2014,00:44:14,409.02,352.34,393.22,0,0,0,,,,,0,0,6.11
02/07/2014,00:49:14,409.11,359.4,395.21,0,0,0,,,,,0,0,6.11
02/07/2014,00:54:14,409.51,358.97,396.05,0,0,0,,,,,0,0,6.11
02/07/2014,00:59:14,408.81,358.36,395.1,0,0,0,,,,,0,0,6.11
02/07/2014,01:04:14,408.12,357.1,394.17,0,0,0,,,,,0,0,6.11
02/07/2014,01:09:14,408.19,356.32,393.55,0,0,0,,,,,0,0,6.11
02/07/2014,01:14:14,408.02,355.96,393.94,0,0,0,,,,,0,0,6.11
02/07/2014,01:19:14,407.83,355.11,393.13,0,0,0,,,,,0,0,6.11
02/07/2014,01:24:14,407.59,352.4,392.97,0,0,0,,,,,0,0,6.11
02/07/2014,01:29:14,407.95,352.41,393.28,0,0,0,,,,,0,0,6.11
02/07/2014,01:34:14,408.23,351.56,394.55,0,0,0,,,,,0,0,6.11
02/07/2014,01:39:14,408.41,340.54,394.1,0,0,0,,,,,0,0,6.11
02/07/2014,01:44:14,407.93,350.56,393.81,0,0,0,,,,,0,0,6.11
02/07/2014,01:49:14,408.72,351.8,393.98,0,0,0,,,,,0,0,6.11
02/07/2014,01:54:14,408.96,350.6,393.62,0,0,0,,,,,0,0,6.11
02/07/2014,01:59:14,408.32,351.45,393.74,0,0,0,,,,,0,0,6.11
02/07/2014,02:04:14,407.84,351.69,393.81,0,0,0,,,,,0,0,6.11
02/07/2014,02:09:14,408.83,352.6,393.96,0,0,0,,,,,0,0,6.11
02/07/2014,02:14:14,409.36,350.47,393.14,0,0,0,,,,,0,0,6.11
02/07/2014,02:19:14,409.04,351.31,393.52,0,0,0,,,,,0,0,6.11
02/07/2014,02:24:14,409.2,351.94,394.18,0,0,0,,,,,0,0,6.11
02/07/2014,02:29:14,409,350.13,393.35,0,0,0,,,,,0,0,6.11
02/07/2014,02:34:14,408.94,345.73,391.57,0,0,0,,,,,0,0,6.11
02/07/2014,02:39:14,409.12,349.22,393.01,0,0,0,,,,,0,0,6.11
02/07/2014,02:44:14,409.7,350.74,393.52,0,0,0,,,,,0,0,6.11
02/07/2014,02:49:14,409.67,352.86,393.7,0,0,0,,,,,0,0,6.11
02/07/2014,02:54:14,409.96,349.78,393.62,0,0,0,,,,,0,0,6.11
02/07/2014,02:59:14,409.66,349.54,393.09,0,0,0,,,,,0,0,6.11
02/07/2014,03:04:14,409.58,350,393.25,0,0,0,,,,,0,0,6.11
02/07/2014,03:09:14,409.75,349.08,393.36,0,0,0,,,,,0,0,6.11
02/07/2014,03:14:14,409.99,347.89,393.14,0,0,0,,,,,0,0,6.11
02/07/2014,03:19:14,410.22,347.76,393.17,0,0,0,,,,,0,0,6.11
02/07/2014,03:24:14,409.96,348.13,392.45,0,0,0,,,,,0,0,6.11
02/07/2014,03:29:14,409.66,347.4,392.25,0,0,0,,,,,0,0,6.11
02/07/2014,03:34:14,409.96,346.72,392.15,0,0,0,,,,,0,0,6.11
02/07/2014,03:39:14,409.35,347.6,391.54,0,0,0,,,,,0,0,6.11
02/07/2014,03:44:14,409.81,344.03,391.98,0,0,0,,,,,0,0,6.11
02/07/2014,03:49:14,409.34,344.82,392.41,0,0,0,,,,,0,0,6.11
02/07/2014,03:54:14,409.73,348.07,393.04,0,0,0,,,,,0,0,6.11
02/07/2014,03:59:14,409.65,346.66,392.27,0,0,0,,,,,0,0,6.11
02/07/2014,04:04:14,409.26,350.11,393.63,0,0,0,,,,,0,0,6.11
02/07/2014,04:09:14,409.4,350.04,393.58,0,0,0,,,,,0,0,6.11
02/07/2014,04:14:14,409.43,352.54,394.27,0,0,0,,,,,0,0,6.11
02/07/2014,04:19:14,409.59,349.36,394.25,0,0,0,,,,,0,0,6.11
02/07/2014,04:24:14,409.71,349.72,394.96,0,0,0,,,,,0,0,6.11
02/07/2014,04:29:14,409.71,349.94,394.74,0,0,0,,,,,0,0,6.11
02/07/2014,04:34:14,409.05,348.97,394.02,0,0,0,,,,,0,0,6.11
02/07/2014,04:39:14,408.49,358.87,395.49,0,0,0,,,,,0,0,6.11
02/07/2014,04:44:14,408.42,346.57,393.5,0,0,0,,,,,0,0,6.11
02/07/2014,04:49:14,408.13,340.02,390.54,0,0,0,,,,,0,0,6.11
02/07/2014,04:54:14,408.44,344.29,393.3,0,0,0,,,,,0,0,6.11
02/07/2014,04:59:14,408.51,344.29,393.42,0,0,0,,,,,0,0,6.11
02/07/2014,05:04:14,408.59,343.43,392.86,0,0,0,,,,,0,0,6.11
02/07/2014,05:09:14,408.24,344.14,392.98,0,0,0,,,,,0,0,6.11
02/07/2014,05:14:14,407.64,343.27,393.14,0,0,0,,,,,0,0,6.11
02/07/2014,05:19:14,407.6,335.55,390.47,0,0,0,,,,,0,0,6.11
02/07/2014,05:24:14,407.23,337.91,391.62,0,0,0,,,,,0,0,6.11
02/07/2014,05:29:14,406.64,341.19,390.08,0,0,0,,,,,0,0,6.11
02/07/2014,05:34:14,406.9,342.12,393.52,0,0,0,,,,,0,0,6.11
02/07/2014,05:39:14,406.5,337.66,390.16,0,0,0,,,,,0,0,6.11
02/07/2014,05:44:14,406.46,338.07,390.4,0,0,0,,,,,0,0,6.11
02/07/2014,05:49:14,406,337.16,390.7,0,0,0,,,,,0,0,6.11
02/07/2014,05:54:14,406.53,330.83,389.36,0,0,0,,,,,0,0,6.11
02/07/2014,05:59:14,406.14,332.37,389.01,0,0,0,,,,,0,0,6.11
02/07/2014,06:04:14,405.33,334.35,389.12,0,0,0,,,,,0,0,6.11
02/07/2014,06:09:14,403.55,333.91,388.5,0,0,0,,,,,0,0,6.11
02/07/2014,06:14:14,406.1,342.76,394.43,0,0,0,,,,,0,0,6.11
02/07/2014,06:19:14,406.27,339.58,389.46,0,0,0,,,,,0,0,6.11
02/07/2014,06:24:14,406.19,337.94,388.88,0,0,0,,,,,0,0,6.11
02/07/2014,06:29:14,405.2,336.79,388.53,0,0,0,,,,,0,0,6.11
02/07/2014,06:34:14,405.86,335.89,389.59,0,0,0,,,,,0,0,6.11
02/07/2014,06:39:14,403.99,334.24,387.14,0,0,0,,,,,0,0,6.11
02/07/2014,06:44:14,405.14,344.72,391.78,0,0,0,,,,,0,0,6.11
02/07/2014,06:49:14,406.78,347.56,394.6,0,0,0,,,,,0,0,6.11
02/07/2014,06:54:14,405.69,347.23,396.14,0,0,0,,,,,0,0,6.11
02/07/2014,06:59:14,404.61,344.23,394.33,0,0,0,,,,,0,0,6.11
02/07/2014,07:04:14,405.03,340.13,386.8,0,0,0,,,,,0,0,6.11
02/07/2014,07:09:14,405.35,347.21,396.47,0,0,0,,,,,0,0,6.11
02/07/2014,07:14:14,405.49,346.47,396.62,0,0,0,,,,,0,0,6.11
02/07/2014,07:19:14,405.87,322.86,386.53,0,0,0,,,,,0,0,6.11
02/07/2014,07:24:14,406.23,323.81,386.75,0,0,0,,,,,0,0,6.11
02/07/2014,07:29:14,406.13,323.44,386.2,0,0,0,,,,,0,0,6.11
02/07/2014,07:34:14,404.92,310.62,378.43,0,0,0,,,,,0,0,6.11
02/07/2014,07:39:14,406.33,339.97,389.09,0,0,0,,,,,0,0,6.11
02/07/2014,07:44:14,405.61,320.1,386.74,0,0,0,,,,,0,0,6.11
02/07/2014,07:49:14,407.65,324.89,388.67,0,0,0,,,,,0,0,6.11
02/07/2014,07:54:14,406.95,324.28,388.22,0,0,0,,,,,0,0,6.11
02/07/2014,07:59:14,406.16,323.18,386.56,0,0,0,,,,,0,0,6.11
02/07/2014,08:04:14,406.97,322.41,386.36,0,0,0,,,,,0,0,6.11
02/07/2014,08:09:14,406.31,321.68,386.05,0,0,0,,,,,0,0,6.11
02/07/2014,08:14:14,405.95,336.18,389.26,0,0,0,,,,,0,0,6.11
02/07/2014,08:19:14,405.15,332.65,388.02,0,0,0,,,,,0,0,6.11
02/07/2014,08:24:14,404.74,356.24,390.89,0,0,0,,,,,0,0,6.11
02/07/2014,08:29:14,405.1,338.96,391.36,0,0,0,,,,,0,0,6.11
02/07/2014,08:34:14,404.86,354.32,391.37,0,0,0,,,,,0,0,6.11
02/07/2014,08:39:14,405.21,332.87,388.06,0,0,0,,,,,0,0,6.11
02/07/2014,08:44:14,406.95,335.89,391.22,0,0,0,,,,,0,0,6.11
02/07/2014,08:49:14,405.91,355.21,390.6,0,0,0,,,,,0,0,6.11
02/07/2014,08:54:14,405.61,334.93,394,0,0,0,,,,,0,0,6.11
02/07/2014,08:59:14,404.83,339.32,386.63,0,0,0,,,,,0,0,6.11
02/07/2014,09:04:14,405.18,338.54,386.86,0,0,0,,,,,0,0,6.11
02/07/2014,09:09:14,406.57,332.61,389.75,0,0,0,,,,,0,0,6.11
02/07/2014,09:14:14,407.6,346.58,391.03,0,0,0,,,,,0,0,6.11
02/07/2014,09:19:14,407.42,348.25,390.95,0,0,0,,,,,0,0,6.11
02/07/2014,09:24:14,405.87,342.7,389.47,0,0,0,,,,,0,0,6.11
02/07/2014,09:29:14,406.44,340.43,388.97,0,0,0,,,,,0,0,6.11
02/07/2014,09:34:14,406.06,344.71,388.75,0,0,0,,,,,0,0,6.11
02/07/2014,09:39:14,405.5,346.31,388.73,0,0,0,,,,,0,0,6.11
02/07/2014,09:44:14,405.39,343.77,389.06,0,0,0,,,,,0,0,6.11
02/07/2014,09:49:14,403.83,343.92,388.46,0,0,0,,,,,0,0,6.11
02/07/2014,09:54:14,405.62,331.6,388.61,0,0,0,,,,,0,0,6.11
02/07/2014,09:59:14,409.48,348.4,392.34,3.86,3.83,4.19,,,,,2660.46,2.66046,6.34
02/07/2014,10:04:14,405,325.27,391.44,0,0,0,,,,,0,0,6.34
02/07/2014,10:09:14,403.27,319.74,386.26,0,0,0,,,,,0,0,6.34
02/07/2014,10:14:14,403.3,313.69,383.6,0,0,0,,,,,0,0,6.34
02/07/2014,10:19:14,403.18,336.2,385.82,0,0,0,,,,,0,0,6.34
02/07/2014,10:24:14,402.78,335.68,384.34,0,0,0,,,,,0,0,6.34
02/07/2014,10:29:14,404.08,336.25,384.48,0,0,0,,,,,0,0,6.34
02/07/2014,10:34:14,405.29,336.23,385.53,0,0,0,,,,,0,0,6.34
02/07/2014,10:39:14,405.31,336.05,385.59,0,0,0,,,,,0,0,6.34
02/07/2014,10:44:14,404.26,334.66,384.19,0,0,0,,,,,0,0,6.34
02/07/2014,10:49:14,404.65,333.88,384.27,0,0,0,,,,,0,0,6.34
02/07/2014,10:54:14,404.57,332.17,384.27,0,0,0,,,,,0,0,6.34
02/07/2014,10:59:14,403.26,331.35,382.83,0,0,0,,,,,0,0,6.34
02/07/2014,11:04:14,403.45,333.65,383.29,0,0,0,,,,,0,0,6.34
02/07/2014,11:09:14,404.71,353.24,388.9,0,0,0,,,,,0,0,6.34
02/07/2014,11:14:14,405.67,337.51,386.34,2.11,2.1,2.54,,,,,1477.66,1.47766,6.46
02/07/2014,11:19:14,403.73,334.13,383.46,0,0,0,,,,,0,0,6.46
02/07/2014,11:24:14,403.27,334.49,383.53,0,0,0,,,,,0,0,6.46
02/07/2014,11:29:14,403.82,333.47,383.38,0,0,0,,,,,0,0,6.46
02/07/2014,11:34:14,404.32,334,383.92,0,0,0,,,,,0,0,6.46
02/07/2014,11:39:14,404.44,334.26,384.22,0,0,0,,,,,0,0,6.46
02/07/2014,11:44:14,404.74,333.55,384.39,0,0,0,,,,,0,0,6.46
02/07/2014,11:49:14,410.13,339.63,389.49,4.62,4.63,4.94,,,,,3116.57,3.11657,6.72
02/07/2014,11:54:14,407.96,336.8,386.89,3.33,3.33,3.65,,,,,2252.67,2.25267,6.91
02/07/2014,11:59:14,407.41,338.15,386.47,3.06,3.07,3.38,,,,,2072.87,2.07287,7.08
02/07/2014,12:04:14,407.88,337.54,387.49,2.84,2.88,3.17,,,,,1940.84,1.94084,7.24
02/07/2014,12:09:14,409.13,339.64,388.3,4.07,4.1,4.38,,,,,2748.84,2.74884,7.47
02/07/2014,12:14:14,408.59,336.91,387.18,3.41,3.41,3.74,,,,,2316.94,2.31694,7.66
02/07/2014,12:19:14,408.12,337.54,387.39,3.26,3.29,3.59,,,,,2213.86,2.21386,7.85
02/07/2014,12:24:14,408.59,337.28,387.35,3.88,3.9,4.2,,,,,2623.36,2.62336,8.07
02/07/2014,12:29:14,408.58,336.88,387.39,4.22,4.2,4.52,,,,,2831.88,2.83188,8.3
02/07/2014,12:34:14,408.63,336.52,387.65,4.66,4.69,4.95,,,,,3120.64,3.12064,8.56
02/07/2014,12:39:14,406.78,375.37,396.42,3.8,3.79,4.12,,,,,2689.24,2.68924,8.79
02/07/2014,12:44:14,402.88,367.7,390.85,0,0,0,,,,,0,0,8.79
02/07/2014,12:49:14,402.61,341.71,385.42,0,0,0,,,,,0,0,8.79
02/07/2014,12:54:14,409.77,348.69,391.92,5.19,5.23,5.49,,,,,3531.15,3.53115,9.08
02/07/2014,12:59:14,409.98,371.03,397.47,5.39,5.39,5.66,,,,,3753.31,3.75331,9.39
02/07/2014,13:04:14,409.35,369.63,395.95,3.86,3.83,4.2,,,,,2728.65,2.72865,9.62
02/07/2014,13:09:14,404,362.87,390.21,0,0,0,,,,,0,0,9.62
02/07/2014,13:14:14,407.43,341.59,389.12,3.68,3.68,3.99,,,,,2499.5,2.4995,9.83
02/07/2014,13:19:14,410.34,368.04,395.85,4.89,4.86,5.2,,,,,3421.13,3.42113,10.11
02/07/2014,13:24:14,409.68,373.63,396.94,5.64,5.63,5.96,,,,,3954.82,3.95482,10.44
02/07/2014,13:29:14,404.8,361.09,389.95,1.61,1.54,1.95,,,,,1160.21,1.16021,10.54
02/07/2014,13:34:14,411.6,372.12,397.21,6.47,6.45,6.74,,,,,4510.31,4.51031,10.92
02/07/2014,13:39:14,410.42,372.94,397.22,5.86,5.86,6.16,,,,,4095.74,4.09574,11.26
02/07/2014,13:44:14,410.17,370.93,396.23,5.07,5.03,5.39,,,,,3547.91,3.54791,11.55
02/07/2014,13:49:14,408.5,368.11,394.98,3.42,3.36,3.74,,,,,2411.89,2.41189,11.75
02/07/2014,13:54:14,405.71,363.26,392.21,0,0,0,,,,,0,0,11.75
02/07/2014,13:59:14,411.82,375.67,399.51,4.94,4.93,5.28,,,,,3499.74,3.49974,12.05
02/07/2014,14:04:14,406.98,330.52,390.26,0,0,0,,,,,0,0,12.05
02/07/2014,14:09:14,404.84,360.69,388.35,0,0,0,,,,,0,0,12.05
02/07/2014,14:14:14,412.31,365.2,395.8,5.14,5.07,5.48,,,,,3595.61,3.59561,12.35
02/07/2014,14:19:14,412.94,364.76,396.01,6.22,6.21,6.51,,,,,4314.33,4.31433,12.71
02/07/2014,14:24:14,405.9,351.59,387.39,0,0,0,,,,,0,0,12.71
02/07/2014,14:29:14,406.34,350.91,387.14,0,0,0,,,,,0,0,12.71
02/07/2014,14:34:14,412.45,362.45,394.78,5.44,5.38,5.76,,,,,3783.86,3.78386,13.02
02/07/2014,14:39:14,406,354.1,388.54,0,0,0,,,,,0,0,13.02
02/07/2014,14:44:14,412.52,359.97,394.64,5.6,5.51,5.91,,,,,3868.86,3.86886,13.34
02/07/2014,14:49:14,413.85,359.73,395.03,6.03,6.01,6.33,,,,,4173.99,4.17399,13.69
02/07/2014,14:54:14,405.23,344.05,384.71,0,0,0,,,,,0,0,13.69
02/07/2014,14:59:14,407.49,352.03,390.21,1.18,1.1,1.55,,,,,862.44,0.86244,13.76
02/07/2014,15:04:14,410.44,356.54,391.18,4.41,4.35,4.71,,,,,3048.94,3.04894,14.02
02/07/2014,15:09:14,412.26,354.32,392.2,5.6,5.53,5.89,,,,,3844.65,3.84465,14.34
02/07/2014,15:14:14,410.91,352.86,392.46,5.16,5.04,5.52,,,,,3551.76,3.55176,14.63
02/07/2014,15:19:14,405.23,365.1,391.17,0,0,0,,,,,0,0,14.63
02/07/2014,15:24:14,406.29,364.22,391.68,0,0,0,,,,,0,0,14.63
02/07/2014,15:29:14,405.37,366.83,392.38,0,0,0,,,,,0,0,14.63
02/07/2014,15:34:14,406.39,366.17,393.08,0,0,0,,,,,0,0,14.63
02/07/2014,15:39:14,406.52,353.81,389.82,0,0,0,,,,,0,0,14.63
02/07/2014,15:44:14,404.84,334.07,390.41,0,0,0,,,,,0,0,14.63
02/07/2014,15:49:14,409.31,341.61,392.51,2.16,2.06,2.54,,,,,1525.56,1.52556,14.76
02/07/2014,15:54:14,406.91,322.79,390.94,0,0,1.09,,,,,302.14,0.30214,14.79
02/07/2014,15:59:14,405.94,350.89,389.34,0,0,0,,,,,0,0,14.79
02/07/2014,16:04:14,406.34,350.91,387.66,0,0,0,,,,,0,0,14.79
02/07/2014,16:09:14,406.43,349.38,387.41,0,0,0,,,,,0,0,14.79
02/07/2014,16:14:14,405.69,344.05,385.31,0,0,0,,,,,0,0,14.79
02/07/2014,16:19:14,412.28,350.01,392.44,4.66,4.61,5.04,,,,,3211.21,3.21121,15.05
02/07/2014,16:24:14,410,339.24,394.58,2.81,2.72,3.17,,,,,1941.66,1.94166,15.22
02/07/2014,16:29:14,405.92,334.24,384.87,0,0,0,,,,,0,0,15.22
02/07/2014,16:34:14,406.74,334.54,385.96,0,0,0,,,,,0,0,15.22
02/07/2014,16:39:14,406.31,321.47,388.03,0,0,0,,,,,0,0,15.22
02/07/2014,16:44:14,406.31,322.74,387.45,0,0,0,,,,,0,0,15.22
02/07/2014,16:49:14,406.6,360.21,391.78,0,0,0,,,,,0,0,15.22
02/07/2014,16:54:14,407.45,359.89,391.87,0,0,0,,,,,0,0,15.22
02/07/2014,16:59:14,410.63,363.23,395.38,2.27,2.14,2.68,,,,,1656.35,1.65635,15.35
02/07/2014,17:04:14,412.24,365.13,396.67,4.16,4.13,4.54,,,,,2950.18,2.95018,15.6
02/07/2014,17:09:14,412.14,366.49,397.32,4.62,4.55,4.97,,,,,3252.06,3.25206,15.87
02/07/2014,17:14:14,412.84,339.73,397.94,4.1,4.06,4.47,,,,,2814.61,2.81461,16.1
02/07/2014,17:19:14,411.94,321.37,394.26,3.73,3.63,4.06,,,,,2482.58,2.48258,16.31
02/07/2014,17:24:14,408.23,335.44,390.2,0,0,0,,,,,0,0,16.31
02/07/2014,17:29:14,406.32,323.33,388.47,0,0,0,,,,,0,0,16.31
02/07/2014,17:34:14,403.82,347.19,386.71,0,0,0,,,,,0,0,16.31
02/07/2014,17:39:14,404.22,347.9,386.66,0,0,0,,,,,0,0,16.31
02/07/2014,17:44:14,403.68,338.33,384.48,0,0,0,,,,,0,0,16.31
02/07/2014,17:49:14,403.69,350.15,386.7,0,0,0,,,,,0,0,16.31
02/07/2014,17:54:14,404.62,339.09,389.64,0,0,0,,,,,0,0,16.31
02/07/2014,17:59:14,404.3,328.32,383.86,0,0,0,,,,,0,0,16.31
02/07/2014,18:04:14,404.99,329.79,384.76,0,0,0,,,,,0,0,16.31
02/07/2014,18:09:14,405.56,331.17,385.69,0,0,0,,,,,0,0,16.31
02/07/2014,18:14:14,405.61,330.86,385.71,0,0,0,,,,,0,0,16.31
02/07/2014,18:19:14,406.3,331.58,385.92,0,0,0,,,,,0,0,16.31
02/07/2014,18:24:14,406,358,391.5,0,0,0,,,,,0,0,16.31
02/07/2014,18:29:14,406.75,342.9,388.99,0,0,0,,,,,0,0,16.31
02/07/2014,18:34:14,405.75,341.62,388.12,0,0,0,,,,,0,0,16.31
02/07/2014,18:39:14,406.92,341.03,388.58,0,0,0,,,,,0,0,16.31
02/07/2014,18:44:14,406.69,339.13,388.27,0,0,0,,,,,0,0,16.31
02/07/2014,18:49:14,406.57,338.74,395.24,0,0,0,,,,,0,0,16.31
02/07/2014,18:54:14,407.96,364.02,394.94,0,0,0,,,,,0,0,16.31
02/07/2014,18:59:14,406.12,341.42,388.51,0,0,0,,,,,0,0,16.31
02/07/2014,19:04:14,405.09,355.99,393.21,0,0,0,,,,,0,0,16.31
02/07/2014,19:09:14,406.48,335.16,389.19,0,0,0,,,,,0,0,16.31
02/07/2014,19:14:14,407.83,360.05,394.25,0,0,0,,,,,0,0,16.31
02/07/2014,19:19:14,405.81,359.18,392.16,0,0,0,,,,,0,0,16.31
02/07/2014,19:24:14,406.93,351.15,390.04,0,0,0,,,,,0,0,16.31
02/07/2014,19:29:14,406.72,353.82,391.16,0,0,0,,,,,0,0,16.31
02/07/2014,19:34:14,407.11,346.84,388.82,0,0,0,,,,,0,0,16.31
02/07/2014,19:39:14,406.21,346.45,390.02,0,0,0,,,,,0,0,16.31
02/07/2014,19:44:14,407.39,334.17,387.98,0,0,0,,,,,0,0,16.31
02/07/2014,19:49:14,406.5,340.02,388.93,0,0,0,,,,,0,0,16.31
02/07/2014,19:54:14,407.64,334.67,388.82,0,0,0,,,,,0,0,16.31
02/07/2014,19:59:14,407.26,340.88,389.39,0,0,0,,,,,0,0,16.31
02/07/2014,20:04:14,407.87,340.85,389.48,0,0,0,,,,,0,0,16.31
02/07/2014,20:09:14,407.56,346.97,389.56,0,0,0,,,,,0,0,16.31
02/07/2014,20:14:14,406.34,344.82,387.98,0,0,0,,,,,0,0,16.31
02/07/2014,20:19:14,405.57,336.15,386.68,0,0,0,,,,,0,0,16.31
02/07/2014,20:24:14,404.65,333.44,387.63,0,0,0,,,,,0,0,16.31
02/07/2014,20:29:14,403.8,330.44,386.27,0,0,0,,,,,0,0,16.31
02/07/2014,20:34:14,404.44,340.31,385.38,0,0,0,,,,,0,0,16.31
02/07/2014,20:39:14,404.08,340.18,386.3,0,0,0,,,,,0,0,16.31
02/07/2014,20:44:14,403.89,339.64,385.4,0,0,0,,,,,0,0,16.31
02/07/2014,20:49:14,404.54,340.03,385.49,0,0,0,,,,,0,0,16.31
02/07/2014,20:54:14,405.65,339.86,386.03,0,0,0,,,,,0,0,16.31
02/07/2014,20:59:14,406.12,339.94,386.54,0,0,0,,,,,0,0,16.31
02/07/2014,21:04:14,405.64,346.52,389.27,0,0,0,,,,,0,0,16.31
02/07/2014,21:09:14,405.55,357.59,391.06,0,0,0,,,,,0,0,16.31
02/07/2014,21:14:14,406.74,350.29,391.07,0,0,0,,,,,0,0,16.31
02/07/2014,21:19:14,406.31,335.72,389.63,0,0,0,,,,,0,0,16.31
02/07/2014,21:24:14,406.64,339.42,390.14,0,0,0,,,,,0,0,16.31
02/07/2014,21:29:14,407.08,336.2,391.26,0,0,0,,,,,0,0,16.31
02/07/2014,21:34:14,407.03,337.57,392,0,0,0,,,,,0,0,16.31
02/07/2014,21:39:14,407.73,358.45,393.11,0,0,0,,,,,0,0,16.31
02/07/2014,21:44:14,407.58,338.13,390.86,0,0,0,,,,,0,0,16.31
02/07/2014,21:49:14,408.02,338.01,391.54,0,0,0,,,,,0,0,16.31
02/07/2014,21:54:14,408.3,355.99,393.32,0,0,0,,,,,0,0,16.31
02/07/2014,21:59:14,409.02,356.04,393.56,0,0,0,,,,,0,0,16.31
02/07/2014,22:04:14,404.65,353.98,390.32,0,0,0,,,,,0,0,16.31
02/07/2014,22:09:14,404.22,354.05,390.28,0,0,0,,,,,0,0,16.31
02/07/2014,22:14:14,403.59,353.62,389.28,0,0,0,,,,,0,0,16.31
02/07/2014,22:19:14,403.37,353.56,389.25,0,0,0,,,,,0,0,16.31
02/07/2014,22:24:14,404.61,355.41,389.94,0,0,0,,,,,0,0,16.31
02/07/2014,22:29:14,404.6,352.82,391.22,0,0,0,,,,,0,0,16.31
02/07/2014,22:34:14,405.09,354.63,389.77,0,0,0,,,,,0,0,16.31
02/07/2014,22:39:14,405.45,355.07,390.18,0,0,0,,,,,0,0,16.31
02/07/2014,22:44:14,404.57,351.82,388.57,0,0,0,,,,,0,0,16.31
02/07/2014,22:49:14,405.05,354.33,390.71,0,0,0,,,,,0,0,16.31
02/07/2014,22:54:14,405.82,355.4,390.1,0,0,0,,,,,0,0,16.31
02/07/2014,22:59:14,406.35,355.85,391.04,0,0,0,,,,,0,0,16.31
02/07/2014,23:04:14,406.64,357.14,391.21,0,0,0,,,,,0,0,16.31
02/07/2014,23:09:14,408.02,355.28,392.02,0,0,0,,,,,0,0,16.31
02/07/2014,23:14:14,407.63,338.96,388.94,0,0,0,,,,,0,0,16.31
02/07/2014,23:19:14,407.48,353.4,390.89,0,0,0,,,,,0,0,16.31
02/07/2014,23:24:14,406.31,353.39,389.88,0,0,0,,,,,0,0,16.31
02/07/2014,23:29:14,405.69,352.04,389.01,0,0,0,,,,,0,0,16.31
02/07/2014,23:34:14,406.95,353,390.14,0,0,0,,,,,0,0,16.31
02/07/2014,23:39:14,406.34,353.15,390.02,0,0,0,,,,,0,0,16.31
02/07/2014,23:44:14,405.66,349.83,387.92,0,0,0,,,,,0,0,16.31
02/07/2014,23:49:14,405.75,351.77,388.87,0,0,0,,,,,0,0,16.31
02/07/2014,23:54:14,406.5,349.39,388.84,0,0,0,,,,,0,0,16.31
02/07/2014,23:59:14,406.23,352.09,389.89,0,0,0,,,,,0,0,16.31
03/07/2014,00:04:14,407.13,353.22,390.75,0,0,0,,,,,0,0,16.31
03/07/2014,00:09:14,407.03,354.13,390.67,0,0,0,,,,,0,0,16.31
03/07/2014,00:14:14,405.83,352.82,390.65,0,0,0,,,,,0,0,16.31
03/07/2014,00:19:14,407.25,354.32,390.83,0,0,0,,,,,0,0,16.31
03/07/2014,00:24:14,407.33,350.69,390.82,0,0,0,,,,,0,0,16.31
03/07/2014,00:29:14,407.36,350.89,390.88,0,0,0,,,,,0,0,16.31
03/07/2014,00:34:14,407.53,354.22,390.95,0,0,0,,,,,0,0,16.31
03/07/2014,00:39:14,407.21,353.95,390.82,0,0,0,,,,,0,0,16.31
03/07/2014,00:44:14,405.74,352.28,389.08,0,0,0,,,,,0,0,16.31
03/07/2014,00:49:14,405.3,351.2,388.25,0,0,0,,,,,0,0,16.31
03/07/2014,00:54:14,406.23,352.61,389.54,0,0,0,,,,,0,0,16.31
03/07/2014,00:59:14,406.6,353.1,390.15,0,0,0,,,,,0,0,16.31
03/07/2014,01:04:14,406.22,352.44,389.42,0,0,0,,,,,0,0,16.31
03/07/2014,01:09:14,406.47,352.01,389.24,0,0,0,,,,,0,0,16.31
03/07/2014,01:14:14,406.15,351.7,388.95,0,0,0,,,,,0,0,16.31
03/07/2014,01:19:14,405.84,352.29,389.26,0,0,0,,,,,0,0,16.31
03/07/2014,01:24:14,405.47,350.33,388.85,0,0,0,,,,,0,0,16.31
03/07/2014,01:29:14,405.8,347.93,388.98,0,0,0,,,,,0,0,16.31
03/07/2014,01:34:14,406.67,328.19,385.64,0,0,0,,,,,0,0,16.31
03/07/2014,01:39:14,406,351.05,388.58,0,0,0,,,,,0,0,16.31
03/07/2014,01:44:14,406.59,351.36,389.62,0,0,0,,,,,0,0,16.31
03/07/2014,01:49:14,406.05,330.79,388.75,0,0,0,,,,,0,0,16.31
03/07/2014,01:54:14,406.17,351.31,388.95,0,0,0,,,,,0,0,16.31
03/07/2014,01:59:14,406.81,352.52,389.7,0,0,0,,,,,0,0,16.31
03/07/2014,02:04:14,407.09,353.91,389.94,0,0,0,,,,,0,0,16.31
03/07/2014,02:09:14,406.88,353.26,389.56,0,0,0,,,,,0,0,16.31
03/07/2014,02:14:14,406.39,354.63,390.01,0,0,0,,,,,0,0,16.31
03/07/2014,02:19:14,406.66,354.9,390.4,0,0,0,,,,,0,0,16.31
03/07/2014,02:24:14,408,354.27,390.92,0,0,0,,,,,0,0,16.31
03/07/2014,02:29:14,407.7,351.26,390.07,0,0,0,,,,,0,0,16.31
03/07/2014,02:34:14,407.77,348.67,390.51,0,0,0,,,,,0,0,16.31
03/07/2014,02:39:14,407.32,333.27,387.75,0,0,0,,,,,0,0,16.31
03/07/2014,02:44:14,407.77,346.21,389.59,0,0,0,,,,,0,0,16.31
03/07/2014,02:49:14,407.65,333.76,390.24,0,0,0,,,,,0,0,16.31
03/07/2014,02:54:14,407.34,330.68,388.89,0,0,0,,,,,0,0,16.31
03/07/2014,02:59:14,408.03,337.14,388.65,0,0,0,,,,,0,0,16.31
03/07/2014,03:04:14,408.52,334.38,388.47,0,0,0,,,,,0,0,16.31
03/07/2014,03:09:14,408.34,334.92,388.46,0,0,0,,,,,0,0,16.31
03/07/2014,03:14:14,408.42,331.54,389.27,0,0,0,,,,,0,0,16.31
03/07/2014,03:19:14,407.91,332.24,387.98,0,0,0,,,,,0,0,16.31
03/07/2014,03:24:14,408.08,332.94,388.88,0,0,0,,,,,0,0,16.31
03/07/2014,03:29:14,408.81,360.55,394,0,0,0,,,,,0,0,16.31
03/07/2014,03:34:14,408.55,327.71,388.27,0,0,0,,,,,0,0,16.31
03/07/2014,03:39:14,408.4,333.56,389.9,0,0,0,,,,,0,0,16.31
03/07/2014,03:44:14,408.37,335.3,391.26,0,0,0,,,,,0,0,16.31
03/07/2014,03:49:14,407.66,339.71,390.05,0,0,0,,,,,0,0,16.31
03/07/2014,03:54:14,407.74,348.55,390.13,0,0,0,,,,,0,0,16.31
03/07/2014,03:59:14,408.06,348.71,389.47,0,0,0,,,,,0,0,16.31
03/07/2014,04:04:14,407.39,336.21,395.42,0,0,0,,,,,0,0,16.31
03/07/2014,04:09:14,407.71,332.38,388.63,0,0,0,,,,,0,0,16.31
03/07/2014,04:14:14,407.69,332.73,388.3,0,0,0,,,,,0,0,16.31
03/07/2014,04:19:14,407.41,330.06,389.62,0,0,0,,,,,0,0,16.31
03/07/2014,04:24:14,407.18,329.33,386.56,0,0,0,,,,,0,0,16.31
03/07/2014,04:29:14,406.91,334.29,388.07,0,0,0,,,,,0,0,16.31
03/07/2014,04:34:14,407.86,336.39,388.28,0,0,0,,,,,0,0,16.31
03/07/2014,04:39:14,407.9,329.12,388.65,0,0,0,,,,,0,0,16.31
03/07/2014,04:44:14,407.68,350.12,390.91,0,0,0,,,,,0,0,16.31
03/07/2014,04:49:14,406.84,329.95,386.69,0,0,0,,,,,0,0,16.31
03/07/2014,04:54:14,407.78,328.12,388.73,0,0,0,,,,,0,0,16.31
03/07/2014,04:59:14,406.9,355.7,389.98,0,0,0,,,,,0,0,16.31
03/07/2014,05:04:14,407.09,356.21,392.82,0,0,0,,,,,0,0,16.31
03/07/2014,05:09:14,406.13,328.6,388.71,0,0,0,,,,,0,0,16.31
03/07/2014,05:14:14,406.91,332.55,386.56,0,0,0,,,,,0,0,16.31
03/07/2014,05:19:14,406.58,331.81,385.82,0,0,0,,,,,0,0,16.31
03/07/2014,05:24:14,406.5,340.17,387.53,0,0,0,,,,,0,0,16.31
03/07/2014,05:29:14,405.58,329.8,385.56,0,0,0,,,,,0,0,16.31
03/07/2014,05:34:14,405.06,330.8,384.7,0,0,0,,,,,0,0,16.31
03/07/2014,05:39:14,404.93,338.84,392.74,0,0,0,,,,,0,0,16.31
03/07/2014,05:44:14,404.81,348.92,388.99,0,0,0,,,,,0,0,16.31
03/07/2014,05:49:14,405.02,348.83,388.47,0,0,0,,,,,0,0,16.31
03/07/2014,05:54:14,405.77,348.63,388.14,0,0,0,,,,,0,0,16.31
03/07/2014,05:59:14,405.18,348.93,388,0,0,0,,,,,0,0,16.31
03/07/2014,06:04:14,403.73,346.54,386.63,0,0,0,,,,,0,0,16.31
03/07/2014,06:09:14,402.79,322.77,383.24,0,0,0,,,,,0,0,16.31
03/07/2014,06:14:14,403.27,324.61,381.95,0,0,0,,,,,0,0,16.31
03/07/2014,06:19:14,404.18,324.06,383,0,0,0,,,,,0,0,16.31
03/07/2014,06:24:14,404.98,322.98,384.12,0,0,0,,,,,0,0,16.31
03/07/2014,06:29:14,405.22,353.93,389.44,0,0,0,,,,,0,0,16.31
03/07/2014,06:34:14,406.25,323.9,384.51,0,0,0,,,,,0,0,16.31
03/07/2014,06:39:14,405.7,324.31,384.35,0,0,0,,,,,0,0,16.31
03/07/2014,06:44:14,404.64,322.95,382.99,0,0,0,,,,,0,0,16.31
03/07/2014,06:49:14,403.63,322.81,381.8,0,0,0,,,,,0,0,16.31
03/07/2014,06:54:14,404.06,323.74,382.21,0,0,0,,,,,0,0,16.31
03/07/2014,06:59:14,404.08,322.8,382.09,0,0,0,,,,,0,0,16.31
03/07/2014,07:04:14,404.49,318.66,382.18,0,0,0,,,,,0,0,16.31
03/07/2014,07:09:14,403.23,321.98,383.2,0,0,0,,,,,0,0,16.31
03/07/2014,07:14:14,404.28,319.71,380.89,0,0,0,,,,,0,0,16.31
03/07/2014,07:19:14,404.5,332.23,382.53,0,0,0,,,,,0,0,16.31
03/07/2014,07:24:14,405.83,327.62,382.79,0,0,0,,,,,0,0,16.31
03/07/2014,07:29:14,408.38,327.46,385,0,0,0,,,,,0,0,16.31
03/07/2014,07:34:14,409.39,361.86,393.9,0,0,0,,,,,0,0,16.31
03/07/2014,07:39:14,409.33,327.54,386.23,0,0,0,,,,,0,0,16.31
03/07/2014,07:44:14,407.64,331.03,385.6,0,0,0,,,,,0,0,16.31
03/07/2014,07:49:14,408.53,329.74,384.84,0,0,0,,,,,0,0,16.31
03/07/2014,07:54:14,407.89,322.21,383.68,0,0,0,,,,,0,0,16.31
03/07/2014,07:59:14,407.7,322.82,384.6,0,0,0,,,,,0,0,16.31
03/07/2014,08:04:14,406.71,320.84,382.92,0,0,0,,,,,0,0,16.31
03/07/2014,08:09:14,405.99,320.7,382.15,0,0,0,,,,,0,0,16.31
03/07/2014,08:14:14,405.49,321.03,382.48,0,0,0,,,,,0,0,16.31
03/07/2014,08:19:14,404.2,317.9,381.36,0,0,0,,,,,0,0,16.31
03/07/2014,08:24:14,404.55,316.79,382.23,0,0,0,,,,,0,0,16.31
03/07/2014,08:29:14,403.93,329.87,382.07,0,0,0,,,,,0,0,16.31
03/07/2014,08:34:14,406.02,346.58,392.95,0,0,0,,,,,0,0,16.31
03/07/2014,08:39:14,405.39,326.93,385.81,0,0,0,,,,,0,0,16.31
03/07/2014,08:44:14,405.3,328.24,385.94,0,0,0,,,,,0,0,16.31
03/07/2014,08:49:14,404.34,321.36,383.44,0,0,0,,,,,0,0,16.31
03/07/2014,08:54:14,404.14,332.16,383.89,0,0,0,,,,,0,0,16.31
03/07/2014,08:59:14,403.51,330.28,382.54,0,0,0,,,,,0,0,16.31
03/07/2014,09:04:14,403.62,328.29,382.72,0,0,0,,,,,0,0,16.31
03/07/2014,09:09:14,403.96,330.75,382.52,0,0,0,,,,,0,0,16.31
03/07/2014,09:14:14,403.7,331.7,382.32,0,0,0,,,,,0,0,16.31
03/07/2014,09:19:14,406.15,318.66,380.84,0,0,0,,,,,0,0,16.31
03/07/2014,09:24:14,406.26,325.89,382.74,0,0,0,,,,,0,0,16.31
03/07/2014,09:29:14,406.6,325.43,382.82,0,0,0,,,,,0,0,16.31
03/07/2014,09:34:14,405.8,325.38,382.26,0,0,0,,,,,0,0,16.31
03/07/2014,09:39:14,406.24,324.82,382.45,0,0,0,,,,,0,0,16.31
03/07/2014,09:44:14,405.17,323.74,381.42,0,0,0,,,,,0,0,16.31
03/07/2014,09:49:14,404.01,321.09,380.18,0,0,0,,,,,0,0,16.31
03/07/2014,09:54:14,404.19,320.7,379.81,0,0,0,,,,,0,0,16.31
03/07/2014,09:59:14,403.51,317.99,379.46,0,0,0,,,,,0,0,16.31
03/07/2014,10:04:14,403.77,322.32,380.03,0,0,0,,,,,0,0,16.31
03/07/2014,10:09:14,406.45,327.67,382.3,0,0,0,,,,,0,0,16.31
03/07/2014,10:14:14,404.33,324.6,381.78,0,0,0,,,,,0,0,16.31
03/07/2014,10:19:14,404.02,327.29,380.06,0,0,0,,,,,0,0,16.31
03/07/2014,10:24:14,405.45,325.23,381.95,0,0,0,,,,,0,0,16.31
03/07/2014,10:29:14,404.59,327.47,381.69,0,0,0,,,,,0,0,16.31
03/07/2014,10:34:14,403.59,327.9,380.34,0,0,0,,,,,0,0,16.31
03/07/2014,10:39:14,403.66,325.87,380.13,0,0,0,,,,,0,0,16.31
03/07/2014,10:44:14,404.24,318.15,381.6,0,0,0,,,,,0,0,16.31
03/07/2014,10:49:14,403.61,315.89,381.19,0,0,0,,,,,0,0,16.31
03/07/2014,10:54:14,405.01,330.5,383.05,0,0,0,,,,,0,0,16.31
03/07/2014,10:59:14,404.43,356.2,390.12,0,0,0,,,,,0,0,16.31
03/07/2014,11:04:14,404.06,333.57,388.52,0,0,0,,,,,0,0,16.31
03/07/2014,11:09:14,402.08,344.22,384.03,0,0,0,,,,,0,0,16.31
03/07/2014,11:14:14,402.55,357.74,387.17,0,0,0,,,,,0,0,16.31
03/07/2014,11:19:14,403.69,357.71,388.47,0,0,0,,,,,0,0,16.31
03/07/2014,11:24:14,404.11,355.7,387.99,0,0,0,,,,,0,0,16.31
03/07/2014,11:29:14,403.55,353.4,387.7,0,0,0,,,,,0,0,16.31
03/07/2014,11:34:14,404.26,354.22,387.88,0,0,0,,,,,0,0,16.31
03/07/2014,11:39:14,403.23,352.54,386.92,0,0,0,,,,,0,0,16.31
03/07/2014,11:44:14,404.24,352.79,387.36,0,0,0,,,,,0,0,16.31
03/07/2014,11:49:14,404.55,358.15,389.56,0,0,0,,,,,0,0,16.31
03/07/2014,11:54:14,404.69,357.96,389.61,0,0,0,,,,,0,0,16.31
03/07/2014,11:59:14,404.7,356.08,388.56,0,0,0,,,,,0,0,16.31
03/07/2014,12:04:14,404.89,356.21,387.95,0,0,0,,,,,0,0,16.31
03/07/2014,12:09:14,404.48,354.19,387.86,0,0,0,,,,,0,0,16.31
03/07/2014,12:14:14,403.74,353.02,387.22,0,0,0,,,,,0,0,16.31
03/07/2014,12:19:14,404.34,351.35,387.31,0,0,0,,,,,0,0,16.31
03/07/2014,12:24:14,403.9,347.07,385.86,0,0,0,,,,,0,0,16.31
03/07/2014,12:29:14,403.64,348.2,386.14,0,0,0,,,,,0,0,16.31
03/07/2014,12:34:14,402.56,339.18,382.64,0,0,0,,,,,0,0,16.31
03/07/2014,12:39:14,404.18,348.12,385.7,0,0,0,,,,,0,0,16.31
03/07/2014,12:44:14,403.85,343.63,384.16,0,0,0,,,,,0,0,16.31
03/07/2014,12:49:14,403.51,343.78,384.48,0,0,0,,,,,0,0,16.31
03/07/2014,12:54:14,403.35,343.43,383.75,0,0,0,,,,,0,0,16.31
03/07/2014,12:59:14,403.59,345.04,384.29,0,0,0,,,,,0,0,16.31
03/07/2014,13:04:14,404.93,344.65,385.62,0,0,0,,,,,0,0,16.31
03/07/2014,13:09:14,408.91,344.65,388.2,4.13,4.15,4.42,,,,,2799.34,2.79934,16.54
03/07/2014,13:14:14,403.39,336.7,383.81,0,0,0,,,,,0,0,16.54
03/07/2014,13:19:14,404.11,351.64,386.99,0,0,0,,,,,0,0,16.54
03/07/2014,13:24:14,404.65,354.66,387.91,0,0,0,,,,,0,0,16.54
03/07/2014,13:29:14,403.87,347.42,384.89,0,0,0,,,,,0,0,16.54
03/07/2014,13:34:14,403.79,342.82,384.11,0,0,0,,,,,0,0,16.54
03/07/2014,13:39:14,405.25,342.59,385.06,0,0,0,,,,,0,0,16.54
03/07/2014,13:44:14,405.46,341.1,384.99,0,0,0,,,,,0,0,16.54
,,,,,,,,,,,,,,
,,,,,,,,,,,,,,
,,,,,,,,,,,,,,
,MXIMO,413.85,390.46,429.17,6.86,10.03,40.32,0,0,0,0,"4,521.14",4.52,16.54
,MNIMO,401.17,5.65,362.78,0,0,0,0,0,0,0,0,0,0
,PROMEDIO,406.75,302.65,391.08,0.42,0.46,0.85,#DIV/0!,#DIV/0!,#DIV/0!,#DIV/0!,230.86,0.23,8.22
