Fecha,I1,I2,I3,Ano,Month
14/01/2013,436.6,437.8,435.8,2013,Enero
15/01/2013,436.3,437.2,435.3,2013,Enero
16/01/2013,435,435.4,434,2013,Enero
13/01/2014,8.58,6.05,6.16,2014,Enero
14/01/2014,6.46,5.84,5.97,2014,Enero
15/01/2014,7.81,7.16,7.18,2014,Enero
16/01/2014,6.31,5.65,5.89,2014,Enero
17/01/2014,7.61,6.91,6.85,2014,Enero
18/01/2014,8.27,7.58,7.43,2014,Enero
19/01/2014,7.96,7.15,6.89,2014,Enero
20/01/2014,7.89,7.21,7.23,2014,Enero
19/01/2015,6.72,8.16,6.4,2015,Enero
20/01/2015,7.73,8.88,7.33,2015,Enero
21/01/2015,6.77,7.81,6.35,2015,Enero
22/01/2015,8.87,9.85,8.36,2015,Enero
23/01/2015,8.26,9.23,7.72,2015,Enero
24/01/2015,8.2,9.33,7.67,2015,Enero
25/01/2015,5.35,6.78,4.92,2015,Enero
26/01/2015,7.41,8.55,6.93,2015,Enero
27/01/2015,8.68,9.77,8.12,2015,Enero
28/01/2015,9.09,10.07,8.51,2015,Enero
29/01/2015,9.55,10.59,8.95,2015,Enero
30/01/2015,7.73,8.98,7.2,2015,Enero
31/01/2015,9.03,10.12,8.36,2015,Enero
22/01/2016,10.86,5.474,8.085,2016,Enero
23/01/2016,11.27,5.597,8.615,2016,Enero
24/01/2016,10.07,4.23,7.166,2016,Enero
25/01/2016,11.02,5.303,8.127,2016,Enero
26/01/2016,10.72,4.906,7.581,2016,Enero
27/01/2016,11.73,6.246,9.036,2016,Enero
28/01/2016,8.722,3.624,5.841,2016,Enero
29/01/2016,4.985,3.644,0,2016,Enero
30/01/2016,9.245,3.501,5.557,2016,Enero
31/01/2016,11.41,5.447,8.431,2016,Enero
13/01/2017,9.926,10.08,9.309,2017,Enero
14/01/2017,8.186,8.449,7.653,2017,Enero
15/01/2017,9.385,9.579,8.811,2017,Enero
16/01/2017,9.774,9.962,9.215,2017,Enero
17/01/2017,8.455,8.657,7.951,2017,Enero
18/01/2017,7.852,8.309,7.45,2017,Enero
19/01/2017,9.812,10.1,9.165,2017,Enero
20/01/2017,10.201,10.44,9.576,2017,Enero
21/01/2017,10.231,10.32,9.607,2017,Enero
22/01/2017,9.867,10.15,9.248,2017,Enero
23/01/2017,10.301,10.6,9.572,2017,Enero
24/01/2017,9.783,10.04,9.171,2017,Enero
25/01/2017,9.684,9.976,9.016,2017,Enero
26/01/2017,8.628,8.96,8.204,2017,Enero
27/01/2017,9.471,9.89,8.855,2017,Enero
28/01/2017,9.405,9.535,8.775,2017,Enero
29/01/2017,5.146,5.517,4.681,2017,Enero
30/01/2017,6.636,7.093,6.232,2017,Enero
31/01/2017,7.24,7.702,6.791,2017,Enero
16/01/2018,6.991,7.282,7.925,2018,Enero
17/01/2018,7.361,7.601,8.36,2018,Enero
18/01/2018,7.061,7.224,8.117,2018,Enero
19/01/2018,7.167,7.38,8.158,2018,Enero
20/01/2018,8.421,8.757,9.328,2018,Enero
21/01/2018,9.085,9.403,10.04,2018,Enero
22/01/2018,8.063,8.374,9.014,2018,Enero
23/01/2018,5.602,5.85,6.513,2018,Enero
01/01/2022,5.607,5.7294,5.9544,2022,Enero
02/01/2022,5.0089,5.1399,5.3459,2022,Enero
03/01/2022,5.7021,5.8577,6.0392,2022,Enero
04/01/2022,4.4373,4.5392,4.7501,2022,Enero
05/01/2022,6.3332,6.4857,6.6888,2022,Enero
06/01/2022,5.7158,5.8577,6.0574,2022,Enero
07/01/2022,5.9557,6.1136,6.3031,2022,Enero
08/01/2022,6.0197,6.1781,6.3631,2022,Enero
09/01/2022,4.9326,5.0443,5.2595,2022,Enero
10/01/2022,6.2377,6.4139,6.5945,2022,Enero
11/01/2022,6.3794,6.5647,6.7252,2022,Enero
12/01/2022,7.7753,7.9936,8.1555,2022,Enero
13/01/2022,6.8996,7.0998,7.2743,2022,Enero
14/01/2022,6.6584,6.8428,7.014,2022,Enero
19/02/2013,7.948,25.328,4.681,2013,Febrero
20/02/2013,13.732,37.092,7.527,2013,Febrero
21/02/2013,12.086,33.68,6.675,2013,Febrero
22/02/2013,12.798,35.628,7.099,2013,Febrero
23/02/2013,12.66,35.608,7.03,2013,Febrero
24/02/2013,13.28,36.412,7.239,2013,Febrero
25/02/2013,12.972,35.808,7.115,2013,Febrero
26/02/2013,13.728,36.928,7.452,2013,Febrero
05/02/2014,6.1,6.17,5.9,2014,Febrero
06/02/2014,6.21,6.43,6.21,2014,Febrero
07/02/2014,5.19,5.46,5.22,2014,Febrero
08/02/2014,6.22,6.56,6.33,2014,Febrero
09/02/2014,7.16,7.4,7.2,2014,Febrero
10/02/2014,6.8,7.08,6.89,2014,Febrero
11/02/2014,5.94,6.04,5.83,2014,Febrero
12/02/2014,6.41,6.72,6.47,2014,Febrero
13/02/2014,6.73,6.94,6.73,2014,Febrero
04/02/2015,8.15,7.76,8.04,2015,Febrero
05/02/2015,7.8,7.44,7.75,2015,Febrero
06/02/2015,7.23,6.88,7.19,2015,Febrero
07/02/2015,8.48,8.08,8.38,2015,Febrero
08/02/2015,8.39,8.06,8.27,2015,Febrero
09/02/2015,8.77,8.42,8.67,2015,Febrero
10/02/2015,7.9,7.56,7.8,2015,Febrero
11/02/2015,6.9,6.57,6.89,2015,Febrero
12/02/2015,8.03,7.74,7.97,2015,Febrero
13/02/2015,2.34,2.13,2.45,2015,Febrero
14/02/2015,2.54,2.34,2.66,2015,Febrero
15/02/2015,7.5,7.19,7.41,2015,Febrero
16/02/2015,8.07,7.77,8.01,2015,Febrero
17/02/2015,7.53,7.34,7.48,2015,Febrero
18/02/2015,7.07,6.85,7.05,2015,Febrero
19/02/2015,7.06,6.78,7,2015,Febrero
20/02/2015,6.43,6.21,6.48,2015,Febrero
05/02/2016,10.594,11.548,13.354,2016,Febrero
06/02/2016,12.432,13.326,14.548,2016,Febrero
07/02/2016,13.252,14.384,15.674,2016,Febrero
08/02/2016,13.246,14.568,16.04,2016,Febrero
09/02/2016,6.632,5.614,4.842,2016,Febrero
10/02/2016,5.158,3.74,3.02,2016,Febrero
11/02/2016,12.348,13.348,14.802,2016,Febrero
12/02/2016,13.118,14.844,16.002,2016,Febrero
13/02/2016,13.914,14.892,16.452,2016,Febrero
14/02/2016,10.552,11.596,13.162,2016,Febrero
15/02/2016,8.804,10.55,11.654,2016,Febrero
16/02/2016,9.886,11.37,12.318,2016,Febrero
17/02/2016,13.182,14.696,16.08,2016,Febrero
18/02/2016,12.234,13.452,14.776,2016,Febrero
19/02/2016,11.624,13.2,14.394,2016,Febrero
20/02/2016,10.046,11.09,12.662,2016,Febrero
21/02/2016,10.946,11.872,13.466,2016,Febrero
22/02/2016,9.18,10.42,11.624,2016,Febrero
23/02/2016,12.28,13.524,14.7,2016,Febrero
24/02/2016,8.86,10.246,11.356,2016,Febrero
25/02/2016,8.386,9.374,10.942,2016,Febrero
26/02/2016,6.842,8.066,9.018,2016,Febrero
27/02/2016,6.656,7.082,8.698,2016,Febrero
28/02/2016,7.904,8.972,10.22,2016,Febrero
29/02/2016,8.688,10.222,11.436,2016,Febrero
09/02/2017,8.665,6.19,8.667,2017,Febrero
10/02/2017,8.361,5.775,8.402,2017,Febrero
11/02/2017,9.019,6.353,9.031,2017,Febrero
12/02/2017,8.737,6.055,8.738,2017,Febrero
13/02/2017,7.447,4.802,7.457,2017,Febrero
14/02/2017,8.638,6.162,8.617,2017,Febrero
15/02/2017,8.653,6.102,8.661,2017,Febrero
16/02/2017,8.684,6.096,8.7,2017,Febrero
17/02/2017,9.501,6.86,9.571,2017,Febrero
18/02/2017,8.533,5.779,8.544,2017,Febrero
19/02/2017,9.063,6.278,9.081,2017,Febrero
20/02/2017,9.299,6.778,9.281,2017,Febrero
21/02/2017,4.574,3.009,4.872,2017,Febrero
22/02/2017,8.057,5.67,8.418,2017,Febrero
23/02/2017,7.866,5.668,8.37,2017,Febrero
24/02/2017,8.651,6.244,8.793,2017,Febrero
25/02/2017,6.841,4.206,6.967,2017,Febrero
26/02/2017,7.938,5.587,8.371,2017,Febrero
27/02/2017,7.342,5.016,7.904,2017,Febrero
28/02/2017,7.504,5.403,8.019,2017,Febrero
19/02/2018,NA,NA,NA,2018,Febrero
20/02/2018,NA,NA,NA,2018,Febrero
21/02/2018,NA,NA,NA,2018,Febrero
22/02/2018,NA,NA,NA,2018,Febrero
23/02/2018,NA,NA,NA,2018,Febrero
24/02/2018,NA,NA,NA,2018,Febrero
22/02/2022,8.9684,8.4793,8.4854,2022,Febrero
23/02/2022,8.6045,8.1061,8.0575,2022,Febrero
24/02/2022,8.7676,8.2847,8.2988,2022,Febrero
25/02/2022,7.6938,7.1996,7.27,2022,Febrero
26/02/2022,8.2183,7.6914,7.7271,2022,Febrero
27/02/2022,9.078,8.5343,8.5889,2022,Febrero
28/02/2022,9.2623,8.7558,8.7279,2022,Febrero
04/03/2014,6.42,6.23,6.25,2014,Marzo
05/03/2014,7.13,6.86,6.9,2014,Marzo
06/03/2014,6.93,6.83,6.79,2014,Marzo
07/03/2014,6.81,6.62,6.68,2014,Marzo
08/03/2014,7.37,7.09,7.11,2014,Marzo
09/03/2014,5.25,5.07,5.15,2014,Marzo
10/03/2014,7.3,7.14,7.16,2014,Marzo
11/03/2014,7.35,7.08,7.09,2014,Marzo
05/03/2015,3.6,3.56,4.24,2015,Marzo
06/03/2015,10.44,10.56,11.16,2015,Marzo
07/03/2015,12.24,12.12,12.76,2015,Marzo
08/03/2015,11.72,11.74,12.26,2015,Marzo
09/03/2015,12.18,12.32,12.9,2015,Marzo
10/03/2015,12.7,12.8,13.32,2015,Marzo
11/03/2015,15.38,15.38,15.82,2015,Marzo
12/03/2015,16.76,16.5,17.42,2015,Marzo
13/03/2015,15.92,15.96,16.38,2015,Marzo
14/03/2015,8.94,8.98,9.5,2015,Marzo
15/03/2015,1.96,0,2.24,2015,Marzo
16/03/2015,16.44,16.3,16.9,2015,Marzo
17/03/2015,12.48,12.56,13.2,2015,Marzo
18/03/2015,14.58,14.5,15.1,2015,Marzo
19/03/2015,11.78,11.92,12.42,2015,Marzo
20/03/2015,11.78,11.72,12.38,2015,Marzo
16/03/2016,4.084,6.07,4.234,2016,Marzo
17/03/2016,10.244,6.572,10.016,2016,Marzo
18/03/2016,10.468,6.8,10.298,2016,Marzo
19/03/2016,9.306,6.492,8.88,2016,Marzo
20/03/2016,4.492,6.344,4.292,2016,Marzo
21/03/2016,2.904,6.414,0.004,2016,Marzo
22/03/2016,8.206,6.48,6.398,2016,Marzo
23/03/2016,15.148,8.224,11.978,2016,Marzo
24/03/2016,15.504,10.094,13.788,2016,Marzo
25/03/2016,15.948,11.074,14.88,2016,Marzo
26/03/2016,12.768,8.074,11.998,2016,Marzo
27/03/2016,15.528,10.758,14.688,2016,Marzo
28/03/2016,13.38,8.884,12.75,2016,Marzo
29/03/2016,16.144,11.382,14.914,2016,Marzo
30/03/2016,15.112,8.816,12.246,2016,Marzo
31/03/2016,15.72,9.068,12.578,2016,Marzo
15/03/2017,6.568,5.242,5.693,2017,Marzo
16/03/2017,8.628,7.357,7.575,2017,Marzo
17/03/2017,8.911,7.682,7.884,2017,Marzo
18/03/2017,9.578,8.427,8.465,2017,Marzo
19/03/2017,9.347,8.313,8.347,2017,Marzo
20/03/2017,9.879,8.753,8.85,2017,Marzo
21/03/2017,9.908,8.713,8.837,2017,Marzo
22/03/2017,9.817,8.775,8.756,2017,Marzo
23/03/2017,10.03,8.886,8.959,2017,Marzo
24/03/2017,8.729,7.682,7.76,2017,Marzo
25/03/2017,9.603,8.542,8.519,2017,Marzo
26/03/2017,9.218,8.148,8.144,2017,Marzo
27/03/2017,9.808,8.694,8.858,2017,Marzo
28/03/2017,9.065,7.976,8.031,2017,Marzo
29/03/2017,9.959,8.728,8.823,2017,Marzo
30/03/2017,9.997,8.809,8.852,2017,Marzo
31/03/2017,8.235,7.038,7.191,2017,Marzo
16/03/2018,0.003,0.027,0,2018,Marzo
17/03/2018,7.701,7.903,7.559,2018,Marzo
18/03/2018,7.748,7.938,7.614,2018,Marzo
19/03/2018,8.863,9.059,8.685,2018,Marzo
20/03/2018,7.801,7.995,7.684,2018,Marzo
21/03/2018,6.901,7.116,6.84,2018,Marzo
22/03/2018,7.511,7.707,7.408,2018,Marzo
23/03/2018,8.57,8.765,8.417,2018,Marzo
01/03/2022,9.1059,8.6166,8.7148,2022,Marzo
02/03/2022,8.8743,8.3311,8.3333,2022,Marzo
03/03/2022,8.2286,7.7382,7.7156,2022,Marzo
04/03/2022,8.3442,7.8161,7.7512,2022,Marzo
05/03/2022,7.9363,7.4318,7.5102,2022,Marzo
06/03/2022,7.6512,7.1102,7.1646,2022,Marzo
07/03/2022,6.5398,6.0379,5.9651,2022,Marzo
08/03/2022,8.0893,7.587,7.5848,2022,Marzo
09/03/2022,8.6223,8.0568,8.1113,2022,Marzo
10/03/2022,8.3048,7.7787,7.757,2022,Marzo
11/03/2022,8.5273,8.0116,8.0068,2022,Marzo
23/03/2022,7.8703,7.3289,7.3898,2022,Marzo
24/03/2022,8.7991,8.2365,8.2528,2022,Marzo
25/03/2022,8.3597,7.784,7.7634,2022,Marzo
26/03/2022,8.6355,8.0828,8.0621,2022,Marzo
27/03/2022,8.4219,7.8895,7.8879,2022,Marzo
28/03/2022,8.1186,7.5853,7.6467,2022,Marzo
29/03/2022,7.6147,7.0827,7.0446,2022,Marzo
30/03/2022,8.5705,8.1023,8.2012,2022,Marzo
01/04/2014,7.29,6.24,6.91,2014,Abril
02/04/2014,6.57,6.01,6.26,2014,Abril
03/04/2014,6.91,6.38,6.58,2014,Abril
04/04/2014,7.74,7,7.38,2014,Abril
05/04/2014,6.99,6.25,6.67,2014,Abril
06/04/2014,7.95,7.13,7.62,2014,Abril
07/04/2014,31.5,7.64,8,2014,Abril
08/04/2014,5.41,4.9,5.16,2014,Abril
09/04/2015,6.96,7.32,7.16,2015,Abril
10/04/2015,7.45,7.54,7.44,2015,Abril
11/04/2015,4.29,4.22,4.27,2015,Abril
12/04/2015,5.43,5.41,5.41,2015,Abril
13/04/2015,5.36,5.37,5.31,2015,Abril
14/04/2015,7.42,7.38,7.35,2015,Abril
15/04/2015,6.98,6.97,6.99,2015,Abril
16/04/2015,6.58,6.59,6.59,2015,Abril
17/04/2015,6.91,10.71,6.85,2015,Abril
18/04/2015,7.03,6.96,7.08,2015,Abril
08/04/2016,10.074,8.402,7.626,2016,Abril
09/04/2016,10.576,8.874,8.306,2016,Abril
10/04/2016,12.488,10.576,9.926,2016,Abril
11/04/2016,13.072,11.572,10.596,2016,Abril
12/04/2016,11.812,10.16,9.56,2016,Abril
13/04/2016,12.806,10.852,10.396,2016,Abril
14/04/2016,13.44,11.916,10.954,2016,Abril
15/04/2016,14.642,12.838,11.988,2016,Abril
16/04/2016,13.552,11.642,11.05,2016,Abril
17/04/2016,13.392,11.514,10.856,2016,Abril
18/04/2016,13.262,11.586,10.61,2016,Abril
19/04/2016,11.496,9.998,9.058,2016,Abril
20/04/2016,10.67,9.27,8.416,2016,Abril
21/04/2016,15.178,13.702,12.634,2016,Abril
22/04/2016,6.816,5.236,4.726,2016,Abril
23/04/2016,2.418,0.154,0.94,2016,Abril
24/04/2016,15.678,13.552,13.146,2016,Abril
25/04/2016,13.758,11.904,11.354,2016,Abril
26/04/2016,15.242,13.626,12.94,2016,Abril
27/04/2016,17.436,15.638,14.73,2016,Abril
28/04/2016,15.776,14.044,13.222,2016,Abril
29/04/2016,17.418,15.602,14.854,2016,Abril
30/04/2016,8.8,7.056,6.742,2016,Abril
19/04/2017,5.25,5.69,6.741,2017,Abril
20/04/2017,6.678,7.372,8.419,2017,Abril
21/04/2017,5.952,6.68,7.591,2017,Abril
22/04/2017,6.35,7.024,7.9,2017,Abril
23/04/2017,5.739,6.425,7.239,2017,Abril
24/04/2017,5.491,6.203,7.181,2017,Abril
25/04/2017,4.554,5.178,6.147,2017,Abril
26/04/2017,7.523,8.198,8.984,2017,Abril
27/04/2017,3.9,4.467,5.305,2017,Abril
28/04/2017,5.403,6.034,6.881,2017,Abril
29/04/2017,3.729,3.91,4.649,2017,Abril
30/04/2017,6.904,7.537,8.383,2017,Abril
17/04/2018,10.036,10.548,9.638,2018,Abril
18/04/2018,13.442,14.008,13.134,2018,Abril
19/04/2018,15.64,16.082,15.152,2018,Abril
20/04/2018,13.846,14.296,13.482,2018,Abril
21/04/2018,13.09,13.584,12.654,2018,Abril
22/04/2018,13.16,13.62,12.728,2018,Abril
23/04/2018,11.286,11.71,10.956,2018,Abril
24/04/2018,11.374,11.698,11.102,2018,Abril
04/04/2022,6.8306,6.3266,6.4004,2022,Abril
05/04/2022,7.3658,6.93,6.9682,2022,Abril
06/04/2022,7.0828,6.5965,6.6743,2022,Abril
07/04/2022,5.7303,5.2585,5.3108,2022,Abril
08/04/2022,4.2027,3.6857,3.7882,2022,Abril
09/04/2022,6.8492,6.3289,6.3695,2022,Abril
10/04/2022,8.2749,7.7514,7.7875,2022,Abril
11/04/2022,7.2932,6.7922,6.8285,2022,Abril
12/04/2022,7.0451,6.5269,6.5744,2022,Abril
13/04/2022,7.3256,6.8131,6.8173,2022,Abril
14/04/2022,7.4214,6.8927,6.9566,2022,Abril
15/04/2022,6.7967,6.2777,6.3196,2022,Abril
16/04/2022,7.876,7.3574,7.3818,2022,Abril
17/04/2022,8.6545,8.1455,8.1584,2022,Abril
18/04/2022,8.2088,7.7442,7.7287,2022,Abril
20/04/2022,8.0809,7.5546,7.569,2022,Abril
21/04/2022,7.2453,6.773,6.823,2022,Abril
22/04/2022,8.6406,8.1091,8.0859,2022,Abril
23/04/2022,8.224,7.6882,7.6858,2022,Abril
24/04/2022,8.6052,8.0558,8.0641,2022,Abril
25/04/2022,8.3534,7.8514,7.8184,2022,Abril
26/04/2022,7.0563,6.5393,6.5553,2022,Abril
27/04/2022,9.2993,8.7722,8.7744,2022,Abril
28/04/2022,8.3271,7.8249,7.8311,2022,Abril
29/04/2022,7.2846,6.7625,6.752,2022,Abril
30/04/2022,7.5302,7.0125,7.0298,2022,Abril
02/05/2014,5.94,5.91,5.91,2014,Mayo
03/05/2014,6.31,6.24,6.29,2014,Mayo
04/05/2014,7.61,7.56,7.57,2014,Mayo
05/05/2014,7.77,7.79,7.77,2014,Mayo
06/05/2014,6.15,6.11,6.15,2014,Mayo
07/05/2014,1.23,1.21,1.24,2014,Mayo
08/05/2014,0,0,1.01,2014,Mayo
09/05/2014,7.76,7.71,7.76,2014,Mayo
10/05/2014,8.18,8.13,8.17,2014,Mayo
11/05/2014,9.84,9.72,9.86,2014,Mayo
12/05/2014,8.51,8.47,8.49,2014,Mayo
13/05/2014,9.93,9.8,9.89,2014,Mayo
14/05/2014,10.45,10.41,10.41,2014,Mayo
15/05/2014,10.03,9.96,9.99,2014,Mayo
16/05/2014,10.17,10.15,10.21,2014,Mayo
14/05/2015,14.26,13.54,13.96,2015,Mayo
15/05/2015,14.16,13.34,13.92,2015,Mayo
16/05/2015,14.9,14.02,14.66,2015,Mayo
17/05/2015,15.52,14.78,15.22,2015,Mayo
18/05/2015,16.4,15.18,15.94,2015,Mayo
19/05/2015,14.82,13.78,14.56,2015,Mayo
20/05/2015,14.04,13.3,13.72,2015,Mayo
21/05/2015,15.22,14.4,14.84,2015,Mayo
22/05/2015,10.38,9.68,10.24,2015,Mayo
23/05/2015,16.12,15.1,15.74,2015,Mayo
24/05/2015,13.98,13.2,13.68,2015,Mayo
25/05/2015,16.36,14.94,16.02,2015,Mayo
26/05/2015,16.54,15.4,16.16,2015,Mayo
27/05/2015,14.4,13.6,14.06,2015,Mayo
28/05/2015,15.38,14.58,15.1,2015,Mayo
29/05/2015,10.78,10.04,10.64,2015,Mayo
30/05/2015,6.12,5.26,5.98,2015,Mayo
31/05/2015,0,0,0,2015,Mayo
13/05/2016,8.978,1.42,1.444,2016,Mayo
14/05/2016,15.816,6.886,9.984,2016,Mayo
15/05/2016,15.766,7.346,10.524,2016,Mayo
16/05/2016,14.436,5.86,8.372,2016,Mayo
17/05/2016,19.234,10.652,13.754,2016,Mayo
18/05/2016,18.056,9.424,12.538,2016,Mayo
19/05/2016,18.26,10.452,13.642,2016,Mayo
20/05/2016,19.19,11.564,14.85,2016,Mayo
21/05/2016,15.682,7.19,10.236,2016,Mayo
22/05/2016,17.094,9.048,12.224,2016,Mayo
23/05/2016,18.402,10.204,13.38,2016,Mayo
24/05/2016,17.662,9.42,12.518,2016,Mayo
25/05/2016,20.18,12.754,15.672,2016,Mayo
26/05/2016,15.052,7.636,10.342,2016,Mayo
27/05/2016,18.45,10.868,13.708,2016,Mayo
28/05/2016,18.83,11.97,14.892,2016,Mayo
29/05/2016,16.716,8.992,11.818,2016,Mayo
30/05/2016,17.83,10.308,13.028,2016,Mayo
31/05/2016,17.396,9.904,12.72,2016,Mayo
16/05/2017,6.863,2.634,3.222,2017,Mayo
17/05/2017,8.272,4.587,5.419,2017,Mayo
18/05/2017,8.709,4.702,5.691,2017,Mayo
19/05/2017,8.878,4.896,5.784,2017,Mayo
20/05/2017,9.312,5.373,6.302,2017,Mayo
21/05/2017,8.764,4.613,5.6,2017,Mayo
22/05/2017,9.656,5.635,6.512,2017,Mayo
23/05/2017,10.23,6.031,6.947,2017,Mayo
24/05/2017,7.87,3.624,4.412,2017,Mayo
25/05/2017,8.654,4.662,5.561,2017,Mayo
26/05/2017,10.39,6.535,7.306,2017,Mayo
27/05/2017,10.25,6.345,7.241,2017,Mayo
28/05/2017,9.563,5.462,6.255,2017,Mayo
29/05/2017,9.147,4.771,5.611,2017,Mayo
30/05/2017,9.683,5.855,6.754,2017,Mayo
31/05/2017,6.024,2.024,2.253,2017,Mayo
23/05/2018,5.819,6.099,6.788,2018,Mayo
24/05/2018,7.389,7.5,8.269,2018,Mayo
25/05/2018,8.219,8.277,9.079,2018,Mayo
26/05/2018,8.397,8.361,9.211,2018,Mayo
27/05/2018,8.61,8.586,9.453,2018,Mayo
28/05/2018,8.048,8.089,8.898,2018,Mayo
29/05/2018,8.334,8.523,9.278,2018,Mayo
30/05/2018,7.331,7.492,8.346,2018,Mayo
31/05/2018,8.213,8.324,9.197,2018,Mayo
01/05/2022,7.1302,6.5692,6.6244,2022,Mayo
02/05/2022,7.9513,7.4254,7.4386,2022,Mayo
03/05/2022,7.7698,7.2702,7.2838,2022,Mayo
04/05/2022,7.1732,6.6515,6.6515,2022,Mayo
05/05/2022,7.5966,7.0419,7.0717,2022,Mayo
06/05/2022,6.2273,5.728,5.7693,2022,Mayo
07/05/2022,8.4444,7.9042,7.8737,2022,Mayo
12/05/2022,8.2853,7.7749,7.8441,2022,Mayo
13/05/2022,7.9209,7.378,7.3247,2022,Mayo
14/05/2022,7.8059,7.2628,7.2838,2022,Mayo
15/05/2022,8.3226,7.7731,7.8427,2022,Mayo
16/05/2022,8.2425,7.7441,7.7574,2022,Mayo
17/05/2022,7.4124,6.8999,7.0185,2022,Mayo
18/05/2022,7.2685,6.7597,6.8317,2022,Mayo
19/05/2022,8.0998,7.5895,7.6498,2022,Mayo
20/05/2022,6.9204,6.4105,6.3712,2022,Mayo
21/05/2022,6.393,5.8731,5.9265,2022,Mayo
24/05/2022,5.5284,5.0554,5.0793,2022,Mayo
25/05/2022,7.7471,7.2705,7.3255,2022,Mayo
26/05/2022,7.7745,7.2725,7.3172,2022,Mayo
31/05/2022,7.0426,6.528,6.6524,2022,Mayo
12/06/2013,6.573,6.579,7.158,2013,Junio
13/06/2013,4.74,4.744,5.306,2013,Junio
14/06/2013,5.43,5.421,5.944,2013,Junio
15/06/2013,5.028,4.995,5.634,2013,Junio
16/06/2013,6.126,6.124,6.762,2013,Junio
17/06/2013,6.88,6.857,7.521,2013,Junio
18/06/2013,7.685,7.657,8.365,2013,Junio
19/06/2013,5.815,5.777,6.413,2013,Junio
10/06/2014,7.75,7.66,7.84,2014,Junio
11/06/2014,8.11,7.9,8.23,2014,Junio
12/06/2014,8.69,8.52,8.76,2014,Junio
13/06/2014,9,8.83,9.07,2014,Junio
14/06/2014,8.32,8.01,8.34,2014,Junio
15/06/2014,9.66,9.35,9.7,2014,Junio
09/06/2015,7.93,7.95,8.17,2015,Junio
10/06/2015,7.55,7.5,7.73,2015,Junio
11/06/2015,7.47,7.44,7.63,2015,Junio
12/06/2015,7.42,7.39,7.55,2015,Junio
23/06/2015,7.35,0,6.92,2015,Junio
01/06/2016,15.488,7.518,10.228,2016,Junio
02/06/2016,16.852,8.706,11.426,2016,Junio
03/06/2016,16.8,8.738,11.634,2016,Junio
04/06/2016,19.616,11.884,14.868,2016,Junio
05/06/2016,18.706,11.098,14.098,2016,Junio
06/06/2016,16.944,9.206,11.994,2016,Junio
07/06/2016,17.118,8.394,11.144,2016,Junio
08/06/2016,18.372,10.534,13.37,2016,Junio
09/06/2016,17.948,10.216,13.064,2016,Junio
10/06/2016,14.564,6.65,9.272,2016,Junio
15/06/2016,12.786,12.668,10.204,2016,Junio
16/06/2016,14.526,14.37,11.268,2016,Junio
17/06/2016,12.524,12.586,10.426,2016,Junio
18/06/2016,11.51,11.626,9.492,2016,Junio
19/06/2016,14.122,14.082,11.156,2016,Junio
20/06/2016,8.11,8.49,6.552,2016,Junio
21/06/2016,2.534,2.64,3.43,2016,Junio
22/06/2016,14.98,15.058,11.184,2016,Junio
23/06/2016,15.404,15.6,11.636,2016,Junio
24/06/2016,6.93,7.164,5.436,2016,Junio
25/06/2016,11.41,11.818,8.956,2016,Junio
26/06/2016,11.656,11.984,8.828,2016,Junio
27/06/2016,13.274,13.57,9.968,2016,Junio
28/06/2016,13.9,14.184,10.55,2016,Junio
29/06/2016,13.52,13.742,10.09,2016,Junio
30/06/2016,14.074,14.31,10.7,2016,Junio
23/06/2017,NA,NA,NA,2017,Junio
24/06/2017,NA,NA,NA,2017,Junio
25/06/2017,NA,NA,NA,2017,Junio
26/06/2017,NA,NA,NA,2017,Junio
27/06/2017,NA,NA,NA,2017,Junio
28/06/2017,NA,NA,NA,2017,Junio
29/06/2017,NA,NA,NA,2017,Junio
30/06/2017,NA,NA,NA,2017,Junio
19/06/2018,1.057,0.485,0.445,2018,Junio
20/06/2018,3.696,8.602,8.717,2018,Junio
21/06/2018,1.235,4.557,4.526,2018,Junio
22/06/2018,4.737,9.532,9.596,2018,Junio
23/06/2018,1.486,5.681,5.924,2018,Junio
24/06/2018,4.589,9.354,9.591,2018,Junio
25/06/2018,2.682,7.523,7.647,2018,Junio
26/06/2018,2.946,7.587,7.493,2018,Junio
01/06/2022,8.5266,8.012,8.0191,2022,Junio
02/06/2022,9.1904,8.6256,8.5466,2022,Junio
03/06/2022,8.5312,8.0203,8.0556,2022,Junio
04/06/2022,8.1761,7.6333,7.5994,2022,Junio
05/06/2022,8.5134,7.9745,7.9834,2022,Junio
06/06/2022,8.3103,7.7883,7.8319,2022,Junio
07/06/2022,8.3093,7.789,7.8143,2022,Junio
08/06/2022,7.0774,6.5455,6.5983,2022,Junio
09/06/2022,5.4976,5.0076,4.9595,2022,Junio
10/06/2022,8.5427,8.0089,7.9447,2022,Junio
11/06/2022,8.5258,7.996,8.0248,2022,Junio
12/06/2022,7.7399,7.2088,7.2522,2022,Junio
13/06/2022,7.6809,7.088,7.0855,2022,Junio
14/06/2022,5.0471,4.5125,4.6304,2022,Junio
15/06/2022,8.3559,7.8357,7.8775,2022,Junio
16/06/2022,7.8813,7.3409,7.299,2022,Junio
17/06/2022,7.7703,7.2426,7.2987,2022,Junio
18/06/2022,6.6392,6.1021,6.1625,2022,Junio
19/06/2022,8.3805,7.8289,7.8128,2022,Junio
20/06/2022,7.9822,7.4832,7.4454,2022,Junio
21/06/2022,5.4156,4.9314,4.9729,2022,Junio
22/06/2022,6.6577,6.2128,6.2528,2022,Junio
23/06/2022,7.615,7.0811,7.0383,2022,Junio
24/06/2022,8.5209,8.0221,8.0353,2022,Junio
25/06/2022,6.3722,5.8551,5.8781,2022,Junio
26/06/2022,7.8734,7.3294,7.368,2022,Junio
27/06/2022,8.369,7.8313,7.8924,2022,Junio
28/06/2022,7.812,7.2529,7.2714,2022,Junio
29/06/2022,7.6875,7.1846,7.1653,2022,Junio
30/06/2022,7.9503,7.4185,7.473,2022,Junio
01/07/2014,6.86,6.89,7.15,2014,"
                           Julio"
02/07/2014,6.47,6.45,6.74,2014,"
                           Julio"
03/07/2014,4.13,4.15,4.42,2014,"
                           Julio"
14/07/2017,NA,NA,NA,2017,"
                           Julio"
15/07/2017,NA,NA,NA,2017,"
                           Julio"
16/07/2017,NA,NA,NA,2017,"
                           Julio"
17/07/2017,NA,NA,NA,2017,"
                           Julio"
18/07/2017,NA,NA,NA,2017,"
                           Julio"
19/07/2017,NA,NA,NA,2017,"
                           Julio"
20/07/2017,NA,NA,NA,2017,"
                           Julio"
21/07/2017,NA,NA,NA,2017,"
                           Julio"
23/07/2018,2.167,3.074,2.804,2018,"
                           Julio"
24/07/2018,7.395,8.768,8.77,2018,"
                           Julio"
25/07/2018,6.987,8.375,8.335,2018,"
                           Julio"
26/07/2018,7.109,8.497,8.454,2018,"
                           Julio"
27/07/2018,7.516,8.308,8.256,2018,"
                           Julio"
28/07/2018,7.273,8.826,8.687,2018,"
                           Julio"
29/07/2018,9.554,9.189,9.115,2018,"
                           Julio"
30/07/2018,7.441,8.029,7.91,2018,"
                           Julio"
01/07/2022,6.6907,6.1984,6.2324,2022,"
                           Julio"
02/07/2022,7.0334,6.5024,6.5712,2022,"
                           Julio"
03/07/2022,7.3352,6.7935,6.9013,2022,"
                           Julio"
04/07/2022,7.2639,6.7207,6.8244,2022,"
                           Julio"
05/07/2022,8.521,7.9614,8.0649,2022,"
                           Julio"
06/07/2022,7.1948,6.6561,6.7779,2022,"
                           Julio"
07/07/2022,6.2469,5.7172,5.8274,2022,"
                           Julio"
08/07/2022,6.6214,6.0682,6.1894,2022,"
                           Julio"
09/07/2022,7.9518,7.4143,7.4966,2022,"
                           Julio"
10/07/2022,8.5615,8.0304,8.119,2022,"
                           Julio"
11/07/2022,7.6402,7.1202,7.2172,2022,"
                           Julio"
12/07/2022,6.8405,6.3271,6.4608,2022,"
                           Julio"
13/07/2022,6.5981,6.0673,6.1689,2022,"
                           Julio"
14/07/2022,7.8688,7.3232,7.4163,2022,"
                           Julio"
15/07/2022,4.0031,3.4966,3.6647,2022,"
                           Julio"
16/07/2022,7.5306,6.971,7.0714,2022,"
                           Julio"
17/07/2022,8.6341,8.0844,8.1792,2022,"
                           Julio"
18/07/2022,2.9214,2.3528,2.5597,2022,"
                           Julio"
19/07/2022,8.0573,7.5022,7.6352,2022,"
                           Julio"
20/07/2022,8.8906,8.3408,8.4376,2022,"
                           Julio"
21/07/2022,8.58,8.0333,8.1331,2022,"
                           Julio"
22/07/2022,7.3777,6.8235,6.969,2022,"
                           Julio"
23/07/2022,8.2083,7.6676,7.773,2022,"
                           Julio"
24/07/2022,8.4436,7.8687,7.9722,2022,"
                           Julio"
25/07/2022,5.5959,5.066,5.137,2022,"
                           Julio"
26/07/2022,8.6809,8.157,8.1403,2022,"
                           Julio"
27/07/2022,7.126,6.6243,6.7099,2022,"
                           Julio"
28/07/2022,7.5951,7.0664,7.0387,2022,"
                           Julio"
29/07/2022,5.6235,5.0587,5.0503,2022,"
                           Julio"
30/07/2022,7.9302,7.3732,7.3399,2022,"
                           Julio"
31/07/2022,8.7485,8.1882,8.1876,2022,"
                           Julio"
20/08/2013,3.634,3.882,7.764,2013,Agosto
21/08/2013,9.078,7.066,14.132,2013,Agosto
22/08/2013,12.138,10.286,20.572,2013,Agosto
23/08/2013,14.698,13.15,26.3,2013,Agosto
24/08/2013,14.436,12.814,25.628,2013,Agosto
25/08/2013,15.998,14.492,28.984,2013,Agosto
26/08/2013,3.954,4.044,8.088,2013,Agosto
27/08/2013,17.392,16.12,32.24,2013,Agosto
01/08/2014,8.34,8.13,8.25,2014,Agosto
02/08/2014,9.56,9.49,9.53,2014,Agosto
03/08/2014,9.29,9.22,9.26,2014,Agosto
04/08/2014,8.81,8.76,8.82,2014,Agosto
05/08/2014,8.34,8.29,8.37,2014,Agosto
06/08/2014,9.42,9.33,9.43,2014,Agosto
07/08/2014,7.35,7.27,7.42,2014,Agosto
08/08/2014,8.85,8.76,8.87,2014,Agosto
09/08/2014,8.6,8.52,8.62,2014,Agosto
10/08/2014,8.7,8.61,8.71,2014,Agosto
11/08/2014,8.15,8.1,8.19,2014,Agosto
12/08/2014,7.48,7.5,7.57,2014,Agosto
13/08/2014,8.73,8.65,8.75,2014,Agosto
14/08/2014,9.73,9.62,9.75,2014,Agosto
15/08/2014,8.26,8.15,8.32,2014,Agosto
16/08/2014,9.53,9.43,9.5,2014,Agosto
17/08/2014,9.6,9.54,9.56,2014,Agosto
18/08/2014,5.82,5.78,5.93,2014,Agosto
04/08/2015,9.042,10.788,7.35,2015,Agosto
05/08/2015,15.492,17.152,13.476,2015,Agosto
06/08/2015,16.514,18.338,14.288,2015,Agosto
07/08/2015,17.518,19.206,15.39,2015,Agosto
08/08/2015,16.588,18.388,14.332,2015,Agosto
09/08/2015,17.772,19.324,15.476,2015,Agosto
10/08/2015,17.53,19.342,15.298,2015,Agosto
11/08/2015,17.694,19.352,15.48,2015,Agosto
12/08/2015,17.852,19.682,15.62,2015,Agosto
13/08/2015,17.666,19.416,15.48,2015,Agosto
14/08/2015,15.858,17.534,13.786,2015,Agosto
15/08/2015,17.906,19.73,15.598,2015,Agosto
16/08/2015,16.03,17.59,13.906,2015,Agosto
17/08/2015,14.66,16.768,12.64,2015,Agosto
18/08/2015,15.936,17.812,13.81,2015,Agosto
19/08/2015,17.128,19.036,14.988,2015,Agosto
20/08/2015,13.902,15.648,12.052,2015,Agosto
21/08/2015,8.244,9.844,6.612,2015,Agosto
22/08/2015,11.132,12.968,9.282,2015,Agosto
23/08/2015,16.218,18.018,13.954,2015,Agosto
24/08/2015,15.338,17.204,13.262,2015,Agosto
25/08/2015,18.246,20.14,15.948,2015,Agosto
26/08/2015,15.356,17.342,13.186,2015,Agosto
27/08/2015,16.748,18.512,14.552,2015,Agosto
28/08/2015,8.858,10.49,7.076,2015,Agosto
29/08/2015,14.906,16.74,12.766,2015,Agosto
30/08/2015,16.174,17.996,13.904,2015,Agosto
31/08/2015,15.608,17.612,13.57,2015,Agosto
03/08/2016,4.132,3.238,4.614,2016,Agosto
04/08/2016,16.268,16.402,17.534,2016,Agosto
05/08/2016,13.904,14.114,14.958,2016,Agosto
06/08/2016,6.708,6.396,7.3,2016,Agosto
07/08/2016,16.674,17.12,18.006,2016,Agosto
08/08/2016,5.276,5.368,5.636,2016,Agosto
09/08/2016,15.49,15.986,16.794,2016,Agosto
10/08/2016,10.3,10.748,11.332,2016,Agosto
11/08/2016,15.65,15.956,16.932,2016,Agosto
12/08/2016,14.036,14.34,15.198,2016,Agosto
13/08/2016,14.158,14.542,15.324,2016,Agosto
14/08/2016,13.352,13.764,14.508,2016,Agosto
15/08/2016,14.582,15.102,15.968,2016,Agosto
16/08/2016,7.59,7.974,8.6,2016,Agosto
17/08/2016,10.878,11.484,12.158,2016,Agosto
18/08/2016,16.15,16.518,17.61,2016,Agosto
19/08/2016,17.062,17.45,18.422,2016,Agosto
20/08/2016,14.484,14.932,15.71,2016,Agosto
21/08/2016,15.19,15.606,16.388,2016,Agosto
22/08/2016,13.79,14.262,15.07,2016,Agosto
23/08/2016,15.794,16.178,17.158,2016,Agosto
24/08/2016,9.44,9.92,10.376,2016,Agosto
25/08/2016,14.976,15.28,16.244,2016,Agosto
26/08/2016,13.96,14.302,15.07,2016,Agosto
27/08/2016,11.536,11.948,12.526,2016,Agosto
28/08/2016,11.51,11.878,12.476,2016,Agosto
29/08/2016,10.426,11.108,11.518,2016,Agosto
30/08/2016,13.658,13.99,14.852,2016,Agosto
31/08/2016,15.3,15.934,16.786,2016,Agosto
04/08/2017,NA,NA,NA,2017,Agosto
05/08/2017,NA,NA,NA,2017,Agosto
06/08/2017,NA,NA,NA,2017,Agosto
07/08/2017,NA,NA,NA,2017,Agosto
08/08/2017,NA,NA,NA,2017,Agosto
09/08/2017,NA,NA,NA,2017,Agosto
10/08/2017,NA,NA,NA,2017,Agosto
11/08/2017,NA,NA,NA,2017,Agosto
27/08/2018,3.349,4.526,5.217,2018,Agosto
28/08/2018,6.874,7.892,8.794,2018,Agosto
29/08/2018,6.223,7.354,8.211,2018,Agosto
30/08/2018,6.25,7.262,8.183,2018,Agosto
31/08/2018,6.307,7.248,8.141,2018,Agosto
01/08/2022,0.4536,0.5297,0.7435,2022,Agosto
02/08/2022,7.4849,6.9237,6.9479,2022,Agosto
03/08/2022,8.8563,8.3392,8.365,2022,Agosto
04/08/2022,7.8032,7.2871,7.2768,2022,Agosto
05/08/2022,8.2293,7.6973,7.644,2022,Agosto
06/08/2022,7.927,7.3894,7.4457,2022,Agosto
07/08/2022,7.6042,7.0719,7.1106,2022,Agosto
08/08/2022,8.8949,8.3528,8.4312,2022,Agosto
09/08/2022,8.3672,7.8694,7.8722,2022,Agosto
10/08/2022,7.1123,6.6266,6.633,2022,Agosto
11/08/2022,7.9797,7.4403,7.4144,2022,Agosto
12/08/2022,7.3747,6.8011,6.8083,2022,Agosto
13/08/2022,7.1039,6.5841,6.5864,2022,Agosto
14/08/2022,7.3011,6.7649,6.7514,2022,Agosto
15/08/2022,7.0538,6.5172,6.5124,2022,Agosto
16/08/2022,6.001,5.5029,5.5804,2022,Agosto
17/08/2022,6.7356,6.23,6.2782,2022,Agosto
18/08/2022,6.5274,5.9761,5.9313,2022,Agosto
19/08/2022,7.1879,6.672,6.6624,2022,Agosto
20/08/2022,8.5928,8.0601,8.1369,2022,Agosto
21/08/2022,7.1306,6.5684,6.6447,2022,Agosto
22/08/2022,5.6442,5.162,5.2458,2022,Agosto
23/08/2022,9.2589,8.7588,8.7413,2022,Agosto
24/08/2022,6.996,6.4382,6.5018,2022,Agosto
25/08/2022,8.2703,7.7356,7.7239,2022,Agosto
26/08/2022,8.269,7.7726,7.7743,2022,Agosto
27/08/2022,6.9931,6.472,6.4331,2022,Agosto
28/08/2022,7.5712,7.019,7.0804,2022,Agosto
29/08/2022,7.3784,6.8691,6.8839,2022,Agosto
30/08/2022,8.8969,8.4079,8.4655,2022,Agosto
31/08/2022,7.184,6.6884,6.7448,2022,Agosto
25/09/2013,6.967,7.778,5.869,2013,Septiembre
26/09/2013,1.302,2.722,1.285,2013,Septiembre
27/09/2013,9.414,9.994,8.39,2013,Septiembre
28/09/2013,9.024,9.605,7.978,2013,Septiembre
29/09/2013,7.299,7.942,6.205,2013,Septiembre
30/09/2013,7.89,8.54,6.892,2013,Septiembre
12/09/2014,8.38,8.02,8.28,2014,Septiembre
13/09/2014,4.12,3.73,4.12,2014,Septiembre
14/09/2014,5.51,5.07,5.48,2014,Septiembre
15/09/2014,9.68,9.11,9.56,2014,Septiembre
16/09/2014,8.43,7.97,8.32,2014,Septiembre
17/09/2014,10.44,9.97,10.31,2014,Septiembre
18/09/2014,10.36,9.47,10.24,2014,Septiembre
19/09/2014,9.52,8.96,9.37,2014,Septiembre
20/09/2014,8.6,8.18,8.42,2014,Septiembre
21/09/2014,7.21,6.75,7.06,2014,Septiembre
22/09/2014,7.74,7.34,7.68,2014,Septiembre
23/09/2014,9.61,9.11,9.43,2014,Septiembre
24/09/2014,8.76,8.32,8.62,2014,Septiembre
01/09/2015,5.67,0.002,2.74,2015,Septiembre
02/09/2015,12.084,4.586,11.318,2015,Septiembre
03/09/2015,8.604,4.958,7.496,2015,Septiembre
04/09/2015,16.938,4.738,16.302,2015,Septiembre
05/09/2015,15.192,3.866,14.052,2015,Septiembre
06/09/2015,18.976,3.086,18.208,2015,Septiembre
07/09/2015,19.706,2.784,18.808,2015,Septiembre
08/09/2015,16.654,0.002,15.692,2015,Septiembre
09/09/2015,15.82,3.176,14.492,2015,Septiembre
10/09/2015,19.298,2.496,17.928,2015,Septiembre
11/09/2015,18.506,0.002,17.628,2015,Septiembre
12/09/2015,12.634,0.002,11.228,2015,Septiembre
13/09/2015,7.174,3.704,4.896,2015,Septiembre
14/09/2015,9.878,4.158,7.944,2015,Septiembre
15/09/2015,14.498,4.346,13.41,2015,Septiembre
16/09/2015,8.9,4.454,7.066,2015,Septiembre
17/09/2015,15.298,4.396,14.11,2015,Septiembre
18/09/2015,17.114,4.454,15.948,2015,Septiembre
19/09/2015,17.996,2.962,17.182,2015,Septiembre
20/09/2015,17.786,0.002,17.066,2015,Septiembre
21/09/2015,13.412,0.002,11.878,2015,Septiembre
22/09/2015,17.186,0.002,15.91,2015,Septiembre
23/09/2015,17.93,12.918,16.366,2015,Septiembre
24/09/2015,16.612,11.658,15.058,2015,Septiembre
25/09/2015,17.546,13.018,16.248,2015,Septiembre
26/09/2015,5.176,2.66,0,2015,Septiembre
27/09/2015,17.678,13.554,16.844,2015,Septiembre
28/09/2015,5.058,2.728,0,2015,Septiembre
29/09/2015,5.414,2.614,2.104,2015,Septiembre
30/09/2015,4.996,2.556,0,2015,Septiembre
06/09/2016,7.62,4.192,8.492,2016,Septiembre
07/09/2016,18.452,15.15,18.62,2016,Septiembre
08/09/2016,19.132,15.286,19.72,2016,Septiembre
09/09/2016,17.684,14.19,18.22,2016,Septiembre
10/09/2016,18.55,14.696,18.36,2016,Septiembre
11/09/2016,16.126,12.362,16.572,2016,Septiembre
12/09/2016,6.366,4.546,7.656,2016,Septiembre
13/09/2016,15.846,11.998,16.252,2016,Septiembre
14/09/2016,17.642,14.042,18.12,2016,Septiembre
15/09/2016,18.024,14.206,17.92,2016,Septiembre
16/09/2016,13.304,9.756,13.56,2016,Septiembre
17/09/2016,16.94,13.084,17.2,2016,Septiembre
18/09/2016,19.3,15.694,18.88,2016,Septiembre
19/09/2016,19.67,15.918,20.08,2016,Septiembre
20/09/2016,19.606,16.374,19.78,2016,Septiembre
21/09/2016,16.44,13.716,17.48,2016,Septiembre
22/09/2016,17.068,13.824,18.32,2016,Septiembre
23/09/2016,15.796,11.948,17.24,2016,Septiembre
24/09/2016,15.086,11.544,15.568,2016,Septiembre
25/09/2016,10.602,6.902,11.428,2016,Septiembre
26/09/2016,14.724,11.198,15.482,2016,Septiembre
27/09/2016,5.924,3.398,7.21,2016,Septiembre
28/09/2016,4.834,3.472,6.732,2016,Septiembre
29/09/2016,17.206,13.794,17.22,2016,Septiembre
30/09/2016,15.72,12.166,16.628,2016,Septiembre
21/09/2018,7.344,8.188,7.92,2018,Septiembre
22/09/2018,7.553,8.361,8.032,2018,Septiembre
23/09/2018,8.065,8.927,8.644,2018,Septiembre
24/09/2018,6.105,6.958,6.841,2018,Septiembre
25/09/2018,6.335,7.038,6.868,2018,Septiembre
26/09/2018,6.982,7.848,7.628,2018,Septiembre
27/09/2018,7.112,7.938,7.738,2018,Septiembre
28/09/2018,NA,NA,NA,2018,Septiembre
01/09/2022,8.321,7.8136,7.8777,2022,Septiembre
02/09/2022,9.1808,8.6577,8.6906,2022,Septiembre
03/09/2022,8.7898,8.2372,8.3412,2022,Septiembre
04/09/2022,8.7055,8.1407,8.2267,2022,Septiembre
05/09/2022,9.0707,8.538,8.6513,2022,Septiembre
06/09/2022,5.9317,5.4091,5.4348,2022,Septiembre
07/09/2022,9.0339,8.5191,8.3845,2022,Septiembre
08/09/2022,4.7936,4.2853,4.426,2022,Septiembre
09/09/2022,7.7561,7.2429,7.2847,2022,Septiembre
10/09/2022,8.6279,8.0928,8.1926,2022,Septiembre
11/09/2022,7.2887,6.7379,6.8737,2022,Septiembre
12/09/2022,5.0065,4.6161,4.6742,2022,Septiembre
23/09/2022,5.1112,4.5424,4.6385,2022,Septiembre
24/09/2022,7.1171,6.5717,6.708,2022,Septiembre
25/09/2022,8.166,7.6084,7.7237,2022,Septiembre
26/09/2022,8.1678,7.6274,7.723,2022,Septiembre
27/09/2022,4.2431,3.7441,3.9106,2022,Septiembre
28/09/2022,8.7608,8.1582,8.2516,2022,Septiembre
29/09/2022,8.3982,7.8163,7.9776,2022,Septiembre
30/09/2022,7.9024,7.3325,7.446,2022,Septiembre
17/10/2014,5.24,5.47,5.48,2014,Octubre
18/10/2014,2.31,2.71,2.67,2014,Octubre
19/10/2014,3.9,4.19,4.16,2014,Octubre
20/10/2014,9.01,9.3,9.15,2014,Octubre
21/10/2014,9.54,9.89,9.71,2014,Octubre
22/10/2014,9.22,9.52,9.4,2014,Octubre
23/10/2014,8.22,8.5,8.45,2014,Octubre
24/10/2014,9.27,9.71,9.54,2014,Octubre
25/10/2014,8.46,8.82,8.68,2014,Octubre
26/10/2014,8.77,9.14,9,2014,Octubre
27/10/2014,8.37,8.82,8.71,2014,Octubre
28/10/2014,8.44,10.01,8.87,2014,Octubre
29/10/2014,8.88,10.59,9.41,2014,Octubre
30/10/2014,8.05,8.41,8.41,2014,Octubre
31/10/2014,8.08,8.38,8.28,2014,Octubre
02/10/2015,7.842,8.933,8.845,2015,Octubre
03/10/2015,7.93,8.95,8.901,2015,Octubre
04/10/2015,7.101,8.224,8.106,2015,Octubre
05/10/2015,6.88,8.03,7.939,2015,Octubre
06/10/2015,7.037,8.165,8.034,2015,Octubre
07/10/2015,7.015,8.145,8.075,2015,Octubre
08/10/2015,7.606,8.815,8.715,2015,Octubre
09/10/2015,5.829,6.968,6.73,2015,Octubre
10/10/2015,7.617,8.693,8.625,2015,Octubre
11/10/2015,6.366,7.548,7.371,2015,Octubre
12/10/2015,7.627,8.773,8.712,2015,Octubre
13/10/2015,6.566,7.696,7.554,2015,Octubre
14/10/2015,5.866,7.162,6.855,2015,Octubre
15/10/2015,6.743,7.905,7.733,2015,Octubre
16/10/2015,6.938,8.093,7.975,2015,Octubre
17/10/2015,0.872,1.066,0,2015,Octubre
18/10/2015,0.512,1.069,0,2015,Octubre
19/10/2015,1.877,2.882,2.447,2015,Octubre
20/10/2015,7.541,8.689,8.599,2015,Octubre
21/10/2015,4.139,5.333,5.046,2015,Octubre
22/10/2015,7.224,8.411,8.224,2015,Octubre
23/10/2015,8.503,9.568,9.557,2015,Octubre
24/10/2015,7.855,8.881,8.848,2015,Octubre
25/10/2015,6.608,7.77,7.595,2015,Octubre
26/10/2015,0.712,1.491,0.494,2015,Octubre
27/10/2015,7.056,8.286,8.088,2015,Octubre
28/10/2015,3.3,4.461,4.179,2015,Octubre
29/10/2015,7.679,8.731,8.695,2015,Octubre
30/10/2015,5.459,6.537,6.384,2015,Octubre
31/10/2015,8.078,9.099,9.021,2015,Octubre
10/10/2016,9.552,17.06,20.46,2016,Octubre
11/10/2016,5.992,12.486,15.372,2016,Octubre
12/10/2016,9.624,17.026,20.5,2016,Octubre
13/10/2016,11.992,18.806,22.34,2016,Octubre
14/10/2016,12.148,18.978,22.36,2016,Octubre
15/10/2016,9.66,16.472,19.792,2016,Octubre
16/10/2016,10.392,17.5,20.84,2016,Octubre
17/10/2016,6.014,14.254,17.24,2016,Octubre
18/10/2016,9.84,16.94,20.26,2016,Octubre
19/10/2016,10.658,17.644,21.04,2016,Octubre
20/10/2016,10.004,17.312,20.66,2016,Octubre
21/10/2016,5.226,3.386,4.538,2016,Octubre
22/10/2016,6.038,7.548,9.644,2016,Octubre
23/10/2016,10.972,17.998,21.36,2016,Octubre
24/10/2016,8.868,16.238,19.438,2016,Octubre
25/10/2016,6.406,13.49,16.024,2016,Octubre
26/10/2016,8.04,16.2,19.552,2016,Octubre
27/10/2016,5.448,5.284,5.95,2016,Octubre
28/10/2016,5.446,2.23,0.078,2016,Octubre
29/10/2016,11.272,17.89,21.36,2016,Octubre
30/10/2016,8.276,16.164,19.358,2016,Octubre
31/10/2016,5.546,9.834,12.026,2016,Octubre
25/10/2017,12,16.1,19.6,2017,Octubre
26/10/2017,12.3,12,10.1,2017,Octubre
27/10/2017,12.7,12.4,10.5,2017,Octubre
28/10/2017,11.5,11.2,0,2017,Octubre
29/10/2017,10.4,8.4,0,2017,Octubre
30/10/2017,10.2,0.3,0,2017,Octubre
24/10/2018,0.453,0.002,1.004,2018,Octubre
25/10/2018,8.255,8.314,9.452,2018,Octubre
26/10/2018,6.456,6.599,7.59,2018,Octubre
27/10/2018,2.838,2.924,3.756,2018,Octubre
28/10/2018,5.502,5.538,6.548,2018,Octubre
29/10/2018,6.417,6.405,7.44,2018,Octubre
30/10/2018,8.383,8.365,9.489,2018,Octubre
31/10/2018,7.304,7.328,8.401,2018,Octubre
01/10/2022,2.497738328,2.300159233,2.544987456,2022,Octubre
02/10/2022,2.432716319,2.236369792,2.492152083,2022,Octubre
03/10/2022,2.280366829,2.112670732,2.349662927,2022,Octubre
07/11/2013,39.12,7.051,7.368,2013,Noviembre
08/11/2013,37.93,7.927,8.413,2013,Noviembre
09/11/2013,37.87,7.303,7.652,2013,Noviembre
10/11/2013,37.97,4.849,5.311,2013,Noviembre
11/11/2013,38,7.891,8.33,2013,Noviembre
12/11/2013,6.831,0.023,0.48,2013,Noviembre
13/11/2013,2.95,0,0.936,2013,Noviembre
14/11/2013,38.01,7.526,7.863,2013,Noviembre
15/11/2013,38.01,7.798,8.227,2013,Noviembre
16/11/2013,57.57,8.363,8.848,2013,Noviembre
04/11/2014,8.03,8.32,7.87,2014,Noviembre
05/11/2014,8.93,10.17,8.59,2014,Noviembre
06/11/2014,9.08,9.88,8.84,2014,Noviembre
07/11/2014,7.03,7.24,6.88,2014,Noviembre
08/11/2014,6.06,6.26,5.98,2014,Noviembre
09/11/2014,5.76,5.95,5.56,2014,Noviembre
10/11/2014,7.75,7.8,7.46,2014,Noviembre
11/11/2014,8.49,8.67,8.29,2014,Noviembre
12/11/2014,9.73,9.74,9.66,2014,Noviembre
13/11/2014,4.92,5.18,4.85,2014,Noviembre
14/11/2014,6.12,6.35,5.98,2014,Noviembre
15/11/2014,5.38,5.57,5.31,2014,Noviembre
16/11/2014,7.08,7.28,6.98,2014,Noviembre
17/11/2014,8.58,9.05,8.42,2014,Noviembre
18/11/2014,7.31,7.49,7.18,2014,Noviembre
19/11/2014,7.57,7.78,7.43,2014,Noviembre
20/11/2014,7.68,7.85,7.53,2014,Noviembre
21/11/2014,8.69,8.99,8.55,2014,Noviembre
22/11/2014,8.45,8.61,8.25,2014,Noviembre
23/11/2014,9.89,11.18,9.55,2014,Noviembre
24/11/2014,8.08,8.23,7.89,2014,Noviembre
25/11/2014,8.55,9.11,8.37,2014,Noviembre
26/11/2014,9.62,10.47,9.31,2014,Noviembre
27/11/2014,10.1,11.25,9.78,2014,Noviembre
28/11/2014,8.71,9.41,8.47,2014,Noviembre
29/11/2014,7.1,7.3,6.98,2014,Noviembre
30/11/2014,8.39,8.54,8.23,2014,Noviembre
01/11/2015,15.38,17.624,17.33,2015,Noviembre
02/11/2015,17.99,20.18,19.998,2015,Noviembre
03/11/2015,17.324,19.83,19.612,2015,Noviembre
04/11/2015,15.484,17.834,17.668,2015,Noviembre
05/11/2015,16.424,18.756,18.638,2015,Noviembre
06/11/2015,11.27,13.638,13.386,2015,Noviembre
13/11/2015,1.088,0.774,0.992,2015,Noviembre
14/11/2015,5.122,3.574,4.972,2015,Noviembre
15/11/2015,16.816,14.78,16.31,2015,Noviembre
16/11/2015,17.228,15.402,16.534,2015,Noviembre
17/11/2015,14.17,12.312,13.708,2015,Noviembre
18/11/2015,14.586,12.822,13.928,2015,Noviembre
19/11/2015,9.498,7.96,9.156,2015,Noviembre
20/11/2015,15.486,13.678,14.856,2015,Noviembre
21/11/2015,14.02,12.262,13.44,2015,Noviembre
22/11/2015,4.61,3.206,4.39,2015,Noviembre
23/11/2015,8.244,6.626,8,2015,Noviembre
24/11/2015,16.25,14.542,15.51,2015,Noviembre
25/11/2015,15.016,13.302,14.334,2015,Noviembre
26/11/2015,12.886,11.362,12.316,2015,Noviembre
27/11/2015,9.222,7.788,8.84,2015,Noviembre
28/11/2015,10.58,9.018,10.206,2015,Noviembre
29/11/2015,17.246,15.438,16.588,2015,Noviembre
30/11/2015,17.27,15.434,16.55,2015,Noviembre
22/11/2016,15.528,15.976,17.45,2016,Noviembre
23/11/2016,18.114,18.922,19.782,2016,Noviembre
24/11/2016,14.18,14.642,15.556,2016,Noviembre
25/11/2016,14.442,15.038,15.822,2016,Noviembre
26/11/2016,17.434,18.464,18.662,2016,Noviembre
27/11/2016,14.176,14.736,15.35,2016,Noviembre
28/11/2016,19.454,20.64,20.862,2016,Noviembre
29/11/2016,19.154,20.12,20.862,2016,Noviembre
30/11/2016,18.934,19.632,20.682,2016,Noviembre
21/11/2017,0.393,0,0,2017,Noviembre
22/11/2017,9.797,9.727,10,2017,Noviembre
23/11/2017,9.579,9.669,9.891,2017,Noviembre
24/11/2017,9.516,9.478,9.694,2017,Noviembre
25/11/2017,10.01,10.08,10.23,2017,Noviembre
26/11/2017,10.47,10.56,10.7,2017,Noviembre
27/11/2017,10.24,10.29,10.53,2017,Noviembre
28/11/2017,9.603,9.656,9.857,2017,Noviembre
23/11/2018,1.416,3.091,2.772,2018,Noviembre
24/11/2018,6.349,8.217,7.553,2018,Noviembre
25/11/2018,7.453,9.42,8.72,2018,Noviembre
26/11/2018,3.472,5.388,4.994,2018,Noviembre
27/11/2018,7.307,9.345,8.702,2018,Noviembre
28/11/2018,0.457,0.02,0,2018,Noviembre
29/11/2018,7.547,9.55,8.925,2018,Noviembre
30/11/2018,4.927,6.5,6.014,2018,Noviembre
03/12/2013,8.84,7.92,8.05,2013,Diciembre
04/12/2013,7.31,6.94,7.05,2013,Diciembre
05/12/2013,7.45,7.02,7.16,2013,Diciembre
06/12/2013,8.39,7.95,8.06,2013,Diciembre
07/12/2013,8.83,8.11,8.23,2013,Diciembre
08/12/2013,7.68,7.28,7.39,2013,Diciembre
09/12/2013,8.05,7.62,7.69,2013,Diciembre
01/12/2014,9.21,9.93,9,2014,Diciembre
02/12/2014,7.78,7.96,7.64,2014,Diciembre
03/12/2014,8.89,9.32,8.65,2014,Diciembre
04/12/2014,6.74,6.92,6.64,2014,Diciembre
05/12/2014,7.26,7.46,7.14,2014,Diciembre
06/12/2014,7.31,7.48,7.16,2014,Diciembre
07/12/2014,9.15,9.47,8.98,2014,Diciembre
08/12/2014,7.67,7.86,7.48,2014,Diciembre
09/12/2014,8.71,8.9,8.54,2014,Diciembre
10/12/2014,6.03,6.24,5.95,2014,Diciembre
01/12/2015,6.648,7.093,7.713,2015,Diciembre
02/12/2015,5.909,6.193,6.872,2015,Diciembre
03/12/2015,0,2.326,2.942,2015,Diciembre
04/12/2015,3.993,4.2,4.839,2015,Diciembre
05/12/2015,3.741,4.305,4.788,2015,Diciembre
06/12/2015,4.72,4.929,5.464,2015,Diciembre
07/12/2015,3.652,4.287,4.899,2015,Diciembre
08/12/2015,3.688,4.596,5.231,2015,Diciembre
09/12/2015,4.866,5.502,6.15,2015,Diciembre
10/12/2015,5.041,5.499,6.087,2015,Diciembre
01/12/2016,18.788,19.656,20.078,2016,Diciembre
02/12/2016,17.508,18.134,19.098,2016,Diciembre
03/12/2016,18.808,19.53,20.398,2016,Diciembre
04/12/2016,18.728,19.33,20.358,2016,Diciembre
05/12/2016,19.408,20.18,21.098,2016,Diciembre
06/12/2016,19.308,20.18,20.838,2016,Diciembre
07/12/2016,18.308,18.912,20.198,2016,Diciembre
08/12/2016,17.208,17.846,18.978,2016,Diciembre
09/12/2016,10.504,10.698,12.02,2016,Diciembre
10/12/2016,13.37,13.97,14.394,2016,Diciembre
11/12/2016,15.316,15.966,16.496,2016,Diciembre
12/12/2016,15.366,20.94,16.818,2016,Diciembre
13/12/2016,16.988,20.62,18.878,2016,Diciembre
14/12/2016,17.688,18.328,19.318,2016,Diciembre
15/12/2016,12.37,12.71,14.026,2016,Diciembre
16/12/2016,13.578,13.948,15.056,2016,Diciembre
01/12/2017,5.891,5.174,6.715,2017,Diciembre
02/12/2017,7.129,6.345,8.009,2017,Diciembre
03/12/2017,7.852,7.063,8.772,2017,Diciembre
04/12/2017,8.661,7.883,9.638,2017,Diciembre
05/12/2017,9.179,8.39,10.13,2017,Diciembre
06/12/2017,9.154,8.395,10.11,2017,Diciembre
07/12/2017,8.715,7.938,9.642,2017,Diciembre
08/12/2017,10,9.228,11.02,2017,Diciembre
01/12/2018,9.368,10.16,9.24,2018,Diciembre
02/12/2018,9.618,10.34,9.465,2018,Diciembre
03/12/2018,9.597,9.409,8.613,2018,Diciembre
04/12/2018,8.081,7.644,6.873,2018,Diciembre
05/12/2018,3.573,2.711,2.273,2018,Diciembre
06/12/2018,8.868,8.58,7.74,2018,Diciembre
07/12/2018,9.544,9.22,8.433,2018,Diciembre
