Fecha de la Medida,Hora de la Medida,FASE AB,FASE BC,FASE AC,FASE A,FASE B,FASE C,POTENA ATVA AB [W],POTENA ATVA B [W],POTENCIA ACTIVA  [W],,GENERACION [kWh]
19/04/2017,13:15:00,416.3,415.6,419.2,5.25,5.69,6.397,,,4285,4.285,1.0713
19/04/2017,13:30:00,410.3,411.2,414.7,3.417,2.654,3.089,,,3556,3.556,1.9603
19/04/2017,13:45:00,411.2,411.5,415,3.215,2.644,3.214,,,3020,3.02,2.7153
19/04/2017,14:00:00,417.1,416.2,419,4.979,5.487,6.449,,,3896,3.896,3.6893
19/04/2017,14:15:00,404.4,407,410.8,2.389,0.11,0,,,531,0.531,3.822
19/04/2017,14:30:00,408.9,408.4,410.9,2.405,0.129,0.122,,,624.7,0.6247,3.9782
19/04/2017,14:45:00,408.4,408.7,412.3,2.625,0.572,0.644,,,3419,3.419,4.8329
19/04/2017,15:00:00,407.8,408.5,411.9,2.436,0.173,0.129,,,2719,2.719,5.5127
19/04/2017,15:15:00,405.8,408.9,413.1,2.867,1.194,1.325,,,3411,3.411,6.3654
19/04/2017,15:30:00,407.9,409.4,412.8,2.562,0.805,0.91,,,2434,2.434,6.9739
19/04/2017,15:45:00,418.2,416.4,419.8,4.946,5.485,6.563,,,3792,3.792,7.9219
19/04/2017,16:00:00,412,411.1,414.7,3.188,1.755,1.977,,,3896,3.896,8.8959
19/04/2017,16:15:00,417,415.7,419.1,4.843,5.03,5.92,,,3990,3.99,9.8934
19/04/2017,16:30:00,419.7,417.7,420.7,5.113,5.622,6.683,,,3957,3.957,10.8827
19/04/2017,16:45:00,419.7,417.7,420.9,5.16,5.683,6.741,,,3935,3.935,11.8664
19/04/2017,17:00:00,419.6,417.7,420.6,4.648,5.146,6.218,,,3545,3.545,12.7527
19/04/2017,17:15:00,417.5,416.1,419.5,3.68,3.801,4.756,,,2944,2.944,13.4887
19/04/2017,17:30:00,405.7,411.1,414.3,2.342,0.416,0.605,,,581.3,0.5813,13.634
19/04/2017,17:45:00,409.7,411.7,415.9,2.233,0.822,1.201,,,865,0.865,13.8503
19/04/2017,18:00:00,414.9,413.7,416.5,2,0.728,1.601,,,616.8,0.6168,14.0045
19/04/2017,18:15:00,412.1,411.5,414.6,1.989,0.041,1.09,,,221.3,0.2213,14.0598
19/04/2017,18:30:00,408.9,410.5,414.3,2.385,0.202,0.142,,,533.8,0.5338,14.1932
19/04/2017,18:45:00,414.8,413.3,416.5,1.803,0.593,1.923,,,399.1,0.3991,14.293
19/04/2017,19:00:00,410.7,412.2,415.9,2.175,0.132,0.765,,,35.73,0.0357,14.3019
19/04/2017,19:15:00,409,409.6,415.8,2.492,0.241,0,,,0,0,14.3019
19/04/2017,19:30:00,414.1,412.7,415.9,2.505,0.048,0,,,0,0,14.3019
19/04/2017,19:45:00,414.4,412.8,416.3,2.548,0.014,0,,,0,0,14.3019
19/04/2017,20:00:00,414.2,412.7,416.1,2.556,0.015,0,,,0,0,14.3019
19/04/2017,20:15:00,412.7,411.2,415,2.526,0.007,0,,,0,0,14.3019
19/04/2017,20:30:00,413.2,411.7,415.4,2.544,0.015,0,,,0,0,14.3019
19/04/2017,20:45:00,413.9,412.5,416.5,2.596,0.01,0,,,0,0,14.3019
19/04/2017,21:00:00,415.4,414,417.5,2.625,0.01,0,,,0,0,14.3019
19/04/2017,21:15:00,415.7,414.5,418.2,2.688,0.004,0,,,0,0,14.3019
19/04/2017,21:30:00,416.1,414.9,418.1,2.716,0.001,0,,,0,0,14.3019
19/04/2017,21:45:00,416,414.9,418.4,2.721,0,0,,,0,0,14.3019
19/04/2017,22:00:00,412.6,411.5,414.5,2.632,0,0,,,0,0,14.3019
19/04/2017,22:15:00,412.8,411.6,415.1,2.643,0,0,,,0,0,14.3019
19/04/2017,22:30:00,413.5,412.5,415.4,2.659,0,0,,,0,0,14.3019
19/04/2017,22:45:00,414,413,416.1,2.679,0,0,,,0,0,14.3019
19/04/2017,23:00:00,415,414,416.8,2.705,0,0,,,0,0,14.3019
19/04/2017,23:15:00,413.5,412.6,415.7,2.671,0,0,,,0,0,14.3019
19/04/2017,23:30:00,415,414.2,416.9,2.735,0,0,,,0,0,14.3019
19/04/2017,23:45:00,415.5,414.6,417.6,2.758,0,0,,,0,0,14.3019
20/04/2017,00:00:00,414.7,413.8,416.6,2.738,0,0,,,0,0,14.3019
20/04/2017,00:15:00,413.4,412.6,415.5,2.711,0,0,,,0,0,14.3019
20/04/2017,00:30:00,413.9,413.2,416,2.745,0,0,,,0,0,14.3019
20/04/2017,00:45:00,413.7,413,416,2.734,0,0,,,0,0,14.3019
20/04/2017,01:00:00,414.1,413.5,416.2,2.752,0,0,,,0,0,14.3019
20/04/2017,01:15:00,414.5,413.9,416.9,2.761,0,0,,,0,0,14.3019
20/04/2017,01:30:00,414.5,413.9,416.8,2.749,0,0,,,0,0,14.3019
20/04/2017,01:45:00,414.2,413.6,416.5,2.74,0,0,,,0,0,14.3019
20/04/2017,02:00:00,415.2,414.4,417,2.779,0,0,,,0,0,14.3019
20/04/2017,02:15:00,415.1,414.3,417.1,2.771,0,0,,,0,0,14.3019
20/04/2017,02:30:00,415.4,414.6,417.2,2.802,0,0,,,0,0,14.3019
20/04/2017,02:45:00,415.3,414.5,417.3,2.814,0,0,,,0,0,14.3019
20/04/2017,03:00:00,415.8,414.9,417.6,2.818,0,0,,,0,0,14.3019
20/04/2017,03:15:00,415.6,414.7,417.6,2.821,0,0,,,0,0,14.3019
20/04/2017,03:30:00,415.2,414.4,417.1,2.813,0,0,,,0,0,14.3019
20/04/2017,03:45:00,414.8,414,416.7,2.795,0,0,,,0,0,14.3019
20/04/2017,04:00:00,415,414.1,416.8,2.806,0,0,,,0,0,14.3019
20/04/2017,04:15:00,415.2,414.3,417.1,2.824,0,0,,,0,0,14.3019
20/04/2017,04:30:00,414.9,413.9,416.7,2.804,0,0,,,0,0,14.3019
20/04/2017,04:45:00,413.9,413,415.7,2.775,0,0,,,0,0,14.3019
20/04/2017,05:00:00,414,413,415.8,2.782,0,0,,,0,0,14.3019
20/04/2017,05:15:00,413.5,412.7,415.7,2.774,0,0,,,0,0,14.3019
20/04/2017,05:30:00,412.8,411.8,414.8,2.751,0,0,,,0,0,14.3019
20/04/2017,05:45:00,412.8,411.8,414.9,2.754,0,0,,,0,0,14.3019
20/04/2017,06:00:00,413.3,412.3,415.5,2.77,0,0,,,0,0,14.3019
20/04/2017,06:15:00,412.9,411.9,415.3,2.76,0,0,,,0,0,14.3019
20/04/2017,06:30:00,411.8,410.9,414.2,2.753,0,0,,,0,0,14.3019
20/04/2017,06:45:00,410.8,410.1,413.5,2.741,0,0,,,0,0,14.3019
20/04/2017,07:00:00,412.6,412.1,415,2.786,0,0,,,0,0,14.3019
20/04/2017,07:15:00,414.8,414.3,417,2.821,0.001,0,,,0,0,14.3019
20/04/2017,07:30:00,393.6,410.5,415.9,2.845,0,0,,,605.1,0.6051,14.4532
20/04/2017,07:45:00,411.7,412.8,416,2.733,0.005,0.003,,,598.6,0.5986,14.6029
20/04/2017,08:00:00,412.7,412.3,414.9,2.487,0,0,,,0,0,14.6029
20/04/2017,08:15:00,412.6,412.1,414.3,2.193,0.113,1.077,,,137.9,0.1379,14.6373
20/04/2017,08:30:00,413.4,413.1,415.4,2.111,1.757,2.603,,,761.7,0.7617,14.8278
20/04/2017,08:45:00,414.8,414.9,416.7,2.864,3.244,4.106,,,1848,1.848,15.2898
20/04/2017,09:00:00,417.3,417.4,419.6,3.607,4.181,5.123,,,2620,2.62,15.9448
20/04/2017,09:15:00,417.6,417.6,420,4.092,4.814,5.742,,,3057,3.057,16.709
20/04/2017,09:30:00,417,416.9,419.5,4.48,5.231,6.148,,,3344,3.344,17.545
20/04/2017,09:45:00,418,417.6,419.8,4.835,5.558,6.467,,,3606,3.606,18.4465
20/04/2017,10:00:00,418.1,417.3,419.7,5.228,5.928,6.778,,,3868,3.868,19.4135
20/04/2017,10:15:00,420,418.8,421.4,5.846,6.513,7.447,,,4389,4.389,20.5108
20/04/2017,10:30:00,419.9,418.6,421.6,6.219,6.869,7.843,,,4691,4.691,21.6835
20/04/2017,10:45:00,420,418.4,421.4,6.269,6.88,7.865,,,4734,4.734,22.867
20/04/2017,11:00:00,420,418.8,421.6,6.362,6.997,7.931,,,4790,4.79,24.0645
20/04/2017,11:15:00,421.3,420,422.5,6.506,7.153,8.099,,,4917,4.917,25.2938
20/04/2017,11:30:00,419.8,418.9,421.5,6.421,7.096,8.043,,,4857,4.857,26.508
20/04/2017,11:45:00,420.6,419.9,422.3,6.678,7.372,8.419,,,5116,5.116,27.787
20/04/2017,12:00:00,419.7,418.7,421.5,6.514,7.166,8.199,,,4976,4.976,29.031
20/04/2017,12:15:00,420,418.5,421.6,6.47,7.078,8.136,,,4950,4.95,30.2685
20/04/2017,12:30:00,419.9,418.4,421.5,6.517,7.099,8.141,,,4972,4.972,31.5115
20/04/2017,12:45:00,421.6,420.2,422.8,6.432,7.039,8.029,,,4906,4.906,32.738
20/04/2017,13:00:00,421.8,420.3,423.5,6.456,7.002,8.023,,,4930,4.93,33.9705
20/04/2017,13:15:00,422.1,421,423.8,6.477,7.068,8.044,,,4934,4.934,35.204
20/04/2017,13:30:00,421.6,420.3,423.5,6.362,6.929,7.92,,,4850,4.85,36.4165
20/04/2017,13:45:00,422.3,420.7,423.9,6.394,6.895,7.969,,,4910,4.91,37.644
20/04/2017,14:00:00,421.9,420.9,424,6.497,7.083,8.091,,,4977,4.977,38.8883
20/04/2017,14:15:00,421.7,420.5,423.6,6.541,7.12,8.127,,,5008,5.008,40.1403
20/04/2017,14:30:00,421.3,420.2,423.4,6.49,7.057,8.055,,,4961,4.961,41.3805
20/04/2017,14:45:00,422.6,421.2,424.2,6.556,7.124,8.113,,,5018,5.018,42.635
20/04/2017,15:00:00,422.2,420.9,423.8,6.423,7.016,8.023,,,4931,4.931,43.8678
20/04/2017,15:15:00,422.5,421.1,423.7,6.267,6.851,7.839,,,4808,4.808,45.0698
20/04/2017,15:30:00,422.6,421.2,424.3,6.346,6.946,7.944,,,4884,4.884,46.2908
20/04/2017,15:45:00,422.8,421.6,424.2,6.188,6.835,7.796,,,4757,4.757,47.48
20/04/2017,16:00:00,422.4,420.9,423.8,6.09,6.659,7.636,,,4667,4.667,48.6468
20/04/2017,16:15:00,422.8,421.4,423.8,6.08,6.691,7.588,,,4632,4.632,49.8048
20/04/2017,16:30:00,422,420.7,423.3,5.588,6.149,7.072,,,4259,4.259,50.8695
20/04/2017,16:45:00,420.1,418.5,420.9,5.243,5.714,6.603,,,4028,4.028,51.8765
20/04/2017,17:00:00,420.1,418.5,421.2,5.188,5.683,6.569,,,3907,3.907,52.8533
20/04/2017,17:15:00,419.2,417.5,420,4.385,4.841,5.745,,,3290,3.29,53.6758
20/04/2017,17:30:00,418.1,416.6,419.2,3.214,3.546,4.492,,,2409,2.409,54.278
20/04/2017,17:45:00,417.2,416,417.9,2.255,2.247,3.184,,,1398,1.398,54.6275
20/04/2017,18:00:00,417.9,416.7,419.2,2.34,2.478,3.407,,,1514,1.514,55.006
20/04/2017,18:15:00,418.2,416.9,419.2,2.203,2.255,3.174,,,1340,1.34,55.341
20/04/2017,18:30:00,416.7,415.3,418.1,1.871,0.997,1.888,,,637.4,0.6374,55.5004
20/04/2017,18:45:00,416.7,415.1,417.6,1.831,0.267,1.437,,,295.2,0.2952,55.5742
20/04/2017,19:00:00,414,413.5,417,2.206,0.078,0.372,,,512.1,0.5121,55.7022
20/04/2017,19:15:00,411.7,411.6,415.4,2.421,0.016,0,,,576.7,0.5767,55.8464
20/04/2017,19:30:00,414.5,413,415.8,2.449,0.019,0,,,0,0,55.8464
20/04/2017,19:45:00,415,413.4,416.3,2.451,0.025,0,,,0,0,55.8464
20/04/2017,20:00:00,414.5,413.5,416.5,2.505,0.007,0,,,0,0,55.8464
20/04/2017,20:15:00,413.8,412.6,415.7,2.506,0.005,0,,,0,0,55.8464
20/04/2017,20:30:00,413.7,412.6,416.3,2.521,0.004,0,,,0,0,55.8464
20/04/2017,20:45:00,414.5,413.4,416.9,2.537,0.006,0,,,0,0,55.8464
20/04/2017,21:00:00,414.8,413.9,417.4,2.598,0.001,0,,,0,0,55.8464
20/04/2017,21:15:00,410.8,409.9,413.3,2.526,0,0,,,0,0,55.8464
20/04/2017,21:30:00,411.1,410.4,413.9,2.555,0,0,,,0,0,55.8464
20/04/2017,21:45:00,411,410.1,413.5,2.554,0,0,,,0,0,55.8464
20/04/2017,22:00:00,410.6,409.7,413.3,2.543,0,0,,,0,0,55.8464
20/04/2017,22:15:00,410.9,409.9,413.4,2.549,0,0,,,0,0,55.8464
20/04/2017,22:30:00,411.1,410.1,413.8,2.561,0,0,,,0,0,55.8464
20/04/2017,22:45:00,412.2,411.1,414.3,2.597,0,0,,,0,0,55.8464
20/04/2017,23:00:00,412.9,411.9,415.3,2.616,0,0,,,0,0,55.8464
20/04/2017,23:15:00,413.9,412.9,415.9,2.646,0.001,0,,,0,0,55.8464
20/04/2017,23:30:00,413.8,412.8,415.8,2.655,0,0,,,0,0,55.8464
20/04/2017,23:45:00,414.1,413,415.8,2.645,0,0,,,0,0,55.8464
21/04/2017,00:00:00,413,412.1,414.9,2.634,0,0,,,0,0,55.8464
21/04/2017,00:15:00,413.8,412.9,415.4,2.657,0,0,,,0,0,55.8464
21/04/2017,00:30:00,414.6,413.8,416.6,2.693,0,0,,,0,0,55.8464
21/04/2017,00:45:00,414.1,413.3,415.8,2.67,0,0,,,0,0,55.8464
21/04/2017,01:00:00,413.3,412.5,415.4,2.668,0,0,,,0,0,55.8464
21/04/2017,01:15:00,414,413.1,415.9,2.683,0,0,,,0,0,55.8464
21/04/2017,01:30:00,414.3,413.5,416.5,2.695,0,0,,,0,0,55.8464
21/04/2017,01:45:00,414.2,413.3,416.1,2.699,0,0,,,0,0,55.8464
21/04/2017,02:00:00,414,413,416,2.704,0,0,,,0,0,55.8464
21/04/2017,02:15:00,414.5,413.6,416.4,2.732,0,0,,,0,0,55.8464
21/04/2017,02:30:00,414.5,413.7,416.7,2.731,0,0,,,0,0,55.8464
21/04/2017,02:45:00,415.3,414.5,417.2,2.75,0,0,,,0,0,55.8464
21/04/2017,03:00:00,414.7,414,417,2.76,0,0,,,0,0,55.8464
21/04/2017,03:15:00,415.2,414.5,417.2,2.769,0,0,,,0,0,55.8464
21/04/2017,03:30:00,414.9,414.1,416.9,2.772,0,0,,,0,0,55.8464
21/04/2017,03:45:00,415.7,415,417.5,2.784,0,0,,,0,0,55.8464
21/04/2017,04:00:00,415.2,414.5,417.2,2.775,0,0,,,0,0,55.8464
21/04/2017,04:15:00,415.4,414.7,417.3,2.788,0,0,,,0,0,55.8464
21/04/2017,04:30:00,415.3,414.7,417.4,2.803,0,0,,,0,0,55.8464
21/04/2017,04:45:00,415.5,414.8,417.4,2.802,0,0,,,0,0,55.8464
21/04/2017,05:00:00,413.9,413,415.9,2.761,0,0,,,0,0,55.8464
21/04/2017,05:15:00,413.1,412.2,415.1,2.747,0,0,,,0,0,55.8464
21/04/2017,05:30:00,413.1,411.9,415.3,2.74,0,0,,,0,0,55.8464
21/04/2017,05:45:00,413,411.7,414.9,2.731,0,0,,,0,0,55.8464
21/04/2017,06:00:00,412.1,411,414.4,2.724,0,0,,,0,0,55.8464
21/04/2017,06:15:00,414.9,413.9,417.1,2.8,0,0,,,0,0,55.8464
21/04/2017,06:30:00,414.1,413,416.4,2.781,0,0,,,0,0,55.8464
21/04/2017,06:45:00,413.8,412.6,416.1,2.777,0,0,,,0,0,55.8464
21/04/2017,07:00:00,412.7,411.4,414.8,2.72,0,0,,,0,0,55.8464
21/04/2017,07:15:00,413.1,412.3,414.9,2.77,0,0,,,0,0,55.8464
21/04/2017,07:30:00,404.9,407.9,415.3,2.842,0,0,,,650.8,0.6508,56.0091
21/04/2017,07:45:00,410.4,411.6,414.7,2.803,0,0,,,648.3,0.6483,56.1711
21/04/2017,08:00:00,411.7,411.5,414.2,2.407,0.003,0.172,,,636.9,0.6369,56.3304
21/04/2017,08:15:00,411.9,411.5,413.8,2.055,0.264,1.492,,,188.5,0.1885,56.3775
21/04/2017,08:30:00,412.2,412,414.5,2.083,1.917,2.735,,,870.3,0.8703,56.5951
21/04/2017,08:45:00,415.5,415.3,417.6,2.73,3.096,3.885,,,1686,1.686,57.0166
21/04/2017,09:00:00,416,415.8,418.5,3.234,3.775,4.579,,,2185,2.185,57.5628
21/04/2017,09:15:00,417.6,417.2,419.7,3.763,4.408,5.193,,,2660,2.66,58.2278
21/04/2017,09:30:00,418.9,418.2,420.9,4.184,4.897,5.668,,,3008,3.008,58.9798
21/04/2017,09:45:00,419.9,418.6,421.4,4.539,5.145,6.017,,,3334,3.334,59.8133
21/04/2017,10:00:00,420.1,418.6,421.5,4.833,5.423,6.309,,,3569,3.569,60.7056
21/04/2017,10:15:00,420.4,418.7,421.3,5.178,5.786,6.676,,,3852,3.852,61.6686
21/04/2017,10:30:00,418.4,417,420,5.165,5.827,6.691,,,3840,3.84,62.6286
21/04/2017,10:45:00,417.9,416.6,419.3,5.265,5.916,6.816,,,3931,3.931,63.6113
21/04/2017,11:00:00,418,416.7,419.8,5.281,5.948,6.809,,,3937,3.937,64.5956
21/04/2017,11:15:00,417.9,416.4,419.5,5.346,6.013,6.856,,,3986,3.986,65.5921
21/04/2017,11:30:00,417,415.6,418.8,5.381,6.051,6.863,,,3996,3.996,66.5911
21/04/2017,11:45:00,418.9,417.7,420.6,5.439,6.144,7.014,,,4090,4.09,67.6136
21/04/2017,12:00:00,419.3,418.3,421.4,5.952,6.68,7.591,,,4513,4.513,68.7418
21/04/2017,12:15:00,418.5,417.6,420.4,5.386,6.086,7.026,,,4094,4.094,69.7653
21/04/2017,12:30:00,417.4,416.4,419.5,4.997,5.671,6.612,,,3791,3.791,70.7131
21/04/2017,12:45:00,415.5,414.2,417.5,3.685,4.015,4.857,,,2886,2.886,71.4346
21/04/2017,13:00:00,413.4,412,415.4,2.728,2.444,3.269,,,2164,2.164,71.9756
21/04/2017,13:15:00,403.6,407.9,412,2.582,0.648,0.759,,,2482,2.482,72.5961
21/04/2017,13:30:00,408.4,408.7,412.7,2.599,0.761,0.904,,,2310,2.31,73.1736
21/04/2017,13:45:00,412.8,413.3,416.8,3.617,3.497,4.243,,,3000,3,73.9236
21/04/2017,14:00:00,416.6,415.6,418.9,4.331,4.99,5.91,,,3262,3.262,74.7391
21/04/2017,14:15:00,413.2,413.3,416.9,3.422,3.005,3.599,,,2995,2.995,75.4878
21/04/2017,14:30:00,412.4,413.1,416.5,3.314,2.803,3.383,,,2941,2.941,76.2231
21/04/2017,14:45:00,413,413.4,416.4,3.517,3.2,3.734,,,3072,3.072,76.9911
21/04/2017,15:00:00,413.3,413.9,416.9,3.789,3.51,4.039,,,3321,3.321,77.8213
21/04/2017,15:15:00,415.8,415.8,418.3,4.045,3.637,4.194,,,3748,3.748,78.7583
21/04/2017,15:30:00,410.9,410.6,413.5,2.5,0,0,,,593.3,0.5933,78.9066
21/04/2017,15:45:00,410.2,411.1,414.4,2.354,0.385,0.755,,,613.5,0.6135,79.06
21/04/2017,16:00:00,413.7,413.8,417.1,3.115,2.42,2.94,,,2682,2.682,79.7305
21/04/2017,16:15:00,411.5,411.3,414.6,2.469,0.004,0,,,571.6,0.5716,79.8734
21/04/2017,16:30:00,412,410.9,414.1,2.469,0.001,0,,,0,0,79.8734
21/04/2017,16:45:00,411.4,411.6,414.9,2.479,0.003,0,,,554.2,0.5542,80.012
21/04/2017,17:00:00,414.7,414.4,418.3,2.956,1.855,2.287,,,2550,2.55,80.6495
21/04/2017,17:15:00,417,416,419.3,2.867,2.311,2.994,,,2128,2.128,81.1815
21/04/2017,17:30:00,413.8,413.4,417,2.524,0.254,0.33,,,1279,1.279,81.5012
21/04/2017,17:45:00,408.5,413.1,417.2,2.512,0.182,0.256,,,518.9,0.5189,81.6309
21/04/2017,18:00:00,417.1,416.6,419.7,2.123,1.661,2.446,,,1036,1.036,81.8899
21/04/2017,18:15:00,409.4,413.5,417.4,2.484,0.24,0.434,,,529.5,0.5295,82.0223
21/04/2017,18:30:00,411.4,414,417.8,2.215,0.573,1.087,,,533.9,0.5339,82.1558
21/04/2017,18:45:00,411.5,412.9,416.8,2.498,0.054,0.208,,,197.2,0.1972,82.2051
21/04/2017,19:00:00,412.3,413.2,417.1,2.611,0,0,,,584.2,0.5842,82.3511
21/04/2017,19:15:00,415.2,415.4,418,2.644,0.001,0,,,0,0,82.3511
21/04/2017,19:30:00,415.8,415.5,418.2,2.636,0.002,0,,,0,0,82.3511
21/04/2017,19:45:00,413.7,413.4,416.1,2.586,0.002,0,,,0,0,82.3511
21/04/2017,20:00:00,412.6,412.3,415.6,2.581,0,0,,,0,0,82.3511
21/04/2017,20:15:00,412.5,412,415.1,2.584,0,0,,,0,0,82.3511
21/04/2017,20:30:00,412.3,411.9,415.5,2.58,0,0,,,0,0,82.3511
21/04/2017,20:45:00,413.2,412.7,416,2.589,0.002,0,,,0,0,82.3511
21/04/2017,21:00:00,413.8,413.2,417,2.608,0.003,0,,,0,0,82.3511
21/04/2017,21:15:00,413.5,413.1,416.7,2.589,0.015,0,,,0,0,82.3511
21/04/2017,21:30:00,413.2,412.6,416.8,2.595,0.01,0,,,0,0,82.3511
21/04/2017,21:45:00,414.7,414,417.8,2.619,0.004,0,,,0,0,82.3511
21/04/2017,22:00:00,412.6,411.8,415.9,2.572,0.001,0,,,0,0,82.3511
21/04/2017,22:15:00,412.3,411.5,415.4,2.56,0.003,0,,,0,0,82.3511
21/04/2017,22:30:00,412.5,411.8,415.8,2.577,0.003,0,,,0,0,82.3511
21/04/2017,22:45:00,413.5,412.8,416.4,2.6,0.001,0,,,0,0,82.3511
21/04/2017,23:00:00,414.2,413.6,417.4,2.634,0.001,0,,,0,0,82.3511
21/04/2017,23:15:00,414.2,413.6,417,2.639,0.001,0,,,0,0,82.3511
21/04/2017,23:30:00,413.9,413.2,416.7,2.644,0,0,,,0,0,82.3511
21/04/2017,23:45:00,415.1,414.2,417.3,2.681,0,0,,,0,0,82.3511
22/04/2017,00:00:00,414.4,413.5,416.8,2.685,0,0,,,0,0,82.3511
22/04/2017,00:15:00,413.2,412.4,415.5,2.661,0,0,,,0,0,82.3511
22/04/2017,00:30:00,413.2,412.6,415.9,2.687,0,0,,,0,0,82.3511
22/04/2017,00:45:00,414.3,413.7,416.6,2.71,0,0,,,0,0,82.3511
22/04/2017,01:00:00,413.6,413,416.1,2.709,0,0,,,0,0,82.3511
22/04/2017,01:15:00,412,411.4,414.4,2.67,0,0,,,0,0,82.3511
22/04/2017,01:30:00,411.5,411,414.2,2.65,0,0,,,0,0,82.3511
22/04/2017,01:45:00,412.3,411.7,414.7,2.672,0,0,,,0,0,82.3511
22/04/2017,02:00:00,411.8,411.2,414.5,2.661,0,0,,,0,0,82.3511
22/04/2017,02:15:00,412.4,411.8,414.9,2.686,0,0,,,0,0,82.3511
22/04/2017,02:30:00,412.6,412,415.3,2.701,0,0,,,0,0,82.3511
22/04/2017,02:45:00,412.8,412,415.2,2.697,0,0,,,0,0,82.3511
22/04/2017,03:00:00,412.8,412.1,415.4,2.686,0,0,,,0,0,82.3511
22/04/2017,03:15:00,413,412.3,415.2,2.716,0,0,,,0,0,82.3511
22/04/2017,03:30:00,412.5,411.9,415.2,2.704,0,0,,,0,0,82.3511
22/04/2017,03:45:00,412.5,411.8,414.8,2.7,0,0,,,0,0,82.3511
22/04/2017,04:00:00,412.4,411.8,415,2.707,0,0,,,0,0,82.3511
22/04/2017,04:15:00,412.4,411.7,414.8,2.713,0,0,,,0,0,82.3511
22/04/2017,04:30:00,413,412.3,415.6,2.735,0,0,,,0,0,82.3511
22/04/2017,04:45:00,412.9,412.2,415.3,2.732,0,0,,,0,0,82.3511
22/04/2017,05:00:00,412,411.3,414.6,2.716,0,0,,,0,0,82.3511
22/04/2017,05:15:00,412.5,411.8,415,2.719,0,0,,,0,0,82.3511
22/04/2017,05:30:00,412.7,411.8,415.4,2.712,0,0,,,0,0,82.3511
22/04/2017,05:45:00,411.9,410.8,414.3,2.688,0,0,,,0,0,82.3511
22/04/2017,06:00:00,411.6,410.4,414.1,2.676,0,0,,,0,0,82.3511
22/04/2017,06:15:00,412.9,411.7,415.3,2.699,0,0,,,0,0,82.3511
22/04/2017,06:30:00,413.2,412.1,415.7,2.725,0,0,,,0,0,82.3511
22/04/2017,06:45:00,413.7,412.4,416,2.725,0,0,,,0,0,82.3511
22/04/2017,07:00:00,413.6,412.4,415.9,2.733,0,0,,,0,0,82.3511
22/04/2017,07:15:00,413.9,412.7,416.3,2.741,0,0,,,0,0,82.3511
22/04/2017,07:30:00,409.7,411.4,416.9,2.759,0,0,,,601.3,0.6013,82.5015
22/04/2017,07:45:00,411.7,412,416.4,2.705,0.006,0.003,,,0,0,82.5015
22/04/2017,08:00:00,414.2,412.9,416.3,2.238,0,0.811,,,0,0,82.5015
22/04/2017,08:15:00,414.1,413.2,416.5,1.991,1.043,2.034,,,354.4,0.3544,82.5901
22/04/2017,08:30:00,416.8,415.8,419.3,2.607,2.838,3.67,,,1547,1.547,82.9768
22/04/2017,08:45:00,417.9,416.7,420.2,3.727,4.295,5.116,,,2626,2.626,83.6333
22/04/2017,09:00:00,418.8,417.6,421.1,4.196,4.823,5.629,,,3022,3.022,84.3888
22/04/2017,09:15:00,420.8,419.5,422.7,4.526,5.215,6.033,,,3327,3.327,85.2206
22/04/2017,09:30:00,420.8,419.5,423.1,4.719,5.423,6.251,,,3494,3.494,86.0941
22/04/2017,09:45:00,420.4,419.2,422.5,4.912,5.63,6.441,,,3642,3.642,87.0046
22/04/2017,10:00:00,420.1,418.7,422.3,5.145,5.872,6.694,,,3838,3.838,87.9641
22/04/2017,10:15:00,420.7,419.3,422.6,5.331,6.058,6.883,,,3986,3.986,88.9606
22/04/2017,10:30:00,420.6,419.2,422.8,5.482,6.211,7.034,,,4108,4.108,89.9876
22/04/2017,10:45:00,422.4,421.1,424.4,5.826,6.566,7.392,,,4388,4.388,91.0846
22/04/2017,11:00:00,422.2,420.7,424.4,5.754,6.478,7.311,,,4338,4.338,92.1691
22/04/2017,11:15:00,421.8,420.4,423.9,5.826,6.58,7.443,,,4417,4.417,93.2733
22/04/2017,11:30:00,421,419.8,423.6,6.05,6.791,7.675,,,4595,4.595,94.4221
22/04/2017,11:45:00,421.8,420.3,423.8,6.3,7.024,7.9,,,4786,4.786,95.6186
22/04/2017,12:00:00,421.5,420,423.6,6.22,6.87,7.759,,,4709,4.709,96.7958
22/04/2017,12:15:00,421.8,420.5,423.6,6.1,6.775,7.635,,,4623,4.623,97.9516
22/04/2017,12:30:00,421.7,420.2,423.8,6.027,6.662,7.564,,,4574,4.574,99.0951
22/04/2017,12:45:00,421.8,420.1,423.4,5.79,6.426,7.313,,,4395,4.395,100.1938
22/04/2017,13:00:00,422,420.6,424,6.023,6.661,7.551,,,4583,4.583,101.3396
22/04/2017,13:15:00,423.2,421.5,424.8,6.176,6.807,7.701,,,4707,4.707,102.5163
22/04/2017,13:30:00,422.6,421.1,424.7,6.005,6.636,7.542,,,4587,4.587,103.6631
22/04/2017,13:45:00,422.8,421.2,424.5,5.809,6.434,7.322,,,4434,4.434,104.7716
22/04/2017,14:00:00,423.2,421.2,425,6.01,6.597,7.456,,,4562,4.562,105.9121
22/04/2017,14:15:00,423.8,421.8,425.4,6.239,6.822,7.684,,,4737,4.737,107.0963
22/04/2017,14:30:00,423.7,421.9,425.7,6.301,6.844,7.752,,,4792,4.792,108.2943
22/04/2017,14:45:00,424.2,422.3,425.8,6.35,6.905,7.804,,,4833,4.833,109.5026
22/04/2017,15:00:00,424.1,422.1,426.1,6.291,6.835,7.76,,,4801,4.801,110.7028
22/04/2017,15:15:00,424.6,422.7,426,6.124,6.664,7.583,,,4675,4.675,111.8716
22/04/2017,15:30:00,424.3,422.6,426.4,6.042,6.6,7.533,,,4631,4.631,113.0293
22/04/2017,15:45:00,425,423.4,426.6,5.928,6.478,7.402,,,4534,4.534,114.1628
22/04/2017,16:00:00,424.9,423.3,427,5.98,6.536,7.455,,,4577,4.577,115.3071
22/04/2017,16:15:00,424.4,422.7,425.8,5.793,6.339,7.243,,,4423,4.423,116.4128
22/04/2017,16:30:00,422.4,420.7,424.2,5.605,6.124,7.026,,,4258,4.258,117.4773
22/04/2017,16:45:00,422.5,420.8,424,5.281,5.798,6.716,,,4020,4.02,118.4823
22/04/2017,17:00:00,421.2,419.5,423.3,4.584,5.063,6.012,,,3488,3.488,119.3543
22/04/2017,17:15:00,419.1,417.6,421.1,3.317,3.438,4.316,,,2622,2.622,120.0098
22/04/2017,17:30:00,416.8,415.8,419.7,2.495,2.287,3.097,,,1724,1.724,120.4408
22/04/2017,17:45:00,412.9,414.1,418.2,2.06,1.359,2.121,,,1046,1.046,120.7023
22/04/2017,18:00:00,416.3,414.7,418.5,2.113,1.401,1.967,,,1247,1.247,121.0141
22/04/2017,18:15:00,416.3,414.6,418.2,1.919,1.324,2.007,,,861.6,0.8616,121.2295
22/04/2017,18:30:00,413.3,412.6,416.9,2.191,0.219,0.454,,,439.1,0.4391,121.3392
22/04/2017,18:45:00,411.7,411.1,416.3,2.381,0.029,0,,,0,0,121.3392
22/04/2017,19:00:00,409.2,410.4,416.7,2.409,0.025,0,,,0,0,121.3392
22/04/2017,19:15:00,410.7,411.4,416.8,2.423,0.025,0,,,0,0,121.3392
22/04/2017,19:30:00,413.7,412.5,416.9,2.413,0.063,0,,,0,0,121.3392
22/04/2017,19:45:00,413.5,411.7,415.7,2.392,0.034,0,,,0,0,121.3392
22/04/2017,20:00:00,412.2,410.4,415,2.369,0.019,0,,,0,0,121.3392
22/04/2017,20:15:00,411.6,409.6,414.2,2.364,0.014,0,,,0,0,121.3392
22/04/2017,20:30:00,412.4,410.5,415.2,2.407,0.02,0,,,0,0,121.3392
22/04/2017,20:45:00,412.8,410.8,415.1,2.41,0.014,0,,,0,0,121.3392
22/04/2017,21:00:00,412.8,410.9,415.6,2.433,0.015,0,,,0,0,121.3392
22/04/2017,21:15:00,413.8,411.8,416.3,2.475,0.013,0,,,0,0,121.3392
22/04/2017,21:30:00,413.9,412,416.6,2.487,0.016,0,,,0,0,121.3392
22/04/2017,21:45:00,414.2,412.3,416.9,2.507,0.011,0,,,0,0,121.3392
22/04/2017,22:00:00,414.3,412.5,417.2,2.526,0.015,0,,,0,0,121.3392
22/04/2017,22:15:00,414.9,413.1,417.4,2.548,0.009,0,,,0,0,121.3392
22/04/2017,22:30:00,415,413.3,417.9,2.556,0.021,0,,,0,0,121.3392
22/04/2017,22:45:00,415.7,413.9,418.2,2.568,0.01,0,,,0,0,121.3392
22/04/2017,23:00:00,415.8,414.1,418.7,2.591,0.013,0,,,0,0,121.3392
22/04/2017,23:15:00,412,410.5,414.6,2.507,0.003,0,,,0,0,121.3392
22/04/2017,23:30:00,411.8,410.2,414.4,2.507,0,0,,,0,0,121.3392
22/04/2017,23:45:00,412.2,410.6,414.4,2.513,0.001,0,,,0,0,121.3392
23/04/2017,00:00:00,411.6,410,414.4,2.507,0.004,0,,,0,0,121.3392
23/04/2017,00:15:00,412.4,410.8,414.8,2.554,0.002,0,,,0,0,121.3392
23/04/2017,00:30:00,412,410.5,414.6,2.554,0.001,0,,,0,0,121.3392
23/04/2017,00:45:00,412.3,410.7,414.6,2.566,0.001,0,,,0,0,121.3392
23/04/2017,01:00:00,411.1,409.4,413.6,2.545,0,0,,,0,0,121.3392
23/04/2017,01:15:00,411.8,410.4,414.2,2.589,0.001,0,,,0,0,121.3392
23/04/2017,01:30:00,412.1,410.7,414.7,2.587,0,0,,,0,0,121.3392
23/04/2017,01:45:00,412.6,411.2,415,2.594,0,0,,,0,0,121.3392
23/04/2017,02:00:00,413.4,412,416,2.608,0,0,,,0,0,121.3392
23/04/2017,02:15:00,414,412.5,416,2.636,0,0,,,0,0,121.3392
23/04/2017,02:30:00,413.4,411.9,415.5,2.623,0.001,0,,,0,0,121.3392
23/04/2017,02:45:00,414,412.4,416,2.64,0.001,0,,,0,0,121.3392
23/04/2017,03:00:00,413.9,412.3,416.1,2.639,0.001,0,,,0,0,121.3392
23/04/2017,03:15:00,414.3,412.8,416.3,2.64,0.002,0,,,0,0,121.3392
23/04/2017,03:30:00,414.6,413.1,416.6,2.663,0,0,,,0,0,121.3392
23/04/2017,03:45:00,415.2,413.7,417.1,2.678,0,0,,,0,0,121.3392
23/04/2017,04:00:00,414.4,413,416.5,2.669,0,0,,,0,0,121.3392
23/04/2017,04:15:00,414.9,413.2,416.6,2.681,0,0,,,0,0,121.3392
23/04/2017,04:30:00,415.8,414.2,417.8,2.709,0,0,,,0,0,121.3392
23/04/2017,04:45:00,415.3,413.6,417,2.692,0.001,0,,,0,0,121.3392
23/04/2017,05:00:00,414.8,413.3,417,2.695,0,0,,,0,0,121.3392
23/04/2017,05:15:00,415.1,413.3,416.8,2.699,0,0,,,0,0,121.3392
23/04/2017,05:30:00,415.3,413.6,417.2,2.698,0,0,,,0,0,121.3392
23/04/2017,05:45:00,415.4,413.8,417.1,2.703,0,0,,,0,0,121.3392
23/04/2017,06:00:00,415,413.4,416.9,2.702,0,0,,,0,0,121.3392
23/04/2017,06:15:00,415.4,413.6,417,2.69,0,0,,,0,0,121.3392
23/04/2017,06:30:00,415.2,413.5,417.1,2.686,0.002,0,,,0,0,121.3392
23/04/2017,06:45:00,414.9,413,416.3,2.684,0.001,0,,,0,0,121.3392
23/04/2017,07:00:00,415,413.4,416.8,2.69,0,0,,,0,0,121.3392
23/04/2017,07:15:00,415.8,414.2,417.4,2.698,0.001,0,,,0,0,121.3392
23/04/2017,07:30:00,410.8,411.7,417.1,2.693,0,0,,,608.2,0.6082,121.4913
23/04/2017,07:45:00,410.7,411.2,415.9,2.666,0,0,,,562.9,0.5629,121.632
23/04/2017,08:00:00,414.8,413.5,417.1,2.251,0.004,0.946,,,0,0,121.632
23/04/2017,08:15:00,415.4,413.7,417.3,2.042,0.179,1.514,,,250.2,0.2502,121.6946
23/04/2017,08:30:00,416.1,414.4,418,2.061,1.727,2.572,,,776,0.776,121.8886
23/04/2017,08:45:00,416.9,415,418.7,2.684,2.908,3.753,,,1655,1.655,122.3023
23/04/2017,09:00:00,417.5,415.6,419.4,3.237,3.655,4.483,,,2196,2.196,122.8513
23/04/2017,09:15:00,418.6,416.6,420.1,3.639,4.138,4.974,,,2557,2.557,123.4906
23/04/2017,09:30:00,418.5,416.7,420.4,3.978,4.522,5.359,,,2843,2.843,124.2013
23/04/2017,09:45:00,419.7,417.8,421.2,4.056,4.586,5.42,,,2891,2.891,124.9241
23/04/2017,10:00:00,420.1,418.1,421.7,4.178,4.76,5.583,,,3012,3.012,125.6771
23/04/2017,10:15:00,420.3,418.2,421.9,4.614,5.222,6.057,,,3414,3.414,126.5306
23/04/2017,10:30:00,420.6,418.4,422.2,5.179,5.814,6.642,,,3839,3.839,127.4903
23/04/2017,10:45:00,420.6,418.3,421.9,5.466,6.14,6.95,,,4062,4.062,128.5058
23/04/2017,11:00:00,420.7,418.6,422.5,5.739,6.425,7.239,,,4281,4.281,129.5761
23/04/2017,11:15:00,419.5,417.3,420.9,4.788,5.402,6.237,,,3566,3.566,130.4676
23/04/2017,11:30:00,419.2,417.1,421.1,5.248,5.881,6.707,,,3911,3.911,131.4453
23/04/2017,11:45:00,419.5,417.3,420.9,5.206,5.836,6.661,,,3877,3.877,132.4146
23/04/2017,12:00:00,419.5,417.3,421.1,5.466,6.09,6.929,,,4085,4.085,133.4358
23/04/2017,12:15:00,420.2,418,421.4,5.31,5.941,6.769,,,3973,3.973,134.4291
23/04/2017,12:30:00,421.6,419.4,423,5.239,5.857,6.718,,,3937,3.937,135.4133
23/04/2017,12:45:00,423.2,421.2,424.5,5.487,6.126,7.006,,,4149,4.149,136.4506
23/04/2017,13:00:00,425,422.9,426.5,5.539,6.173,7.067,,,4206,4.206,137.5021
23/04/2017,13:15:00,424.8,422.7,426.1,5.29,5.91,6.82,,,4023,4.023,138.5078
23/04/2017,13:30:00,424.3,422.1,425.9,5.16,5.762,6.664,,,3912,3.912,139.4858
23/04/2017,13:45:00,424.3,422.2,425.6,4.827,5.433,6.335,,,3663,3.663,140.4016
23/04/2017,14:00:00,422.6,420.6,424.3,3.836,4.316,5.24,,,3056,3.056,141.1656
23/04/2017,14:15:00,419.8,417.8,421.2,2.239,1.847,2.904,,,1094,1.094,141.4391
23/04/2017,14:30:00,418.9,416.9,420.6,2.137,1.268,2.205,,,1021,1.021,141.6943
23/04/2017,14:45:00,418.8,416.9,420.3,1.96,0.866,1.83,,,626.6,0.6266,141.851
23/04/2017,15:00:00,413.3,414,418.9,2.401,0.209,0.37,,,371.8,0.3718,141.9439
23/04/2017,15:15:00,417.8,416.3,419.8,2.126,0.459,1.171,,,543.4,0.5434,142.0798
23/04/2017,15:30:00,416.7,415.3,419.3,2.389,0.128,0.41,,,127.9,0.1279,142.1117
23/04/2017,15:45:00,412.9,413.1,418.6,2.536,0.036,0,,,602.4,0.6024,142.2623
23/04/2017,16:00:00,407.5,410.9,418.8,2.533,0.048,0,,,585.9,0.5859,142.4088
23/04/2017,16:15:00,412.9,413.1,419.1,2.548,0.044,0,,,0,0,142.4088
23/04/2017,16:30:00,416.4,414.8,418.9,2.547,0.037,0,,,0,0,142.4088
23/04/2017,16:45:00,413.8,413.9,419.3,2.581,0.035,0,,,611.5,0.6115,142.5617
23/04/2017,17:00:00,419.9,418.5,422.3,3.214,3.047,3.817,,,2525,2.525,143.1929
23/04/2017,17:15:00,416.2,414.7,418.3,2.371,0.266,0.497,,,398.5,0.3985,143.2926
23/04/2017,17:30:00,414.6,413.1,417.6,2.539,0.029,0,,,0,0,143.2926
23/04/2017,17:45:00,416.3,414.2,417.8,2.552,0.02,0,,,0,0,143.2926
23/04/2017,18:00:00,408.9,410.2,418.2,2.558,0.027,0,,,0,0,143.2926
23/04/2017,18:15:00,410.3,410.9,418.1,2.565,0.017,0,,,0,0,143.2926
23/04/2017,18:30:00,413.9,413.1,418,2.56,0.018,0,,,0,0,143.2926
23/04/2017,18:45:00,411.9,412.6,418,2.569,0.016,0,,,0,0,143.2926
23/04/2017,19:00:00,416.6,414.5,418.5,2.562,0.025,0,,,0,0,143.2926
23/04/2017,19:15:00,416.6,414.2,417.9,2.553,0.009,0,,,0,0,143.2926
23/04/2017,19:30:00,414.9,412.7,416.8,2.527,0.006,0,,,0,0,143.2926
23/04/2017,19:45:00,414.3,412.2,416.4,2.535,0.007,0,,,0,0,143.2926
23/04/2017,20:00:00,413.5,411.3,415.9,2.517,0.005,0,,,0,0,143.2926
23/04/2017,20:15:00,413.3,411,415.5,2.514,0.002,0,,,0,0,143.2926
23/04/2017,20:30:00,413,410.5,415.3,2.503,0.005,0,,,0,0,143.2926
23/04/2017,20:45:00,413.9,411.3,415.9,2.528,0.007,0,,,0,0,143.2926
23/04/2017,21:00:00,414,411.4,416.3,2.568,0.002,0,,,0,0,143.2926
23/04/2017,21:15:00,414.5,412.1,416.6,2.586,0.001,0,,,0,0,143.2926
23/04/2017,21:30:00,414.9,412.6,417.3,2.599,0.004,0,,,0,0,143.2926
23/04/2017,21:45:00,415.8,413.7,418,2.669,0,0,,,0,0,143.2926
23/04/2017,22:00:00,415.5,413.3,417.8,2.668,0,0,,,0,0,143.2926
23/04/2017,22:15:00,413.8,411.7,415.7,2.622,0,0,,,0,0,143.2926
23/04/2017,22:30:00,414.7,412.8,417.1,2.655,0.001,0,,,0,0,143.2926
23/04/2017,22:45:00,414.8,412.7,416.5,2.669,0,0,,,0,0,143.2926
23/04/2017,23:00:00,414.5,412.5,416.2,2.66,0,0,,,0,0,143.2926
23/04/2017,23:15:00,414.9,412.7,416.2,2.667,0,0,,,0,0,143.2926
23/04/2017,23:30:00,415.8,413.6,417.1,2.693,0,0,,,0,0,143.2926
23/04/2017,23:45:00,416.8,414.5,417.8,2.707,0,0,,,0,0,143.2926
24/04/2017,00:00:00,415.9,413.5,416.9,2.688,0,0,,,0,0,143.2926
24/04/2017,00:15:00,415.7,413.4,416.5,2.677,0,0,,,0,0,143.2926
24/04/2017,00:30:00,413.9,411.7,415,2.643,0,0,,,0,0,143.2926
24/04/2017,00:45:00,414.6,412.7,415.8,2.669,0,0,,,0,0,143.2926
24/04/2017,01:00:00,414.6,412.6,415.8,2.664,0,0,,,0,0,143.2926
24/04/2017,01:15:00,414.7,412.7,415.7,2.683,0,0,,,0,0,143.2926
24/04/2017,01:30:00,414.9,412.8,416.1,2.701,0,0,,,0,0,143.2926
24/04/2017,01:45:00,414.8,412.8,415.7,2.711,0,0,,,0,0,143.2926
24/04/2017,02:00:00,415.1,413.1,416.4,2.707,0,0,,,0,0,143.2926
24/04/2017,02:15:00,415.2,413.4,416.4,2.705,0,0,,,0,0,143.2926
24/04/2017,02:30:00,415.1,413.1,416.3,2.709,0,0,,,0,0,143.2926
24/04/2017,02:45:00,415.2,413.2,416.3,2.72,0,0,,,0,0,143.2926
24/04/2017,03:00:00,414.9,412.9,416.1,2.708,0,0,,,0,0,143.2926
24/04/2017,03:15:00,415.5,413.5,416.6,2.729,0,0,,,0,0,143.2926
24/04/2017,03:30:00,415.7,413.9,417,2.739,0,0,,,0,0,143.2926
24/04/2017,03:45:00,415.2,413.4,416.4,2.726,0,0,,,0,0,143.2926
24/04/2017,04:00:00,415.4,413.5,416.6,2.724,0,0,,,0,0,143.2926
24/04/2017,04:15:00,415.2,413.2,416.3,2.724,0,0,,,0,0,143.2926
24/04/2017,04:30:00,414.8,412.9,416.1,2.715,0,0,,,0,0,143.2926
24/04/2017,04:45:00,414.8,412.9,416,2.707,0,0,,,0,0,143.2926
24/04/2017,05:00:00,413.7,411.8,415.1,2.7,0,0,,,0,0,143.2926
24/04/2017,05:15:00,413.7,411.7,415.1,2.691,0,0,,,0,0,143.2926
24/04/2017,05:30:00,413.6,411.5,415.2,2.674,0,0,,,0,0,143.2926
24/04/2017,05:45:00,412.8,410.6,414.1,2.657,0,0,,,0,0,143.2926
24/04/2017,06:00:00,412.7,410.5,414.1,2.668,0,0,,,0,0,143.2926
24/04/2017,06:15:00,413,410.8,414.6,2.671,0,0,,,0,0,143.2926
24/04/2017,06:30:00,412.6,410.3,414.2,2.677,0,0,,,0,0,143.2926
24/04/2017,06:45:00,411.5,409.6,413.2,2.699,0,0,,,0,0,143.2926
24/04/2017,07:00:00,412,410.1,413.6,2.694,0,0,,,0,0,143.2926
24/04/2017,07:15:00,414.2,412.3,415.9,2.755,0,0,,,0,0,143.2926
24/04/2017,07:30:00,406.3,409.1,414.8,2.691,0,0,,,600.6,0.6006,143.4427
24/04/2017,07:45:00,404.1,409.5,413.9,2.63,0.007,0,,,577.5,0.5775,143.5871
24/04/2017,08:00:00,408.7,408.6,412.5,2.394,0.003,0.417,,,625.9,0.6259,143.7436
24/04/2017,08:15:00,415.4,413.4,416.6,2.049,0.084,1.54,,,105.6,0.1056,143.77
24/04/2017,08:30:00,416.4,414.4,417.9,2.107,1.917,2.822,,,920.9,0.9209,144.0002
24/04/2017,08:45:00,417.3,415.1,418.5,3.084,3.529,4.381,,,2091,2.091,144.5229
24/04/2017,09:00:00,416.8,414.8,418.1,3.624,4.23,5.016,,,2567,2.567,145.1647
24/04/2017,09:15:00,417.1,415.2,418.5,3.516,4.111,4.922,,,2524,2.524,145.7957
24/04/2017,09:30:00,417.8,415.9,419.4,3.548,4.118,4.921,,,2543,2.543,146.4314
24/04/2017,09:45:00,417.6,415.5,418.9,3.867,4.431,5.263,,,2882,2.882,147.1519
24/04/2017,10:00:00,417.9,416.2,419.8,4.176,4.838,5.661,,,3203,3.203,147.9527
24/04/2017,10:15:00,417.4,415.7,419.3,4.834,5.62,6.459,,,3620,3.62,148.8577
24/04/2017,10:30:00,416.5,415,418.8,4.94,5.733,6.568,,,3703,3.703,149.7834
24/04/2017,10:45:00,418.2,416.5,420,5.299,6.118,6.94,,,3985,3.985,150.7797
24/04/2017,11:00:00,417.3,415.6,419.2,4.877,5.6,6.464,,,3761,3.761,151.7199
24/04/2017,11:15:00,417,415.1,418.7,5.119,5.869,6.767,,,3888,3.888,152.6919
24/04/2017,11:30:00,416.8,414.9,418.7,5.335,6.092,7.016,,,4054,4.054,153.7054
24/04/2017,11:45:00,418,415.8,419.6,5.361,6.1,7.091,,,4117,4.117,154.7347
24/04/2017,12:00:00,419.4,417.2,421.3,5.491,6.203,7.181,,,4207,4.207,155.7864
24/04/2017,12:15:00,417.3,414.8,418.7,4.019,4.561,5.593,,,3067,3.067,156.5532
24/04/2017,12:30:00,413.8,411.6,415.6,2.463,2.391,3.419,,,1873,1.873,157.0214
24/04/2017,12:45:00,414.6,412.2,416.1,2.419,2.574,3.602,,,1727,1.727,157.4532
24/04/2017,13:00:00,412,411.5,416.2,3.361,3.325,4.116,,,2785,2.785,158.1494
24/04/2017,13:15:00,411.3,410.5,415.2,2.902,2.396,2.944,,,2483,2.483,158.7702
24/04/2017,13:30:00,416.1,413.9,417.8,3.536,4.041,5.069,,,2666,2.666,159.4367
24/04/2017,13:45:00,410,409.8,414.1,2.657,1.708,2.125,,,2202,2.202,159.9872
24/04/2017,14:00:00,409,408.6,413.5,2.623,1.002,1.258,,,2282,2.282,160.5577
24/04/2017,14:15:00,409,409.5,413.7,2.744,1.032,1.182,,,2707,2.707,161.2344
24/04/2017,14:30:00,409.8,409,412.6,2.618,0.439,0.491,,,3098,3.098,162.0089
24/04/2017,14:45:00,409.3,408.6,412.1,2.435,0.004,0,,,531.6,0.5316,162.1418
24/04/2017,15:00:00,408.6,408.1,412.6,2.469,0.17,0.192,,,2559,2.559,162.7816
24/04/2017,15:15:00,408.4,408,412.4,2.428,0.084,0.047,,,512.5,0.5125,162.9097
24/04/2017,15:30:00,408.9,409.6,414.6,2.339,1.267,1.876,,,1335,1.335,163.2435
24/04/2017,15:45:00,409.3,409.1,413.3,2.418,0.369,0.498,,,1500,1.5,163.6185
24/04/2017,16:00:00,415.4,413,416.7,2.37,2.29,3.266,,,1442,1.442,163.979
24/04/2017,16:15:00,410.7,410.4,414.4,2.161,0.836,1.337,,,736,0.736,164.163
24/04/2017,16:30:00,407.8,408.9,413.9,2.38,0.467,0.657,,,1072,1.072,164.431
24/04/2017,16:45:00,415.8,413.6,417.2,2.635,2.844,3.802,,,1745,1.745,164.8672
24/04/2017,17:00:00,415.2,413.2,416.9,2.292,1.966,2.905,,,1284,1.284,165.1882
24/04/2017,17:15:00,415.7,413.6,417.1,1.995,1.644,2.56,,,928,0.928,165.4202
24/04/2017,17:30:00,415.3,413.8,417.6,2.183,1.553,2.277,,,1058,1.058,165.6847
24/04/2017,17:45:00,415.2,413.2,416.6,1.91,1.442,2.362,,,748.6,0.7486,165.8719
24/04/2017,18:00:00,408.5,408.7,414,2.475,0.075,0.111,,,0,0,165.8719
24/04/2017,18:15:00,403.8,405.4,413.7,2.496,0,0,,,0,0,165.8719
24/04/2017,18:30:00,406,406.8,414.4,2.521,0.001,0,,,0,0,165.8719
24/04/2017,18:45:00,406.9,408.1,415.5,2.561,0,0,,,0,0,165.8719
24/04/2017,19:00:00,408.8,409.8,414.5,2.546,0,0,,,576.4,0.5764,166.016
24/04/2017,19:15:00,411.2,410.8,414.1,2.553,0,0,,,0,0,166.016
24/04/2017,19:30:00,412.2,411,414.7,2.57,0.001,0,,,0,0,166.016
24/04/2017,19:45:00,413.4,411.8,415.5,2.558,0.003,0,,,0,0,166.016
24/04/2017,20:00:00,411.9,410.6,414.8,2.568,0,0,,,0,0,166.016
24/04/2017,20:15:00,411.8,410.4,414.4,2.585,0.001,0,,,0,0,166.016
24/04/2017,20:30:00,412.4,411.2,415.5,2.606,0,0,,,0,0,166.016
24/04/2017,20:45:00,413.2,411.8,415.8,2.626,0,0,,,0,0,166.016
24/04/2017,21:00:00,413.5,412.2,416.5,2.646,0,0,,,0,0,166.016
24/04/2017,21:15:00,413.2,411.7,416,2.623,0.001,0,,,0,0,166.016
24/04/2017,21:30:00,414,412.5,417,2.646,0,0,,,0,0,166.016
24/04/2017,21:45:00,414.8,413.3,417.4,2.686,0,0,,,0,0,166.016
24/04/2017,22:00:00,412.9,411.6,415.8,2.624,0,0,,,0,0,166.016
24/04/2017,22:15:00,411.2,409.9,413.7,2.579,0,0,,,0,0,166.016
24/04/2017,22:30:00,412.4,410.9,414.9,2.61,0,0,,,0,0,166.016
24/04/2017,22:45:00,413.8,412.1,415.8,2.642,0,0,,,0,0,166.016
24/04/2017,23:00:00,414.7,413.2,416.9,2.67,0,0,,,0,0,166.016
24/04/2017,23:15:00,414.1,412.7,416.3,2.69,0,0,,,0,0,166.016
24/04/2017,23:30:00,414.6,413.2,417,2.706,0,0,,,0,0,166.016
24/04/2017,23:45:00,415.5,414.1,417.7,2.718,0,0,,,0,0,166.016
25/04/2017,00:00:00,414.8,413.6,417.3,2.709,0,0,,,0,0,166.016
25/04/2017,00:15:00,411.3,410,413.5,2.633,0,0,,,0,0,166.016
25/04/2017,00:30:00,411.6,410.3,413.9,2.644,0,0,,,0,0,166.016
25/04/2017,00:45:00,411.7,410.4,413.7,2.638,0,0,,,0,0,166.016
25/04/2017,01:00:00,411.6,410.2,413.8,2.649,0,0,,,0,0,166.016
25/04/2017,01:15:00,411.9,410.7,414,2.659,0,0,,,0,0,166.016
25/04/2017,01:30:00,411.9,410.8,414.3,2.666,0,0,,,0,0,166.016
25/04/2017,01:45:00,412.5,411.3,414.6,2.674,0,0,,,0,0,166.016
25/04/2017,02:00:00,412.5,411.3,414.7,2.676,0,0,,,0,0,166.016
25/04/2017,02:15:00,412.3,411.2,414.5,2.684,0,0,,,0,0,166.016
25/04/2017,02:30:00,413.2,412,415.3,2.706,0,0,,,0,0,166.016
25/04/2017,02:45:00,413.7,412.5,415.7,2.713,0,0,,,0,0,166.016
25/04/2017,03:00:00,413.1,412,415.4,2.714,0,0,,,0,0,166.016
25/04/2017,03:15:00,413.2,411.8,415,2.714,0,0,,,0,0,166.016
25/04/2017,03:30:00,413.3,411.9,415.2,2.721,0,0,,,0,0,166.016
25/04/2017,03:45:00,412.9,411.6,414.8,2.713,0,0,,,0,0,166.016
25/04/2017,04:00:00,412.9,411.6,414.9,2.713,0,0,,,0,0,166.016
25/04/2017,04:15:00,413.5,412.3,415.5,2.734,0,0,,,0,0,166.016
25/04/2017,04:30:00,413.1,411.8,415.2,2.711,0,0,,,0,0,166.016
25/04/2017,04:45:00,413.2,411.9,415.2,2.717,0,0,,,0,0,166.016
25/04/2017,05:00:00,411.9,410.5,413.9,2.675,0,0,,,0,0,166.016
25/04/2017,05:15:00,411.4,410.2,413.5,2.676,0,0,,,0,0,166.016
25/04/2017,05:30:00,411.2,409.6,413.5,2.662,0,0,,,0,0,166.016
25/04/2017,05:45:00,411.5,409.7,413.5,2.683,0,0,,,0,0,166.016
25/04/2017,06:00:00,411.3,409.6,413.7,2.685,0,0,,,0,0,166.016
25/04/2017,06:15:00,411.8,410.2,414,2.685,0,0,,,0,0,166.016
25/04/2017,06:30:00,411.1,409.2,413.3,2.673,0,0,,,0,0,166.016
25/04/2017,06:45:00,410.2,408.6,412.4,2.683,0,0,,,0,0,166.016
25/04/2017,07:00:00,413.3,411.9,415.3,2.768,0,0,,,0,0,166.016
25/04/2017,07:15:00,414.9,413.5,417.2,2.879,0,0,,,0,0,166.016
25/04/2017,07:30:00,410.9,411.5,417.1,2.924,0.003,0,,,0,0,166.016
25/04/2017,07:45:00,410.6,411.5,415.7,2.892,0,0,,,642.4,0.6424,166.1766
25/04/2017,08:00:00,411.9,411.1,415.2,2.536,0.006,0.447,,,641.6,0.6416,166.337
25/04/2017,08:15:00,414.3,412.7,416.3,2.178,0.362,1.662,,,121.3,0.1213,166.3673
25/04/2017,08:30:00,414.9,413.4,417.1,2.265,2.066,2.859,,,901,0.901,166.5925
25/04/2017,08:45:00,416.6,414.6,418.4,3.092,3.445,4.248,,,1953,1.953,167.0808
25/04/2017,09:00:00,416.1,414,418.1,3.597,4.104,4.921,,,2454,2.454,167.6943
25/04/2017,09:15:00,419,416.6,420.5,3.884,4.367,5.25,,,2720,2.72,168.3743
25/04/2017,09:30:00,421.5,418.9,423,4.107,4.658,5.607,,,2962,2.962,169.1148
25/04/2017,09:45:00,421.8,419,423,4.296,4.838,5.782,,,3109,3.109,169.892
25/04/2017,10:00:00,421,418.4,422.4,4.4,4.975,5.884,,,3189,3.189,170.6893
25/04/2017,10:15:00,420.4,417.6,421.7,4.34,4.924,5.871,,,3199,3.199,171.489
25/04/2017,10:30:00,418.9,416.3,420.7,4.382,4.986,5.973,,,3272,3.272,172.307
25/04/2017,10:45:00,418.5,415.9,420.1,4.554,5.178,6.147,,,3388,3.388,173.154
25/04/2017,11:00:00,418.7,416.2,420.5,4.503,5.141,6.145,,,3373,3.373,173.9973
25/04/2017,11:15:00,419,416.4,420.4,4.482,5.081,6.113,,,3383,3.383,174.843
25/04/2017,11:30:00,417.7,415.3,419.7,4.448,5.025,6.042,,,3325,3.325,175.6743
25/04/2017,11:45:00,416.4,414.3,418.4,3.873,4.476,5.449,,,2863,2.863,176.39
25/04/2017,12:00:00,416.1,414.1,418.3,3.434,3.94,4.91,,,2529,2.529,177.0223
25/04/2017,12:15:00,416.2,414.3,418.2,3.757,4.321,5.27,,,2833,2.833,177.7305
25/04/2017,12:30:00,415.8,414.1,418.3,3.715,4.285,5.222,,,2819,2.819,178.4353
25/04/2017,12:45:00,410.4,409.7,414.4,2.528,1.806,2.397,,,1847,1.847,178.897
25/04/2017,13:00:00,410.7,410.2,415,3.013,1.993,2.4,,,2764,2.764,179.588
25/04/2017,13:15:00,406.8,406.6,412.4,2.464,0.349,0.308,,,2207,2.207,180.1398
25/04/2017,13:30:00,414.9,413.1,417.5,3.735,3.872,4.693,,,3082,3.082,180.9103
25/04/2017,13:45:00,409.9,409,413.7,2.621,1.09,1.318,,,2460,2.46,181.5253
25/04/2017,14:00:00,412,411,415.6,3.431,2.757,3.271,,,3243,3.243,182.336
25/04/2017,14:15:00,410.1,409.4,413.5,2.857,1.175,1.364,,,3063,3.063,183.1018
25/04/2017,14:30:00,411,410.5,415,3.148,2.643,3.188,,,2702,2.702,183.7773
25/04/2017,14:45:00,413.9,413.3,416.8,4.107,4.27,4.909,,,3317,3.317,184.6065
25/04/2017,15:00:00,412.9,412.6,416.4,4.071,3.926,4.433,,,3427,3.427,185.4633
25/04/2017,15:15:00,408.5,407.9,412.8,2.23,0.871,1.286,,,797.6,0.7976,185.6627
25/04/2017,15:30:00,411.8,410.1,413.7,2.075,1.221,1.894,,,817.9,0.8179,185.8672
25/04/2017,15:45:00,412.4,410.2,413.9,2.056,0.109,0.762,,,246.3,0.2463,185.9287
25/04/2017,16:00:00,411.6,409.8,413.8,2.216,0.079,0.434,,,134.9,0.1349,185.9625
25/04/2017,16:15:00,412.3,409.9,413.5,1.951,0.135,1.085,,,307.1,0.3071,186.0392
25/04/2017,16:30:00,413.1,410.9,414.9,1.96,1.004,1.91,,,741.1,0.7411,186.2245
25/04/2017,16:45:00,416.7,414.5,417.7,3.204,3.639,4.489,,,2289,2.289,186.7968
25/04/2017,17:00:00,415.2,413.1,416.7,2.347,2.243,3.152,,,1359,1.359,187.1365
25/04/2017,17:15:00,414.8,412.9,416.2,2.312,1.597,2.401,,,1244,1.244,187.4475
25/04/2017,17:30:00,415.5,413.6,417.2,2.023,1.849,2.749,,,954.6,0.9546,187.6862
25/04/2017,17:45:00,416.4,414.5,417.7,2.012,1.681,2.603,,,867.5,0.8675,187.903
25/04/2017,18:00:00,413,411.1,414.5,2.024,0.074,0.896,,,139.9,0.1399,187.938
25/04/2017,18:15:00,413,411.2,414.4,2.007,0.073,0.905,,,191.4,0.1914,187.9859
25/04/2017,18:30:00,413.1,411.6,415.4,1.87,0.475,1.664,,,325.1,0.3251,188.0671
25/04/2017,18:45:00,413.7,412.2,415.7,2.097,0.001,0.827,,,100.3,0.1003,188.0922
25/04/2017,19:00:00,410.4,410.2,414.7,2.402,0.064,0.033,,,564.9,0.5649,188.2334
25/04/2017,19:15:00,406.9,408.5,414,2.542,0,0,,,0,0,188.2334
25/04/2017,19:30:00,410.2,409.7,414.2,2.568,0,0,,,0,0,188.2334
25/04/2017,19:45:00,412.4,410.9,414.6,2.57,0,0,,,0,0,188.2334
25/04/2017,20:00:00,411,409.6,413.7,2.537,0,0,,,0,0,188.2334
25/04/2017,20:15:00,410.8,409.2,413.3,2.516,0,0,,,0,0,188.2334
25/04/2017,20:30:00,411.1,409.6,414.2,2.542,0,0,,,0,0,188.2334
25/04/2017,20:45:00,412.2,410.8,415,2.574,0,0,,,0,0,188.2334
25/04/2017,21:00:00,411.3,409.9,414.4,2.548,0,0,,,0,0,188.2334
25/04/2017,21:15:00,411.8,410.3,414.4,2.565,0,0,,,0,0,188.2334
25/04/2017,21:30:00,411.5,410,414.5,2.552,0,0,,,0,0,188.2334
25/04/2017,21:45:00,411.8,410.5,414.6,2.555,0,0,,,0,0,188.2334
25/04/2017,22:00:00,410.6,409.3,413.6,2.533,0,0,,,0,0,188.2334
25/04/2017,22:15:00,411,409.4,413.4,2.54,0,0,,,0,0,188.2334
25/04/2017,22:30:00,410.3,408.8,412.9,2.523,0,0,,,0,0,188.2334
25/04/2017,22:45:00,411.4,409.8,413.5,2.545,0,0,,,0,0,188.2334
25/04/2017,23:00:00,411.8,410.3,414.4,2.56,0,0,,,0,0,188.2334
25/04/2017,23:15:00,411.3,409.8,413.6,2.532,0,0,,,0,0,188.2334
25/04/2017,23:30:00,411.1,409.6,413.6,2.548,0,0,,,0,0,188.2334
25/04/2017,23:45:00,411.9,410.5,414.1,2.576,0,0,,,0,0,188.2334
26/04/2017,00:00:00,410.4,409.4,413.2,2.551,0,0,,,0,0,188.2334
26/04/2017,00:15:00,410.2,408.8,412.6,2.547,0,0,,,0,0,188.2334
26/04/2017,00:30:00,410.8,409.6,413.3,2.578,0,0,,,0,0,188.2334
26/04/2017,00:45:00,411.4,410.3,413.6,2.59,0,0,,,0,0,188.2334
26/04/2017,01:00:00,411.8,410.5,414,2.586,0,0,,,0,0,188.2334
26/04/2017,01:15:00,411.3,410.1,413.4,2.58,0,0,,,0,0,188.2334
26/04/2017,01:30:00,411.1,410.1,413.5,2.579,0,0,,,0,0,188.2334
26/04/2017,01:45:00,411.7,410.8,413.9,2.63,0,0,,,0,0,188.2334
26/04/2017,02:00:00,412.3,411.3,414.7,2.656,0,0,,,0,0,188.2334
26/04/2017,02:15:00,411.8,410.8,414,2.659,0,0,,,0,0,188.2334
26/04/2017,02:30:00,411.6,410.6,414,2.644,0,0,,,0,0,188.2334
26/04/2017,02:45:00,412.5,411.4,414.7,2.668,0,0,,,0,0,188.2334
26/04/2017,03:00:00,412,410.9,414.2,2.659,0,0,,,0,0,188.2334
26/04/2017,03:15:00,411.8,410.9,414,2.65,0,0,,,0,0,188.2334
26/04/2017,03:30:00,411.7,410.6,414,2.649,0,0,,,0,0,188.2334
26/04/2017,03:45:00,412.3,411.3,414.5,2.668,0,0,,,0,0,188.2334
26/04/2017,04:00:00,412.2,411.1,414.5,2.668,0,0,,,0,0,188.2334
26/04/2017,04:15:00,412.5,411.4,414.6,2.67,0,0,,,0,0,188.2334
26/04/2017,04:30:00,412.1,411.2,414.5,2.674,0,0,,,0,0,188.2334
26/04/2017,04:45:00,412,410.9,414.1,2.663,0,0,,,0,0,188.2334
26/04/2017,05:00:00,411.4,410.2,413.8,2.651,0,0,,,0,0,188.2334
26/04/2017,05:15:00,411.9,410.3,413.9,2.658,0,0,,,0,0,188.2334
26/04/2017,05:30:00,411,409.4,413.4,2.616,0,0,,,0,0,188.2334
26/04/2017,05:45:00,411.3,409.5,413.3,2.65,0,0,,,0,0,188.2334
26/04/2017,06:00:00,410.5,408.8,413,2.751,0,0,,,0,0,188.2334
26/04/2017,06:15:00,409.6,408,411.8,2.729,0,0,,,0,0,188.2334
26/04/2017,06:30:00,409.3,407.6,411.4,2.738,0,0,,,0,0,188.2334
26/04/2017,06:45:00,410.2,408.6,412.5,2.777,0,0,,,0,0,188.2334
26/04/2017,07:00:00,414.9,413.2,417.2,2.87,0,0,,,0,0,188.2334
26/04/2017,07:15:00,414.8,412.9,416.9,2.712,0.001,0,,,0,0,188.2334
26/04/2017,07:30:00,408.5,409.9,415.8,2.679,0.001,0,,,0,0,188.2334
26/04/2017,07:45:00,409.3,409.5,414.9,2.637,0,0,,,536,0.536,188.3674
26/04/2017,08:00:00,411.5,409.7,413.8,2.523,0.004,0.002,,,0,0,188.3674
26/04/2017,08:15:00,412.8,410.8,414.7,2.548,0.205,0.409,,,8.435,0.0084,188.3695
26/04/2017,08:30:00,412.2,410,413.9,2.41,0,0.358,,,68.22,0.0682,188.3866
26/04/2017,08:45:00,413.4,411.1,414.7,2.115,0.711,1.859,,,386.9,0.3869,188.4833
26/04/2017,09:00:00,413.3,411.2,414.9,2.148,1.113,2.105,,,571.4,0.5714,188.6262
26/04/2017,09:15:00,415.6,413.2,417.2,2.929,3.009,3.915,,,1746,1.746,189.0627
26/04/2017,09:30:00,418.1,415.6,419.7,4.168,4.681,5.553,,,2951,2.951,189.8004
26/04/2017,09:45:00,416.8,414.1,418,3.677,4.068,4.939,,,2547,2.547,190.4372
26/04/2017,10:00:00,414.9,412.4,416.3,3.033,3.238,4.079,,,1909,1.909,190.9144
26/04/2017,10:15:00,417,414.7,418.4,4.963,5.61,6.503,,,3754,3.754,191.8529
26/04/2017,10:30:00,416.7,414.6,418.5,5.419,6.086,6.967,,,4086,4.086,192.8744
26/04/2017,10:45:00,419.9,417.8,421.5,5.471,6.167,7.056,,,4138,4.138,193.9089
26/04/2017,11:00:00,420.3,418.4,422.3,5.732,6.471,7.336,,,4333,4.333,194.9922
26/04/2017,11:15:00,421,419.3,422.9,6.282,7.115,7.963,,,4715,4.715,196.1709
26/04/2017,11:30:00,420.9,419.1,422.9,6.925,7.737,8.541,,,5182,5.182,197.4664
26/04/2017,11:45:00,421,419.2,423,7.056,7.824,8.657,,,5314,5.314,198.7949
26/04/2017,12:00:00,421.2,419.4,423,7.29,8.036,8.784,,,5466,5.466,200.1614
26/04/2017,12:15:00,422.1,420.2,423.7,7.499,8.198,8.984,,,5624,5.624,201.5674
26/04/2017,12:30:00,421.3,419.5,423.2,7.482,8.142,8.948,,,5593,5.593,202.9657
26/04/2017,12:45:00,421.1,419.3,422.8,7.523,8.096,8.972,,,5636,5.636,204.3747
26/04/2017,13:00:00,421.4,419.5,423.3,7.378,7.953,8.828,,,5565,5.565,205.7659
26/04/2017,13:15:00,421.3,419.2,422.8,6.942,7.477,8.366,,,5216,5.216,207.0699
26/04/2017,13:30:00,420.9,419,422.5,6.781,7.262,8.192,,,5099,5.099,208.3447
26/04/2017,13:45:00,421.4,419.4,422.8,6.762,7.228,8.178,,,5102,5.102,209.6202
26/04/2017,14:00:00,421,419,422.8,6.797,7.255,8.212,,,5140,5.14,210.9052
26/04/2017,14:15:00,420.4,418.5,421.8,6.681,7.217,8.111,,,5051,5.051,212.1679
26/04/2017,14:30:00,419.8,418.2,421.7,6.669,7.215,8.07,,,5026,5.026,213.4244
26/04/2017,14:45:00,419.9,418.1,421.4,6.581,7.068,7.966,,,4970,4.97,214.6669
26/04/2017,15:00:00,419.7,417.9,421.4,6.303,6.786,7.682,,,4762,4.762,215.8574
26/04/2017,15:15:00,419.8,417.4,420.7,6.277,6.737,7.664,,,4756,4.756,217.0464
26/04/2017,15:30:00,419.4,417.2,420.8,6.043,6.511,7.457,,,4595,4.595,218.1952
26/04/2017,15:45:00,418.2,415.7,419.3,4.332,4.606,5.573,,,3515,3.515,219.0739
26/04/2017,16:00:00,419.6,417.1,421,5.87,6.308,7.236,,,4454,4.454,220.1874
26/04/2017,16:15:00,419.3,416.9,420.4,6.039,6.504,7.41,,,4579,4.579,221.3322
26/04/2017,16:30:00,419.5,417.2,420.8,5.666,6.11,7.027,,,4290,4.29,222.4047
26/04/2017,16:45:00,419.7,417.5,420.8,5.282,5.7,6.635,,,3982,3.982,223.4002
26/04/2017,17:00:00,419.1,416.7,420.1,4.508,4.872,5.783,,,3372,3.372,224.2432
26/04/2017,17:15:00,418.8,416.4,419.7,3.683,3.975,4.939,,,2728,2.728,224.9252
26/04/2017,17:30:00,415.5,413.6,416.9,2.853,3.057,4.013,,,2000,2,225.4252
26/04/2017,17:45:00,414.8,412.9,416,2.437,2.577,3.536,,,1624,1.624,225.8312
26/04/2017,18:00:00,415.1,413.4,416.8,2.105,2.094,3.079,,,1262,1.262,226.1467
26/04/2017,18:15:00,415.4,413.8,417.2,1.939,1.788,2.764,,,1018,1.018,226.4012
26/04/2017,18:30:00,415.4,413.6,417,1.81,1.342,2.276,,,652.4,0.6524,226.5643
26/04/2017,18:45:00,414.1,412.7,415.6,1.858,0.098,1.333,,,248.3,0.2483,226.6263
26/04/2017,19:00:00,411.8,410.7,414.1,2.285,0.112,0.032,,,0,0,226.6263
26/04/2017,19:15:00,408.1,408.5,413.9,2.441,0.003,0,,,0,0,226.6263
26/04/2017,19:30:00,410.9,409.7,414.1,2.439,0.007,0,,,0,0,226.6263
26/04/2017,19:45:00,412.6,411.3,414.8,2.489,0.022,0,,,0,0,226.6263
26/04/2017,20:00:00,410.7,409.5,413.5,2.47,0.005,0,,,0,0,226.6263
26/04/2017,20:15:00,409.4,408,412,2.435,0.002,0,,,0,0,226.6263
26/04/2017,20:30:00,409.2,407.8,412.2,2.447,0.005,0,,,0,0,226.6263
26/04/2017,20:45:00,409.9,408.6,412.8,2.479,0.007,0,,,0,0,226.6263
26/04/2017,21:00:00,411.1,409.8,414.2,2.529,0.016,0,,,0,0,226.6263
26/04/2017,21:15:00,412.5,411.3,415.3,2.552,0.016,0,,,0,0,226.6263
26/04/2017,21:30:00,412.8,411.5,415.8,2.575,0.008,0,,,0,0,226.6263
26/04/2017,21:45:00,413,411.8,415.7,2.592,0.004,0,,,0,0,226.6263
26/04/2017,22:00:00,410.8,409.6,413.7,2.529,0.002,0,,,0,0,226.6263
26/04/2017,22:15:00,411.3,410,413.8,2.526,0.001,0,,,0,0,226.6263
26/04/2017,22:30:00,412.4,411.1,415.1,2.569,0.003,0,,,0,0,226.6263
26/04/2017,22:45:00,413.5,412.3,415.8,2.595,0.002,0,,,0,0,226.6263
26/04/2017,23:00:00,414.5,413.3,416.9,2.621,0.004,0,,,0,0,226.6263
26/04/2017,23:15:00,414.9,413.7,417.3,2.651,0.003,0,,,0,0,226.6263
26/04/2017,23:30:00,414.8,413.6,417.4,2.723,0.002,0,,,0,0,226.6263
26/04/2017,23:45:00,415,413.9,417.2,2.746,0.001,0,,,0,0,226.6263
27/04/2017,00:00:00,412.9,411.8,415.3,2.714,0,0,,,0,0,226.6263
27/04/2017,00:15:00,412.1,411,414.2,2.721,0,0,,,0,0,226.6263
27/04/2017,00:30:00,412.5,411.6,414.9,2.728,0,0,,,0,0,226.6263
27/04/2017,00:45:00,412.9,411.9,415.2,2.732,0,0,,,0,0,226.6263
27/04/2017,01:00:00,413.2,412.1,415.5,2.755,0,0,,,0,0,226.6263
27/04/2017,01:15:00,412.9,411.8,415.1,2.751,0,0,,,0,0,226.6263
27/04/2017,01:30:00,412.8,411.7,415.3,2.75,0,0,,,0,0,226.6263
27/04/2017,01:45:00,413.5,412.5,415.8,2.781,0,0,,,0,0,226.6263
27/04/2017,02:00:00,413.6,412.6,416.2,2.805,0,0,,,0,0,226.6263
27/04/2017,02:15:00,413.8,412.8,416,2.813,0,0,,,0,0,226.6263
27/04/2017,02:30:00,414.7,413.7,417.1,2.852,0,0,,,0,0,226.6263
27/04/2017,02:45:00,415.4,414.5,417.5,2.88,0,0,,,0,0,226.6263
27/04/2017,03:00:00,414.5,413.6,416.8,2.858,0,0,,,0,0,226.6263
27/04/2017,03:15:00,414.8,413.7,416.9,2.856,0,0,,,0,0,226.6263
27/04/2017,03:30:00,414.1,413.2,416.7,2.847,0,0,,,0,0,226.6263
27/04/2017,03:45:00,415.1,414.3,417.4,2.874,0,0,,,0,0,226.6263
27/04/2017,04:00:00,414.8,413.7,417.2,2.797,0,0,,,0,0,226.6263
27/04/2017,04:15:00,414.8,413.7,417,2.725,0,0,,,0,0,226.6263
27/04/2017,04:30:00,414.4,413.5,417,2.723,0,0,,,0,0,226.6263
27/04/2017,04:45:00,414.7,413.5,416.8,2.728,0,0,,,0,0,226.6263
27/04/2017,05:00:00,414.2,413.1,416.6,2.798,0,0,,,0,0,226.6263
27/04/2017,05:15:00,414.5,413.5,416.9,2.848,0,0,,,0,0,226.6263
27/04/2017,05:30:00,413.9,412.9,416.5,2.858,0,0,,,0,0,226.6263
27/04/2017,05:45:00,413.4,412.2,415.9,2.844,0,0,,,0,0,226.6263
27/04/2017,06:00:00,412,410.9,414.7,2.814,0,0,,,0,0,226.6263
27/04/2017,06:15:00,411.6,410.4,413.9,2.695,0,0,,,0,0,226.6263
27/04/2017,06:30:00,410,408.9,412.9,2.631,0,0,,,0,0,226.6263
27/04/2017,06:45:00,410.5,409.3,413.1,2.683,0,0,,,0,0,226.6263
27/04/2017,07:00:00,410.4,409.4,413.2,2.783,0,0,,,0,0,226.6263
27/04/2017,07:15:00,414.7,413.6,416.9,2.904,0,0,,,0,0,226.6263
27/04/2017,07:30:00,410.9,411.7,416.5,2.888,0,0,,,0,0,226.6263
27/04/2017,07:45:00,411.7,413.2,415.7,2.978,0,0,,,674.7,0.6747,226.795
27/04/2017,08:00:00,411.2,411.7,415.5,2.794,0.003,0.235,,,654,0.654,226.9585
27/04/2017,08:15:00,414.3,413.4,416,2.171,0.299,1.66,,,102.4,0.1024,226.9841
27/04/2017,08:30:00,415.8,414.8,417.7,2.288,2.096,2.893,,,965.6,0.9656,227.2255
27/04/2017,08:45:00,416.1,414.9,417.7,2.805,2.976,3.739,,,1612,1.612,227.6285
27/04/2017,09:00:00,415.4,414.3,417.4,3.228,3.53,4.33,,,2077,2.077,228.1478
27/04/2017,09:15:00,415.6,414.3,417.4,3.761,4.156,5.019,,,2588,2.588,228.7948
27/04/2017,09:30:00,417.4,416.2,419.4,3.879,4.307,5.149,,,2666,2.666,229.4613
27/04/2017,09:45:00,417,415.6,418.6,3.454,3.759,4.589,,,2260,2.26,230.0263
27/04/2017,10:00:00,416.1,415,417.9,3.57,3.937,4.63,,,2283,2.283,230.597
27/04/2017,10:15:00,414.5,413.3,415.9,3.228,3.512,4.206,,,1981,1.981,231.0923
27/04/2017,10:30:00,414.4,413.1,416.1,3.306,3.593,4.345,,,2073,2.073,231.6105
27/04/2017,10:45:00,415,413.5,416.3,3.223,3.485,4.272,,,2127,2.127,232.1423
27/04/2017,11:00:00,414.2,412.8,416.2,3.565,3.865,4.718,,,2773,2.773,232.8355
27/04/2017,11:15:00,414.7,413.2,416.6,3.683,4.12,4.978,,,2837,2.837,233.5448
27/04/2017,11:30:00,408.8,407.3,411,2.105,0.195,0.645,,,327.3,0.3273,233.6266
27/04/2017,11:45:00,409.5,408,411.5,2.109,0.564,1.344,,,769.1,0.7691,233.8189
27/04/2017,12:00:00,412.2,410.9,414.4,2.373,1.789,2.601,,,1373,1.373,234.1621
27/04/2017,12:15:00,410.8,409.2,412.5,1.911,0.65,1.62,,,466.2,0.4662,234.2787
27/04/2017,12:30:00,410.8,409.1,412.4,1.993,1.068,1.97,,,658,0.658,234.4432
27/04/2017,12:45:00,410.5,408.8,411.7,2.016,0.4,1.135,,,474.2,0.4742,234.5617
27/04/2017,13:00:00,410.9,409,412.3,1.864,0.598,1.649,,,427.1,0.4271,234.6685
27/04/2017,13:15:00,412.1,410.3,413.3,2.017,0.938,1.777,,,787.3,0.7873,234.8653
27/04/2017,13:30:00,413.3,411.6,415,2.47,1.772,2.659,,,1800,1.8,235.3153
27/04/2017,13:45:00,416.8,415.2,418.4,3.9,4.467,5.305,,,3026,3.026,236.0718
27/04/2017,14:00:00,414,412.4,415.9,2.518,2.448,3.375,,,1645,1.645,236.4831
27/04/2017,14:15:00,411.2,409.7,412.6,2.187,0.016,0.392,,,168.5,0.1685,236.5252
27/04/2017,14:30:00,410.1,409.2,412.7,2.29,0.142,0.366,,,0,0,236.5252
27/04/2017,14:45:00,410.9,409.7,412.6,2.244,0.024,0.36,,,0,0,236.5252
27/04/2017,15:00:00,410.2,409.3,412.7,2.372,0.246,0.308,,,558.6,0.5586,236.6648
27/04/2017,15:15:00,410.2,409.5,412.5,2.515,0.065,0.009,,,582,0.582,236.8103
27/04/2017,15:30:00,409.7,409.5,412.7,2.483,0.126,0.02,,,573,0.573,236.9536
27/04/2017,15:45:00,410.2,409.4,412.7,2.423,0.082,0.02,,,0,0,236.9536
27/04/2017,16:00:00,409.2,409.5,413.3,2.505,0.218,0.027,,,557.6,0.5576,237.093
27/04/2017,16:15:00,411.1,409.8,413.1,2.49,0.17,0.03,,,0,0,237.093
27/04/2017,16:30:00,401.1,406.6,412.9,2.483,0,0,,,557.4,0.5574,237.2323
27/04/2017,16:45:00,409.4,409.5,413.4,2.519,0.078,0.018,,,567.6,0.5676,237.3742
27/04/2017,17:00:00,412.4,410.9,414.3,2.528,0.314,0.011,,,0,0,237.3742
27/04/2017,17:15:00,408.6,409.9,414.3,2.45,0.099,0.134,,,543.9,0.5439,237.5102
27/04/2017,17:30:00,411.2,409.6,413,2.33,0.087,0.092,,,0,0,237.5102
27/04/2017,17:45:00,411.3,409.9,412.9,2.268,0.057,0.101,,,0,0,237.5102
27/04/2017,18:00:00,412.9,411.5,414.6,2.17,0,0.446,,,0,0,237.5102
27/04/2017,18:15:00,412,411.2,414.7,2.605,0.179,0.059,,,0,0,237.5102
27/04/2017,18:30:00,410.9,411.2,415.3,2.59,0,0,,,572.7,0.5727,237.6534
27/04/2017,18:45:00,407.2,409.1,415.3,2.595,0,0,,,547.2,0.5472,237.7902
27/04/2017,19:00:00,407.9,408.2,413.9,2.576,0,0,,,0,0,237.7902
27/04/2017,19:15:00,408.1,408,413.8,2.564,0,0,,,0,0,237.7902
27/04/2017,19:30:00,411.5,410.5,415.1,2.566,0,0,,,0,0,237.7902
27/04/2017,19:45:00,412.6,411.3,415,2.592,0,0,,,0,0,237.7902
27/04/2017,20:00:00,410.1,408.7,412.9,2.527,0,0,,,0,0,237.7902
27/04/2017,20:15:00,409.4,407.9,412.3,2.503,0,0,,,0,0,237.7902
27/04/2017,20:30:00,409.3,407.5,412.4,2.476,0,0,,,0,0,237.7902
27/04/2017,20:45:00,411.8,410,414.6,2.534,0.001,0,,,0,0,237.7902
27/04/2017,21:00:00,411.3,409.6,414.3,2.536,0,0,,,0,0,237.7902
27/04/2017,21:15:00,412,410.2,414.5,2.554,0.001,0,,,0,0,237.7902
27/04/2017,21:30:00,412.3,410.6,415,2.588,0,0,,,0,0,237.7902
27/04/2017,21:45:00,413.1,411.3,415.5,2.626,0,0,,,0,0,237.7902
27/04/2017,22:00:00,411.6,409.9,414.4,2.6,0,0,,,0,0,237.7902
27/04/2017,22:15:00,412.2,410.6,414.7,2.601,0,0,,,0,0,237.7902
27/04/2017,22:30:00,412.3,410.7,414.8,2.615,0,0,,,0,0,237.7902
27/04/2017,22:45:00,412.9,411.3,415.1,2.612,0,0,,,0,0,237.7902
27/04/2017,23:00:00,412.8,411.3,415.4,2.642,0,0,,,0,0,237.7902
27/04/2017,23:15:00,414,412.6,416.4,2.678,0,0,,,0,0,237.7902
27/04/2017,23:30:00,414.8,413.5,417.4,2.706,0,0,,,0,0,237.7902
27/04/2017,23:45:00,415.1,413.8,417.3,2.736,0,0,,,0,0,237.7902
28/04/2017,00:00:00,412.5,411.3,414.9,2.644,0,0,,,0,0,237.7902
28/04/2017,00:15:00,411.2,410,413.2,2.602,0,0,,,0,0,237.7902
28/04/2017,00:30:00,411.1,409.9,413.3,2.597,0,0,,,0,0,237.7902
28/04/2017,00:45:00,411.3,410.1,413.1,2.601,0,0,,,0,0,237.7902
28/04/2017,01:00:00,410.9,409.8,413.1,2.592,0,0,,,0,0,237.7902
28/04/2017,01:15:00,411.4,410.1,413.2,2.615,0,0,,,0,0,237.7902
28/04/2017,01:30:00,411.4,410.2,413.5,2.631,0,0,,,0,0,237.7902
28/04/2017,01:45:00,412,410.7,413.9,2.634,0,0,,,0,0,237.7902
28/04/2017,02:00:00,411.9,410.6,413.9,2.636,0,0,,,0,0,237.7902
28/04/2017,02:15:00,412.1,410.8,413.9,2.635,0,0,,,0,0,237.7902
28/04/2017,02:30:00,411.3,410,413.5,2.614,0,0,,,0,0,237.7902
28/04/2017,02:45:00,411.8,410.6,413.8,2.638,0,0,,,0,0,237.7902
28/04/2017,03:00:00,411.6,410.5,413.8,2.648,0,0,,,0,0,237.7902
28/04/2017,03:15:00,412,410.8,413.9,2.653,0,0,,,0,0,237.7902
28/04/2017,03:30:00,411.5,410.3,413.7,2.638,0,0,,,0,0,237.7902
28/04/2017,03:45:00,411.7,410.4,413.6,2.638,0,0,,,0,0,237.7902
28/04/2017,04:00:00,412.1,410.8,414.3,2.646,0,0,,,0,0,237.7902
28/04/2017,04:15:00,411.9,410.7,413.9,2.645,0,0,,,0,0,237.7902
28/04/2017,04:30:00,411.4,410.2,413.6,2.636,0,0,,,0,0,237.7902
28/04/2017,04:45:00,410.5,409.2,412.5,2.605,0,0,,,0,0,237.7902
28/04/2017,05:00:00,410,408.7,412.3,2.599,0,0,,,0,0,237.7902
28/04/2017,05:15:00,411.4,410.1,413.5,2.632,0,0,,,0,0,237.7902
28/04/2017,05:30:00,412.7,411.3,415,2.655,0,0,,,0,0,237.7902
28/04/2017,05:45:00,412.6,411.1,414.8,2.659,0,0,,,0,0,237.7902
28/04/2017,06:00:00,412.6,411.4,415.3,2.693,0,0,,,0,0,237.7902
28/04/2017,06:15:00,414.5,413.2,416.8,2.735,0,0,,,0,0,237.7902
28/04/2017,06:30:00,413.6,412.4,416.3,2.717,0,0,,,0,0,237.7902
28/04/2017,06:45:00,412.3,411.3,414.9,2.716,0,0,,,0,0,237.7902
28/04/2017,07:00:00,411.2,410.1,413.8,2.638,0,0,,,0,0,237.7902
28/04/2017,07:15:00,411.6,410.3,414.2,2.646,0.001,0,,,0,0,237.7902
28/04/2017,07:30:00,407.6,408.2,412.8,2.615,0,0,,,0,0,237.7902
28/04/2017,07:45:00,407.9,408,412.4,2.63,0,0,,,0,0,237.7902
28/04/2017,08:00:00,408.4,408,411.9,2.603,0.003,0.027,,,0,0,237.7902
28/04/2017,08:15:00,410.7,409.6,412.4,2.005,0.564,1.663,,,564,0.564,237.9312
28/04/2017,08:30:00,413,412,415.1,2.419,2.167,2.885,,,1327,1.327,238.2629
28/04/2017,08:45:00,416,415,417.7,3.908,4.587,5.263,,,2804,2.804,238.9639
28/04/2017,09:00:00,414.9,413.8,416.7,4.114,4.743,5.401,,,3112,3.112,239.7419
28/04/2017,09:15:00,415.8,414.6,417.3,5.17,5.894,6.575,,,3892,3.892,240.7149
28/04/2017,09:30:00,415.3,414,416.9,5.223,5.939,6.662,,,3839,3.839,241.6747
28/04/2017,09:45:00,417.8,416.2,419.2,4.921,5.596,6.361,,,3697,3.697,242.5989
28/04/2017,10:00:00,418.1,416.5,419.9,4.84,5.51,6.322,,,3650,3.65,243.5114
28/04/2017,10:15:00,415,413.2,416.8,3.718,3.699,4.494,,,3215,3.215,244.3152
28/04/2017,10:30:00,406.9,406.6,411.3,2.345,0.366,0.463,,,781.4,0.7814,244.5105
28/04/2017,10:45:00,411.2,409.5,413,2.914,2.391,3.043,,,2457,2.457,245.1248
28/04/2017,11:00:00,406.5,406.7,410.9,2.713,1.409,1.766,,,2551,2.551,245.7625
28/04/2017,11:15:00,412,410.2,413.4,3.678,3.588,4.401,,,3217,3.217,246.5668
28/04/2017,11:30:00,405.5,406,410.3,2.171,0.319,0.672,,,566.2,0.5662,246.7083
28/04/2017,11:45:00,416.5,414.6,417.9,5.403,6.034,6.833,,,4142,4.142,247.7438
28/04/2017,12:00:00,407.5,407.4,411.4,2.684,1.624,2.081,,,2434,2.434,248.3523
28/04/2017,12:15:00,413.5,411.7,414.9,2.446,2.329,3.317,,,1608,1.608,248.7543
28/04/2017,12:30:00,409.2,408.4,412.3,2.162,0.066,0.537,,,150.9,0.1509,248.7921
28/04/2017,12:45:00,412.2,410.5,413.5,2.389,0.744,1.37,,,2870,2.87,249.5096
28/04/2017,13:00:00,417,415.3,418.7,4.005,4.268,5.25,,,3270,3.27,250.3271
28/04/2017,13:15:00,416.1,414.3,417.4,3.608,3.635,4.553,,,2975,2.975,251.0708
28/04/2017,13:30:00,418.6,416.9,420.4,5.364,5.995,6.881,,,4069,4.069,252.0881
28/04/2017,13:45:00,415.5,413.9,417.4,2.992,2.699,3.84,,,2318,2.318,252.6676
28/04/2017,14:00:00,413,411.5,415.3,1.774,0.576,1.787,,,387.2,0.3872,252.7644
28/04/2017,14:15:00,408.3,409.3,413.4,2.362,0.147,0.233,,,559.4,0.5594,252.9042
28/04/2017,14:30:00,412,410.8,414.6,2.179,0.613,0.978,,,561,0.561,253.0445
28/04/2017,14:45:00,417.8,416,419,3.745,4.228,5.105,,,2908,2.908,253.7715
28/04/2017,15:00:00,411,412.2,416.2,2.917,2.02,2.567,,,2606,2.606,254.423
28/04/2017,15:15:00,412.4,411.7,415.3,2.058,0.695,1.36,,,696.1,0.6961,254.597
28/04/2017,15:30:00,415.2,413.5,417,2.296,1.865,2.639,,,1438,1.438,254.9565
28/04/2017,15:45:00,403.9,409.1,414.3,2.471,0.299,0.061,,,530.2,0.5302,255.089
28/04/2017,16:00:00,407.6,409.2,413.8,2.44,0.111,0.053,,,545.8,0.5458,255.2255
28/04/2017,16:15:00,399.4,406.6,412.8,2.406,0.102,0.032,,,516.9,0.5169,255.3547
28/04/2017,16:30:00,408.1,408.7,412.8,2.38,0.048,0,,,536.6,0.5366,255.4889
28/04/2017,16:45:00,404.6,407.3,413.6,2.178,0.674,0.221,,,368.9,0.3689,255.5811
28/04/2017,17:00:00,410.9,408.9,414.7,2.1,0.979,0.448,,,890.9,0.8909,255.8038
28/04/2017,17:15:00,409.4,409.3,415.4,2.196,1.137,0.898,,,1337,1.337,256.1381
28/04/2017,17:30:00,405.1,409.4,415.8,2.165,0.94,0.221,,,239,0.239,256.1978
28/04/2017,17:45:00,408.5,409.2,415.6,2.281,1.066,0.12,,,493,0.493,256.3211
28/04/2017,18:00:00,407.8,409,414.6,2.138,0.865,0.208,,,257.1,0.2571,256.3853
28/04/2017,18:15:00,413.6,410.3,415.6,1.852,0.542,1.423,,,591.6,0.5916,256.5332
28/04/2017,18:30:00,408,407.2,415,2.179,0.843,0.193,,,517.3,0.5173,256.6626
28/04/2017,18:45:00,410.1,408.3,415.3,2.229,1.133,0,,,0,0,256.6626
28/04/2017,19:00:00,411.6,408.5,414.9,2.198,1.133,0,,,0,0,256.6626
28/04/2017,19:15:00,411.9,408.8,414.1,2.226,1.086,0,,,473.6,0.4736,256.781
28/04/2017,19:30:00,412.9,409.4,414.7,2.241,1.09,0,,,0,0,256.781
28/04/2017,19:45:00,412.9,409.5,415.2,2.252,1.097,0,,,0,0,256.781
28/04/2017,20:00:00,412.5,409.3,414.9,2.281,1.071,0,,,0,0,256.781
28/04/2017,20:15:00,411.5,409.8,414.2,2.488,0.036,0,,,0,0,256.781
28/04/2017,20:30:00,412.5,409.4,414.7,2.316,0.951,0,,,0,0,256.781
28/04/2017,20:45:00,413,409.7,415.5,2.303,1.056,0,,,0,0,256.781
28/04/2017,21:00:00,414.3,410.9,416.6,2.328,1.072,0,,,0,0,256.781
28/04/2017,21:15:00,412.7,410.5,415.3,2.436,0.415,0,,,0,0,256.781
28/04/2017,21:30:00,413.4,411.9,415.9,2.549,0,0,,,0,0,256.781
28/04/2017,21:45:00,412.5,411,415.6,2.522,0.004,0,,,0,0,256.781
28/04/2017,22:00:00,410.3,408.8,413.1,2.471,0.001,0,,,0,0,256.781
28/04/2017,22:15:00,410.1,408.8,413.2,2.478,0,0,,,0,0,256.781
28/04/2017,22:30:00,411,409.6,413.7,2.501,0,0,,,0,0,256.781
28/04/2017,22:45:00,411.5,410.1,414.3,2.508,0.001,0,,,0,0,256.781
28/04/2017,23:00:00,411.8,410.5,414.5,2.514,0.001,0,,,0,0,256.781
28/04/2017,23:15:00,412.2,411,415.2,2.538,0.001,0,,,0,0,256.781
28/04/2017,23:30:00,412.6,411.4,415.4,2.546,0.002,0,,,0,0,256.781
28/04/2017,23:45:00,412.1,411.1,415.1,2.57,0,0,,,0,0,256.781
29/04/2017,00:00:00,413.2,412.2,415.8,2.612,0,0,,,0,0,256.781
29/04/2017,00:15:00,413.9,413.1,417.1,2.613,0.003,0,,,0,0,256.781
29/04/2017,00:30:00,415,414.1,417.7,2.639,0.007,0,,,0,0,256.781
29/04/2017,00:45:00,415.5,414.7,418.4,2.658,0.01,0,,,0,0,256.781
29/04/2017,01:00:00,413.4,412.4,415.8,2.583,0.002,0,,,0,0,256.781
29/04/2017,01:15:00,413.1,412.2,415.9,2.58,0.003,0,,,0,0,256.781
29/04/2017,01:30:00,413.7,412.7,416.1,2.604,0.003,0,,,0,0,256.781
29/04/2017,01:45:00,413.4,412.6,416.1,2.61,0.003,0,,,0,0,256.781
29/04/2017,02:00:00,413.6,412.7,416.1,2.604,0.005,0,,,0,0,256.781
29/04/2017,02:15:00,413.8,412.9,416.5,2.694,0.004,0,,,0,0,256.781
29/04/2017,02:30:00,413.5,412.5,416,2.747,0.003,0,,,0,0,256.781
29/04/2017,02:45:00,413.7,412.8,416.4,2.761,0.003,0,,,0,0,256.781
29/04/2017,03:00:00,413.7,412.7,416.2,2.755,0.001,0,,,0,0,256.781
29/04/2017,03:15:00,413.3,412.2,416,2.754,0.001,0,,,0,0,256.781
29/04/2017,03:30:00,413.9,413,416.5,2.764,0.002,0,,,0,0,256.781
29/04/2017,03:45:00,414.4,413.4,417.2,2.779,0.004,0,,,0,0,256.781
29/04/2017,04:00:00,414.2,413.3,416.8,2.777,0.005,0,,,0,0,256.781
29/04/2017,04:15:00,414,413,416.7,2.779,0.003,0,,,0,0,256.781
29/04/2017,04:30:00,414.6,413.6,416.9,2.787,0.003,0,,,0,0,256.781
29/04/2017,04:45:00,414.4,413.5,417.2,2.791,0.002,0,,,0,0,256.781
29/04/2017,05:00:00,413.6,412.5,416.2,2.761,0.002,0,,,0,0,256.781
29/04/2017,05:15:00,413.3,412.3,416.3,2.753,0.003,0,,,0,0,256.781
29/04/2017,05:30:00,414.1,412.7,416.6,2.774,0.004,0,,,0,0,256.781
29/04/2017,05:45:00,413.6,412.2,416.5,2.76,0.003,0,,,0,0,256.781
29/04/2017,06:00:00,413.3,411.7,415.7,2.746,0.001,0,,,0,0,256.781
29/04/2017,06:15:00,412.7,411.2,415.3,2.741,0.001,0,,,0,0,256.781
29/04/2017,06:30:00,413.3,411.7,415.6,2.762,0,0,,,0,0,256.781
29/04/2017,06:45:00,412.8,411.2,415.4,2.727,0,0,,,0,0,256.781
29/04/2017,07:00:00,412.9,411.5,415.2,2.73,0.001,0,,,0,0,256.781
29/04/2017,07:15:00,412.7,411.2,415.2,2.738,0,0,,,0,0,256.781
29/04/2017,07:30:00,409.1,409.9,414.7,2.737,0,0,,,0,0,256.781
29/04/2017,07:45:00,408.7,409.2,414.5,2.717,0.001,0,,,581.6,0.5816,256.9264
29/04/2017,08:00:00,409.9,409.3,413.9,2.71,0,0,,,629.8,0.6298,257.0838
29/04/2017,08:15:00,411.7,410.4,414.1,2.35,0.504,0.852,,,546.3,0.5463,257.2204
29/04/2017,08:30:00,412.2,410.6,414.1,2.132,0.442,1.294,,,295.1,0.2951,257.2942
29/04/2017,08:45:00,416,414.4,418.2,2.777,2.548,3.44,,,1569,1.569,257.6864
29/04/2017,09:00:00,415.3,413.6,417.1,2.925,1.831,2.715,,,2279,2.279,258.2562
29/04/2017,09:15:00,415.7,414,417.7,3.452,3.542,4.344,,,2460,2.46,258.8712
29/04/2017,09:30:00,413.4,412.2,415.7,2.542,1.492,1.957,,,1121,1.121,259.1514
29/04/2017,09:45:00,411.3,410.5,414.6,2.794,0.985,1.237,,,1937,1.937,259.6357
29/04/2017,10:00:00,416.1,414.3,417.6,3.671,3.91,4.649,,,2606,2.606,260.2872
29/04/2017,10:15:00,414.6,412.9,416.5,3.729,3.743,4.413,,,2857,2.857,261.0014
29/04/2017,10:30:00,408,407.5,411.7,2.409,0.681,1.036,,,960.3,0.9603,261.2415
29/04/2017,10:45:00,407.1,406.1,409.9,2.554,0,0,,,585.7,0.5857,261.3879
29/04/2017,11:00:00,408.8,409.3,413.6,2.622,0.37,0.518,,,1582,1.582,261.7834
29/04/2017,11:15:00,414,412.5,415.6,2.449,1.015,1.575,,,1074,1.074,262.0519
29/04/2017,11:30:00,407.9,409.6,413.5,2.685,0.107,0.045,,,597.5,0.5975,262.2013
29/04/2017,11:45:00,410.7,411,414.9,2.714,0.089,0.02,,,596.1,0.5961,262.3503
29/04/2017,12:00:00,412.8,411.3,414.2,2.662,0,0,,,0,0,262.3503
29/04/2017,12:15:00,412.3,411,414,2.656,0,0,,,0,0,262.3503
29/04/2017,12:30:00,404.7,408.7,414,2.69,0.084,0.036,,,581.7,0.5817,262.4957
29/04/2017,12:45:00,413.4,411.5,414.7,2.662,0,0,,,0,0,262.4957
29/04/2017,13:00:00,413.9,412,415,2.676,0,0,,,0,0,262.4957
29/04/2017,13:15:00,413.7,411.8,415.1,2.67,0,0,,,0,0,262.4957
29/04/2017,13:30:00,413.9,412,415.1,2.663,0,0,,,0,0,262.4957
29/04/2017,13:45:00,411.5,411.5,415.8,2.508,0.183,0.437,,,377.7,0.3777,262.5902
29/04/2017,14:00:00,412.6,411.9,415.9,2.623,0.035,0.132,,,625.1,0.6251,262.7464
29/04/2017,14:15:00,414.4,412.1,415.6,2.661,0,0,,,0,0,262.7464
29/04/2017,14:30:00,413.1,411.9,415.9,2.675,0.001,0,,,0,0,262.7464
29/04/2017,14:45:00,413.6,412.1,416.1,2.674,0.001,0,,,0,0,262.7464
29/04/2017,15:00:00,411,412.1,416.2,2.55,0.086,0.327,,,396.8,0.3968,262.8456
29/04/2017,15:15:00,411.9,413,417.5,2.594,0.248,0.478,,,676.6,0.6766,263.0148
29/04/2017,15:30:00,415.1,414,417.7,2.748,0.429,0.591,,,1651,1.651,263.4275
29/04/2017,15:45:00,412.1,413.5,417.7,2.601,0.324,0.594,,,981,0.981,263.6728
29/04/2017,16:00:00,413.2,413.1,417.5,2.747,0.049,0.032,,,642.6,0.6426,263.8334
29/04/2017,16:15:00,415.5,415.1,419.3,2.69,0.63,0.925,,,1334,1.334,264.1669
29/04/2017,16:30:00,421.3,419.8,422.9,3.332,3.702,4.567,,,2206,2.206,264.7184
29/04/2017,16:45:00,421.2,419.6,423,3.063,3.225,4.125,,,1906,1.906,265.1949
29/04/2017,17:00:00,418.6,417,420.2,2.472,1.448,2.309,,,1145,1.145,265.4812
29/04/2017,17:15:00,418.2,416.6,420,2.358,2.036,2.962,,,1055,1.055,265.7449
29/04/2017,17:30:00,418,416.4,419.6,2.17,1.664,2.583,,,764,0.764,265.9359
29/04/2017,17:45:00,419,417.5,420.8,2.601,2.676,3.523,,,1450,1.45,266.2984
29/04/2017,18:00:00,417.6,416,419.1,2.089,1.009,2.166,,,509.6,0.5096,266.4258
29/04/2017,18:15:00,417.5,415.8,419.2,2.046,1.026,2.081,,,408.3,0.4083,266.5279
29/04/2017,18:30:00,417.5,415.7,418.8,2.105,1.001,1.735,,,497.3,0.4973,266.6522
29/04/2017,18:45:00,415.7,413.9,417.3,2.591,0.107,0,,,0,0,266.6522
29/04/2017,19:00:00,406.1,411.7,416.3,2.756,0.204,0.023,,,613.1,0.6131,266.8055
29/04/2017,19:15:00,407.3,409.8,417.7,2.706,0.003,0,,,601.5,0.6015,266.9559
29/04/2017,19:30:00,413,412.6,417.2,2.695,0.002,0,,,0,0,266.9559
29/04/2017,19:45:00,416.1,414.4,417.8,2.708,0.005,0,,,0,0,266.9559
29/04/2017,20:00:00,415.8,414.1,417.5,2.698,0.003,0,,,0,0,266.9559
29/04/2017,20:15:00,413.5,411.5,415.6,2.621,0.004,0,,,0,0,266.9559
29/04/2017,20:30:00,413.4,411.5,415.4,2.625,0.001,0,,,0,0,266.9559
29/04/2017,20:45:00,413.6,411.8,415.8,2.632,0.003,0,,,0,0,266.9559
29/04/2017,21:00:00,414.5,412.6,416.4,2.665,0.003,0,,,0,0,266.9559
29/04/2017,21:15:00,415,413,417.3,2.686,0.008,0,,,0,0,266.9559
29/04/2017,21:30:00,416,414,418.1,2.707,0.01,0,,,0,0,266.9559
29/04/2017,21:45:00,416.5,414.3,418.4,2.757,0.002,0,,,0,0,266.9559
29/04/2017,22:00:00,415.2,413.1,417,2.739,0.001,0,,,0,0,266.9559
29/04/2017,22:15:00,414.1,412,416.3,2.708,0.001,0,,,0,0,266.9559
29/04/2017,22:30:00,414,412,416,2.711,0,0,,,0,0,266.9559
29/04/2017,22:45:00,413.9,411.8,416,2.73,0.001,0,,,0,0,266.9559
29/04/2017,23:00:00,414.7,412.6,416.6,2.754,0,0,,,0,0,266.9559
29/04/2017,23:15:00,414.3,412.4,416.4,2.748,0.002,0,,,0,0,266.9559
29/04/2017,23:30:00,412.4,410.5,414.2,2.704,0,0,,,0,0,266.9559
29/04/2017,23:45:00,410.8,408.9,412.8,2.677,0,0,,,0,0,266.9559
30/04/2017,00:00:00,411.1,409.3,413.1,2.679,0,0,,,0,0,266.9559
30/04/2017,00:15:00,411.6,409.8,413.8,2.689,0,0,,,0,0,266.9559
30/04/2017,00:30:00,410.9,409.2,412.9,2.688,0,0,,,0,0,266.9559
30/04/2017,00:45:00,411,409.4,413.4,2.698,0,0,,,0,0,266.9559
30/04/2017,01:00:00,411.6,409.9,413.7,2.714,0,0,,,0,0,266.9559
30/04/2017,01:15:00,411.9,410.3,414.3,2.727,0,0,,,0,0,266.9559
30/04/2017,01:30:00,413,411.5,415.1,2.759,0,0,,,0,0,266.9559
30/04/2017,01:45:00,412.8,411.3,415.1,2.755,0,0,,,0,0,266.9559
30/04/2017,02:00:00,413.3,411.7,415.4,2.764,0,0,,,0,0,266.9559
30/04/2017,02:15:00,413.8,412.3,416.1,2.781,0,0,,,0,0,266.9559
30/04/2017,02:30:00,414.6,413,416.5,2.801,0,0,,,0,0,266.9559
30/04/2017,02:45:00,414.4,412.8,416.4,2.793,0,0,,,0,0,266.9559
30/04/2017,03:00:00,414.7,412.9,416.4,2.8,0,0,,,0,0,266.9559
30/04/2017,03:15:00,414.9,413.1,416.8,2.81,0,0,,,0,0,266.9559
30/04/2017,03:30:00,414.6,412.8,416.2,2.8,0,0,,,0,0,266.9559
30/04/2017,03:45:00,414.9,413.2,416.9,2.808,0,0,,,0,0,266.9559
30/04/2017,04:00:00,414.9,413.3,416.8,2.802,0,0,,,0,0,266.9559
30/04/2017,04:15:00,414.4,412.9,416.5,2.815,0,0,,,0,0,266.9559
30/04/2017,04:30:00,415,413.3,416.7,2.82,0,0,,,0,0,266.9559
30/04/2017,04:45:00,414.8,413.3,416.9,2.821,0.001,0,,,0,0,266.9559
30/04/2017,05:00:00,414.6,413.1,416.6,2.809,0,0,,,0,0,266.9559
30/04/2017,05:15:00,414.4,412.8,416.4,2.809,0,0,,,0,0,266.9559
30/04/2017,05:30:00,414.4,412.8,416.3,2.805,0,0,,,0,0,266.9559
30/04/2017,05:45:00,414.5,413,416.6,2.816,0,0,,,0,0,266.9559
30/04/2017,06:00:00,414.9,413.3,416.9,2.807,0.002,0,,,0,0,266.9559
30/04/2017,06:15:00,414.6,413.1,416.9,2.801,0,0,,,0,0,266.9559
30/04/2017,06:30:00,414.5,412.9,416.8,2.806,0.002,0,,,0,0,266.9559
30/04/2017,06:45:00,414.7,413.1,417,2.804,0.003,0,,,0,0,266.9559
30/04/2017,07:00:00,415.1,413.8,417.5,2.818,0.001,0,,,0,0,266.9559
30/04/2017,07:15:00,415,413.7,417.4,2.819,0.003,0,,,0,0,266.9559
30/04/2017,07:30:00,413.7,412.8,417.2,2.821,0.001,0,,,0,0,266.9559
30/04/2017,07:45:00,410.9,411.5,416.6,2.799,0.001,0,,,608.9,0.6089,267.1081
30/04/2017,08:00:00,411.2,412,416.5,2.788,0.007,0.047,,,295.4,0.2954,267.182
30/04/2017,08:15:00,416.3,414.7,418.4,2.34,1.956,2.808,,,896.9,0.8969,267.4062
30/04/2017,08:30:00,417.7,416.1,419.8,3.429,3.814,4.652,,,2264,2.264,267.9722
30/04/2017,08:45:00,419.6,418.2,422,5.163,5.772,6.616,,,3729,3.729,268.9044
30/04/2017,09:00:00,420.2,418.7,422.3,5.554,6.211,7.031,,,4082,4.082,269.9249
30/04/2017,09:15:00,421.3,419.5,423.5,5.916,6.596,7.41,,,4371,4.371,271.0177
30/04/2017,09:30:00,422,420.2,423.9,6.147,6.835,7.658,,,4562,4.562,272.1582
30/04/2017,09:45:00,422.3,420.6,424.4,6.391,7.034,7.872,,,4749,4.749,273.3454
30/04/2017,10:00:00,421.8,420,423.8,6.55,7.228,8.055,,,4875,4.875,274.5642
30/04/2017,10:15:00,421.4,419.5,423.5,6.67,7.312,8.133,,,4960,4.96,275.8042
30/04/2017,10:30:00,421.5,419.6,423.3,6.821,7.457,8.278,,,5077,5.077,277.0734
30/04/2017,10:45:00,421.3,419.5,423.5,6.904,7.537,8.383,,,5155,5.155,278.3622
30/04/2017,11:00:00,423,421,424.9,6.713,7.34,8.207,,,5088,5.088,279.6342
30/04/2017,11:15:00,423.5,421.6,425.4,6.695,7.341,8.21,,,5094,5.094,280.9077
30/04/2017,11:30:00,424.9,423,426.4,6.659,7.3,8.177,,,5081,5.081,282.1779
30/04/2017,11:45:00,424.7,422.9,426.5,6.681,7.308,8.177,,,5097,5.097,283.4522
30/04/2017,12:00:00,424.5,422.6,426.1,6.684,7.287,8.169,,,5103,5.103,284.7279
30/04/2017,12:15:00,424.2,422.3,426,6.502,7.085,7.977,,,4966,4.966,285.9694
30/04/2017,12:30:00,424.3,422.4,425.8,6.379,6.964,7.856,,,4879,4.879,287.1892
30/04/2017,12:45:00,423.3,421.5,425.2,6.308,6.882,7.76,,,4814,4.814,288.3927
30/04/2017,13:00:00,422.6,420.7,424.2,5.704,6.19,7.11,,,4417,4.417,289.4969
30/04/2017,13:15:00,420.8,419.6,423.3,5.009,5.211,6.025,,,4147,4.147,290.5337
30/04/2017,13:30:00,420.8,419,422.5,4.638,4.817,5.661,,,3867,3.867,291.5004
30/04/2017,13:45:00,410.9,410.9,415.7,2.365,0.485,0.493,,,2577,2.577,292.1447
30/04/2017,14:00:00,412,412.7,417.6,2.906,1.715,1.979,,,3144,3.144,292.9307
30/04/2017,14:15:00,412.5,413.2,418.1,3.305,2.418,2.814,,,3487,3.487,293.8024
30/04/2017,14:30:00,412.2,412.8,417.2,3.165,1.893,2.134,,,3847,3.847,294.7642
30/04/2017,14:45:00,411.1,409.9,414.2,2.254,0.054,0,,,508.4,0.5084,294.8913
30/04/2017,15:00:00,409.3,410,414.8,2.428,0.557,0.563,,,2751,2.751,295.579
30/04/2017,15:15:00,411,411.1,415.7,2.593,1.077,1.359,,,2622,2.622,296.2345
30/04/2017,15:30:00,409.7,410,414.7,2.296,0.112,0.075,,,601,0.601,296.3848
30/04/2017,15:45:00,406.9,409.3,414.6,2.296,0.057,0.002,,,520.8,0.5208,296.515
30/04/2017,16:00:00,411.2,410.8,415.4,2.421,0.723,0.919,,,2036,2.036,297.024
30/04/2017,16:15:00,410.5,411.7,416.5,2.871,1.701,2.032,,,2789,2.789,297.7212
30/04/2017,16:30:00,412,411,414.5,2.309,0.041,0,,,505.3,0.5053,297.8476
30/04/2017,16:45:00,412.5,411.1,415.4,2.345,0.092,0.023,,,0,0,297.8476
30/04/2017,17:00:00,413.8,411.9,415.4,2.346,0.041,0,,,0,0,297.8476
30/04/2017,17:15:00,410.1,411.3,416.3,2.232,0.866,1.193,,,1182,1.182,298.1431
30/04/2017,17:30:00,416.5,414.6,418.3,1.859,1.694,2.612,,,920.1,0.9201,298.3731
30/04/2017,17:45:00,416,414,417.8,1.744,1.247,2.214,,,630.7,0.6307,298.5308
30/04/2017,18:00:00,415.2,413.4,416.8,1.686,0.102,1.801,,,316,0.316,298.6098
30/04/2017,18:15:00,415.2,413.3,417,1.731,0,1.568,,,135,0.135,298.6435
30/04/2017,18:30:00,414.7,412.8,416.4,1.859,0,1.142,,,7.495,0.0075,298.6454
30/04/2017,18:45:00,414.3,412.4,416.2,2.044,0,0.015,,,0,0,298.6454
30/04/2017,19:00:00,411.2,410.6,415.5,2.376,0.257,0.009,,,0,0,298.6454
30/04/2017,19:15:00,409,409.2,415.5,2.367,0.065,0,,,0,0,298.6454
30/04/2017,19:30:00,413.8,411.9,415.9,2.378,0.079,0,,,0,0,298.6454
30/04/2017,19:45:00,414,411.9,415.8,2.371,0.113,0,,,0,0,298.6454
30/04/2017,20:00:00,413.4,411.1,415.1,2.352,0.064,0,,,0,0,298.6454
30/04/2017,20:15:00,411.8,409.3,413.7,2.319,0.04,0,,,0,0,298.6454
30/04/2017,20:30:00,412.6,409.9,414.2,2.336,0.04,0,,,0,0,298.6454
30/04/2017,20:45:00,413,410.3,414.7,2.361,0.052,0,,,0,0,298.6454
30/04/2017,21:00:00,413.9,411.3,415.4,2.384,0.033,0,,,0,0,298.6454
30/04/2017,21:15:00,413.3,410.9,415.3,2.373,0.04,0,,,0,0,298.6454
30/04/2017,21:30:00,413.6,410.9,415.2,2.378,0.046,0,,,0,0,298.6454
30/04/2017,21:45:00,413.4,410.8,415.2,2.38,0.038,0,,,0,0,298.6454
30/04/2017,22:00:00,414.4,411.8,416.2,2.399,0.045,0,,,0,0,298.6454
30/04/2017,22:15:00,414,411.4,416,2.407,0.031,0,,,0,0,298.6454
30/04/2017,22:30:00,414.9,412.4,416.5,2.435,0.035,0,,,0,0,298.6454
30/04/2017,22:45:00,415.3,412.8,417.1,2.476,0.023,0,,,0,0,298.6454
30/04/2017,23:00:00,415,412.7,416.9,2.476,0.04,0,,,0,0,298.6454
30/04/2017,23:15:00,416.2,414,418.3,2.538,0.042,0,,,0,0,298.6454
30/04/2017,23:30:00,417,414.6,418.6,2.572,0.039,0,,,0,0,298.6454
30/04/2017,23:45:00,415.7,413.3,417.6,2.553,0.016,0,,,0,0,298.6454
,,,,,,,,,,,,
,,,,,,,,,,,,
,,,,,,,,,,,,
,,425,423.4,427,7.523,8.198,8.984,0,0,5636,5.636,298.645395
,,393.6,405.4,409.9,1.686,0,0,0,0,0,0,1.07125
,,414.1911738,413.0611465,416.7643312,3.129142857,1.452503185,1.737321201,#DIV/0!,#DIV/0!,1086.97141,1.08697141,165.8527951
